id,tune,segment_idx,measure,beat,chord_symbol,chord_function,key,iv,ic1,ic2,ic3,ic4,ic5,ic6,iv_sum,forte_class,cardinality,note_count,pitch_classes,relative_pcs,timestamp_ms,dissonance,iv_distance,iv_sum_norm,dissonance_norm,iv_distance_norm
1p64c,Barbados,0,1,0.0,F,I,F major,(122010),1,2,2,0,1,0,6,4-10,4,4,"[0, 7, 9, 10]","[2, 4, 5, 7]",0.0,2.0,0.0,0.057692307692307696,0.10526315789473684,0.0
1p64c,Barbados,1,2,0.0,G,II,F major,(111000),1,1,1,0,0,0,3,3-2A,3,3,"[0, 9, 10]","[2, 3, 5]",2000.0,1.5,1.7320508075688772,0.0,0.07894736842105263,0.10350983390135313
1p64c,Barbados,2,2,2.0,C,V,F major,(010101),0,1,0,1,0,1,3,3-8A,3,3,"[1, 7, 9]","[1, 7, 9]",3000.0,1.3,2.0,0.0,0.06842105263157895,0.11952286093343936
1p64c,Barbados,3,3,0.0,F,I,F major,(143241),1,4,3,2,4,1,15,6-33B,6,8,"[0, 2, 4, 5, 7, 10]","[0, 2, 5, 7, 9, 11]",4000.0,3.8,6.0,0.23076923076923078,0.19999999999999998,0.35856858280031806
1p64c,Barbados,4,4,0.0,C,V,F major,(121110),1,2,1,1,1,0,6,4-11A,4,4,"[0, 2, 9, 10]","[0, 2, 9, 10]",6000.0,2.0,4.358898943540674,0.057692307692307696,0.10526315789473684,0.26049403612586386
1p64c,Barbados,5,4,2.0,F,I,F major,(111111),1,1,1,1,1,1,6,4-29A,4,4,"[2, 3, 5, 9]","[0, 4, 9, 10]",7000.0,2.3,1.4142135623730951,0.057692307692307696,0.12105263157894736,0.08451542547285167
1p64c,Barbados,6,5,0.0,B-,IV,F major,(111120),1,1,1,1,2,0,6,4-14A,4,5,"[0, 5, 7, 8]","[2, 7, 9, 10]",8000.0,1.5,1.4142135623730951,0.057692307692307696,0.07894736842105263,0.08451542547285167
1p64c,Barbados,7,6,0.0,B-,IV,F major,(143241),1,4,3,2,4,1,15,6-33B,6,8,"[0, 3, 5, 7, 9, 10]","[0, 2, 5, 7, 9, 11]",10000.0,3.8,4.358898943540674,0.23076923076923078,0.19999999999999998,0.26049403612586386
1p64c,Barbados,8,8,0.0,F,I,F major,(111000),1,1,1,0,0,0,3,3-2A,3,6,"[0, 9, 10]","[4, 5, 7]",14000.0,1.5,5.830951894845301,0.0,0.07894736842105263,0.3484660262185848
1p64c,Barbados,9,9,0.0,G,II,F major,(132130),1,3,2,1,3,0,10,5-23B,5,7,"[0, 5, 7, 9, 10]","[0, 2, 3, 5, 10]",16000.0,2.5,3.872983346207417,0.1346153846153846,0.13157894736842105,0.23145502494313788
1p64c,Barbados,10,10,0.0,C,V,F major,(010101),0,1,0,1,0,1,3,3-8A,3,4,"[1, 7, 9]","[1, 7, 9]",18000.0,1.3,4.358898943540674,0.0,0.06842105263157895,0.26049403612586386
1p64c,Barbados,11,11,0.0,F,I,F major,(121110),1,2,1,1,1,0,6,4-11A,4,7,"[4, 5, 7, 9]","[0, 2, 4, 11]",20000.0,2.0,2.23606797749979,0.057692307692307696,0.10526315789473684,0.1336306209562122
1p64c,Barbados,12,12,0.0,G,II,F major,(111000),1,1,1,0,0,0,3,3-2A,3,3,"[4, 5, 7]","[0, 9, 10]",22000.0,1.5,1.7320508075688772,0.0,0.07894736842105263,0.10350983390135313
1p64c,Barbados,13,12,2.0,C,V,F major,(121110),1,2,1,1,1,0,6,4-11A,4,4,"[4, 5, 7, 9]","[4, 5, 7, 9]",23000.0,2.0,1.7320508075688772,0.057692307692307696,0.10526315789473684,0.10350983390135313
1p64c,Barbados,14,13,0.0,F,I,F major,(122010),1,2,2,0,1,0,6,4-10,4,4,"[0, 7, 9, 10]","[2, 4, 5, 7]",24000.0,2.0,1.4142135623730951,0.057692307692307696,0.10526315789473684,0.08451542547285167
1p64c,Barbados,15,14,0.0,G,II,F major,(111000),1,1,1,0,0,0,3,3-2A,3,3,"[0, 9, 10]","[2, 3, 5]",26000.0,1.5,1.7320508075688772,0.0,0.07894736842105263,0.10350983390135313
1p64c,Barbados,16,14,2.0,C,V,F major,(010101),0,1,0,1,0,1,3,3-8A,3,3,"[1, 7, 9]","[1, 7, 9]",27000.0,1.3,2.0,0.0,0.06842105263157895,0.11952286093343936
1p64c,Barbados,17,15,0.0,F,I,F major,(143241),1,4,3,2,4,1,15,6-33B,6,8,"[0, 2, 4, 5, 7, 10]","[0, 2, 5, 7, 9, 11]",28000.0,3.8,6.0,0.23076923076923078,0.19999999999999998,0.35856858280031806
1p64c,Barbados,18,16,0.0,C,V,F major,(121110),1,2,1,1,1,0,6,4-11A,4,4,"[0, 2, 9, 10]","[0, 2, 9, 10]",30000.0,2.0,4.358898943540674,0.057692307692307696,0.10526315789473684,0.26049403612586386
1p64c,Barbados,19,16,2.0,F,I,F major,(111111),1,1,1,1,1,1,6,4-29A,4,4,"[2, 3, 5, 9]","[0, 4, 9, 10]",31000.0,2.3,1.4142135623730951,0.057692307692307696,0.12105263157894736,0.08451542547285167
1p64c,Barbados,20,17,0.0,B-,IV,F major,(111120),1,1,1,1,2,0,6,4-14A,4,5,"[0, 5, 7, 8]","[2, 7, 9, 10]",32000.0,1.5,1.4142135623730951,0.057692307692307696,0.07894736842105263,0.08451542547285167
1p64c,Barbados,21,18,0.0,B-,IV,F major,(143241),1,4,3,2,4,1,15,6-33B,6,8,"[0, 3, 5, 7, 9, 10]","[0, 2, 5, 7, 9, 11]",34000.0,3.8,4.358898943540674,0.23076923076923078,0.19999999999999998,0.26049403612586386
1p64c,Barbados,22,20,0.0,F,I,F major,(111000),1,1,1,0,0,0,3,3-2A,3,6,"[0, 9, 10]","[4, 5, 7]",38000.0,1.5,5.830951894845301,0.0,0.07894736842105263,0.3484660262185848
1p64c,Barbados,23,21,0.0,G,II,F major,(132130),1,3,2,1,3,0,10,5-23B,5,7,"[0, 5, 7, 9, 10]","[0, 2, 3, 5, 10]",40000.0,2.5,3.872983346207417,0.1346153846153846,0.13157894736842105,0.23145502494313788
1p64c,Barbados,24,22,0.0,C,V,F major,(010101),0,1,0,1,0,1,3,3-8A,3,4,"[1, 7, 9]","[1, 7, 9]",42000.0,1.3,4.358898943540674,0.0,0.06842105263157895,0.26049403612586386
1p64c,Barbados,25,23,0.0,F,I,F major,(121110),1,2,1,1,1,0,6,4-11A,4,7,"[4, 5, 7, 9]","[0, 2, 4, 11]",44000.0,2.0,2.23606797749979,0.057692307692307696,0.10526315789473684,0.1336306209562122
1p64c,Barbados,26,24,0.0,G,II,F major,(111000),1,1,1,0,0,0,3,3-2A,3,3,"[4, 5, 7]","[0, 9, 10]",46000.0,1.5,1.7320508075688772,0.0,0.07894736842105263,0.10350983390135313
1p64c,Barbados,27,24,2.0,C,V,F major,(121110),1,2,1,1,1,0,6,4-11A,4,4,"[4, 5, 7, 9]","[4, 5, 7, 9]",47000.0,2.0,1.7320508075688772,0.057692307692307696,0.10526315789473684,0.10350983390135313
1p64c,Barbados,28,25,0.0,F,I,F major,(122230),1,2,2,2,3,0,10,5-27A,5,10,"[0, 2, 5, 9, 10]","[0, 4, 5, 7, 9]",48000.0,2.0,2.449489742783178,0.1346153846153846,0.10526315789473684,0.14638501094227996
1p64c,Barbados,29,26,0.0,G,II,F major,(122230),1,2,2,2,3,0,10,5-27A,5,6,"[0, 2, 5, 9, 10]","[2, 3, 5, 7, 10]",50000.0,2.0,0.0,0.1346153846153846,0.10526315789473684,0.0
1p64c,Barbados,30,26,2.0,C,V,F major,(020301),0,2,0,3,0,1,6,4-24,4,5,"[0, 4, 8, 10]","[0, 4, 8, 10]",51000.0,1.8,4.0,0.057692307692307696,0.09473684210526316,0.23904572186687872
1p64c,Barbados,31,27,0.0,F,I,F major,(012120),0,1,2,1,2,0,6,4-26,4,7,"[0, 2, 5, 9]","[0, 4, 7, 9]",52000.0,0.5,3.7416573867739413,0.057692307692307696,0.02631578947368421,0.22360679774997896
1p64c,Barbados,32,28,0.0,C,V,F major,(012120),0,1,2,1,2,0,6,4-26,4,4,"[0, 3, 7, 10]","[0, 3, 7, 10]",54000.0,0.5,0.0,0.057692307692307696,0.02631578947368421,0.0
1p64c,Barbados,33,28,2.0,F,I,F major,(321000),3,2,1,0,0,0,6,4-1,4,4,"[0, 1, 2, 11]","[6, 7, 8, 9]",55000.0,4.0,4.0,0.057692307692307696,0.21052631578947367,0.23904572186687872
1p64c,Barbados,34,29,0.0,B-,IV,F major,(122010),1,2,2,0,1,0,6,4-10,4,5,"[5, 7, 8, 10]","[0, 7, 9, 10]",56000.0,2.0,2.449489742783178,0.057692307692307696,0.10526315789473684,0.14638501094227996
1p64c,Barbados,35,31,0.0,F,I,F major,(232341),2,3,2,3,4,1,15,6-26,6,8,"[0, 2, 4, 5, 9, 10]","[0, 4, 5, 7, 9, 11]",60000.0,4.3,4.58257569495584,0.23076923076923078,0.2263157894736842,0.27386127875258304
1p64c,Barbados,36,32,0.0,F,I,F major,(121110),1,2,1,1,1,0,6,4-11B,4,5,"[0, 2, 3, 10]","[5, 7, 9, 10]",62000.0,2.0,4.123105625617661,0.057692307692307696,0.10526315789473684,0.24640269015229058
1p64c,Barbados,37,32,2.0,D,VI,F major,(111000),1,1,1,0,0,0,3,3-2A,3,5,"[6, 7, 9]","[4, 5, 7]",63000.0,1.5,1.7320508075688772,0.0,0.07894736842105263,0.10350983390135313
1p64c,Barbados,38,33,0.0,G,II,F major,(777663),7,7,7,6,6,3,36,9-2B,9,12,"[0, 1, 2, 3, 4, 5, 6, 7, 10]","[0, 3, 5, 6, 7, 8, 9, 10, 11]",64000.0,12.9,13.74772708486752,0.6346153846153846,0.6789473684210526,0.8215838362577492
1p64c,Barbados,39,34,0.0,C,V,F major,(456553),4,5,6,5,5,3,28,8-27B,8,16,"[0, 1, 3, 4, 5, 7, 9, 10]","[0, 1, 3, 4, 5, 7, 9, 10]",66000.0,8.9,4.0,0.4807692307692308,0.46842105263157896,0.23904572186687872
1p64c,Barbados,40,35,0.0,F,I,F major,(677673),6,7,7,6,7,3,36,9-7B,9,16,"[0, 2, 4, 5, 7, 8, 9, 10, 11]","[0, 2, 3, 4, 5, 6, 7, 9, 11]",68000.0,11.9,3.7416573867739413,0.6346153846153846,0.6263157894736843,0.22360679774997896
1p64c,Barbados,41,36,2.0,C,V,F major,(111000),1,1,1,0,0,0,3,3-2A,3,5,"[0, 9, 10]","[0, 9, 10]",71000.0,1.5,13.820274961085254,0.0,0.07894736842105263,0.8259194011178435
1p64c,Barbados,42,38,0.0,F,I,F major,(143250),1,4,3,2,5,0,15,6-32,6,9,"[0, 2, 4, 5, 7, 9]","[0, 2, 4, 7, 9, 11]",74000.0,3.0,6.48074069840786,0.23076923076923078,0.15789473684210525,0.3872983346207417
1p64c,Barbados,43,39,0.0,F,I,F major,(210021),2,1,0,0,2,1,6,4-6,4,4,"[0, 5, 10, 11]","[0, 5, 6, 7]",76000.0,3.3,5.744562646538029,0.057692307692307696,0.17368421052631577,0.34330328116279757
1p64c,Barbados,44,40,0.0,C,V,F major,(122131),1,2,2,1,3,1,10,5-29B,5,6,"[0, 2, 3, 7, 9]","[0, 2, 3, 7, 9]",78000.0,2.8,2.8284271247461903,0.1346153846153846,0.14736842105263157,0.16903085094570333
1p64c,Barbados,45,42,0.0,B-,IV,F major,(233241),2,3,3,2,4,1,15,6-47B,6,9,"[0, 3, 5, 8, 10, 11]","[0, 1, 2, 5, 7, 10]",82000.0,4.3,2.23606797749979,0.23076923076923078,0.2263157894736842,0.1336306209562122
1p64c,Barbados,46,43,0.0,F,I,F major,(101100),1,0,1,1,0,0,3,3-3B,3,5,"[5, 8, 9]","[0, 3, 4]",84000.0,1.0,5.656854249492381,0.0,0.05263157894736842,0.33806170189140666
1p64c,Barbados,47,44,0.0,A,III,F major,(012120),0,1,2,1,2,0,6,4-26,4,4,"[0, 4, 7, 9]","[0, 3, 7, 10]",86000.0,0.5,2.6457513110645907,0.057692307692307696,0.02631578947368421,0.15811388300841897
1p64c,Barbados,48,44,2.0,A-,bIII,F major,(012120),0,1,2,1,2,0,6,4-26,4,4,"[3, 6, 8, 11]","[0, 3, 7, 10]",87000.0,0.5,0.0,0.057692307692307696,0.02631578947368421,0.0
1p64c,Barbados,49,45,0.0,G,II,F major,(353442),3,5,3,4,4,2,21,7-24B,7,8,"[0, 2, 4, 5, 6, 7, 10]","[0, 3, 5, 7, 9, 10, 11]",88000.0,7.1,6.557438524302,0.34615384615384615,0.3736842105263158,0.3918819064098629
1p64c,Barbados,50,46,0.0,C,V,F major,(020301),0,2,0,3,0,1,6,4-24,4,7,"[0, 4, 8, 10]","[0, 4, 8, 10]",90000.0,1.8,6.708203932499369,0.057692307692307696,0.09473684210526316,0.4008918628686366
1p64c,Barbados,51,47,0.0,F,I,F major,(100110),1,0,0,1,1,0,3,3-4A,3,4,"[0, 7, 8]","[2, 3, 7]",92000.0,1.0,3.3166247903554,0.0,0.05263157894736842,0.19820624179302296
2RfYc,Laird Baird,0,2,0.0,B-,I,Bb major,(001110),0,0,1,1,1,0,3,3-11B,3,5,"[2, 5, 10]","[0, 4, 7]",2000.0,0.0,0.0,0.0,0.0,0.0
2RfYc,Laird Baird,1,3,0.0,A,VII,Bb major,(132130),1,3,2,1,3,0,10,5-23A,5,6,"[0, 2, 7, 9, 10]","[0, 1, 3, 5, 10]",4000.0,2.5,3.872983346207417,0.1346153846153846,0.13157894736842105,0.23145502494313788
2RfYc,Laird Baird,2,3,2.0,D,III,Bb major,(210111),2,1,0,1,1,1,6,4-5A,4,6,"[0, 1, 2, 6]","[0, 4, 10, 11]",5000.0,3.3,3.7416573867739413,0.057692307692307696,0.17368421052631577,0.22360679774997896
2RfYc,Laird Baird,3,4,0.0,G,VI,Bb major,(001110),0,0,1,1,1,0,3,3-11B,3,3,"[2, 5, 10]","[3, 7, 10]",6000.0,0.0,2.6457513110645907,0.0,0.0,0.15811388300841897
2RfYc,Laird Baird,4,5,0.0,F,V,Bb major,(030201),0,3,0,2,0,1,6,4-21,4,6,"[0, 2, 8, 10]","[3, 5, 7, 9]",8000.0,2.3,3.605551275463989,0.057692307692307696,0.12105263157894736,0.21547290184283363
2RfYc,Laird Baird,5,5,2.0,B-,I,Bb major,(012111),0,1,2,1,1,1,6,4-27A,4,4,"[1, 5, 7, 10]","[0, 3, 7, 9]",9000.0,1.3,3.1622776601683795,0.057692307692307696,0.06842105263157895,0.18898223650461363
2RfYc,Laird Baird,6,6,0.0,E-,IV,Bb major,(143241),1,4,3,2,4,1,15,6-33A,6,7,"[1, 3, 5, 8, 10, 11]","[0, 2, 5, 7, 8, 10]",10000.0,3.8,4.58257569495584,0.23076923076923078,0.19999999999999998,0.27386127875258304
2RfYc,Laird Baird,7,7,0.0,E-,IV,Bb major,(223111),2,2,3,1,1,1,10,5-10B,5,8,"[0, 1, 3, 4, 10]","[0, 1, 7, 9, 10]",12000.0,3.8,3.872983346207417,0.1346153846153846,0.19999999999999998,0.23145502494313788
2RfYc,Laird Baird,8,8,0.0,D,III,Bb major,(101220),1,0,1,2,2,0,6,4-20,4,7,"[2, 5, 9, 10]","[0, 3, 7, 8]",14000.0,1.0,3.4641016151377544,0.057692307692307696,0.05263157894736842,0.20701966780270625
2RfYc,Laird Baird,9,9,0.0,D-,bIII,Bb major,(353442),3,5,3,4,4,2,21,7-24B,7,8,"[2, 4, 6, 8, 9, 10, 11]","[1, 3, 5, 7, 8, 9, 10]",16000.0,7.1,6.708203932499369,0.34615384615384615,0.3736842105263158,0.4008918628686366
2RfYc,Laird Baird,10,10,0.0,C,II,Bb major,(434442),4,3,4,4,4,2,21,7-38B,7,8,"[0, 2, 3, 5, 6, 7, 11]","[0, 2, 3, 5, 6, 7, 11]",18000.0,7.1,2.449489742783178,0.34615384615384615,0.3736842105263158,0.14638501094227996
2RfYc,Laird Baird,11,11,0.0,F,V,Bb major,(656542),6,5,6,5,4,2,28,8-3,8,10,"[0, 3, 6, 7, 8, 9, 10, 11]","[1, 2, 3, 4, 5, 6, 7, 10]",20000.0,10.1,3.605551275463989,0.4807692307692308,0.531578947368421,0.21547290184283363
2RfYc,Laird Baird,12,12,0.0,B-,I,Bb major,(332110),3,3,2,1,1,0,10,5-2B,5,5,"[0, 1, 2, 3, 10]","[0, 2, 3, 4, 5]",22000.0,4.5,7.615773105863909,0.1346153846153846,0.23684210526315788,0.45512949491639976
2RfYc,Laird Baird,13,14,0.0,B-,I,Bb major,(543342),5,4,3,3,4,2,21,7-5A,7,9,"[0, 2, 3, 4, 9, 10, 11]","[0, 1, 2, 4, 5, 6, 11]",26000.0,8.6,4.795831523312719,0.34615384615384615,0.4526315789473684,0.2866057521105554
2RfYc,Laird Baird,14,15,0.0,A,VII,Bb major,(111000),1,1,1,0,0,0,3,3-2B,3,3,"[4, 6, 7]","[7, 9, 10]",28000.0,1.5,7.615773105863909,0.0,0.07894736842105263,0.45512949491639976
2RfYc,Laird Baird,15,15,2.0,D,III,Bb major,(111000),1,1,1,0,0,0,3,3-2A,3,4,"[0, 1, 3]","[1, 10, 11]",29000.0,1.5,0.0,0.0,0.07894736842105263,0.0
2RfYc,Laird Baird,16,16,0.0,G,VI,Bb major,(111120),1,1,1,1,2,0,6,4-14A,4,4,"[2, 7, 9, 10]","[0, 2, 3, 7]",30000.0,1.5,2.23606797749979,0.057692307692307696,0.07894736842105263,0.1336306209562122
2RfYc,Laird Baird,17,17,0.0,F,V,Bb major,(001110),0,0,1,1,1,0,3,3-11A,3,4,"[0, 3, 7]","[2, 7, 10]",32000.0,0.0,1.7320508075688772,0.0,0.0,0.10350983390135313
2RfYc,Laird Baird,18,17,2.0,B-,I,Bb major,(000300),0,0,0,3,0,0,3,3-12,3,4,"[2, 6, 10]","[0, 4, 8]",33000.0,0.0,2.449489742783178,0.0,0.0,0.14638501094227996
2RfYc,Laird Baird,19,18,0.0,E-,IV,Bb major,(032221),0,3,2,2,2,1,10,5-34,5,7,"[1, 3, 5, 7, 10]","[0, 2, 4, 7, 10]",34000.0,2.3,4.358898943540674,0.1346153846153846,0.12105263157894736,0.26049403612586386
2RfYc,Laird Baird,20,19,0.0,E-,IV,Bb major,(111000),1,1,1,0,0,0,3,3-2A,3,4,"[0, 1, 3]","[0, 9, 10]",36000.0,1.5,3.872983346207417,0.0,0.07894736842105263,0.23145502494313788
2RfYc,Laird Baird,21,20,0.0,D,III,Bb major,(677673),6,7,7,6,7,3,36,9-7B,9,16,"[0, 2, 3, 5, 6, 7, 8, 9, 10]","[0, 1, 3, 4, 5, 6, 7, 8, 10]",38000.0,11.9,13.820274961085254,0.6346153846153846,0.6263157894736843,0.8259194011178435
2RfYc,Laird Baird,22,21,0.0,D-,bIII,Bb major,(10101010105),10,10,10,10,10,5,55,11-1,11,18,"[0, 1, 3, 4, 5, 6, 7, 8, 9, 10, 11]","[0, 2, 3, 4, 5, 6, 7, 8, 9, 10, 11]",40000.0,19.0,7.937253933193772,1.0,1.0,0.47434164902525694
2RfYc,Laird Baird,23,22,0.0,C,II,Bb major,(233241),2,3,3,2,4,1,15,6-25B,6,7,"[0, 2, 3, 7, 9, 10]","[0, 2, 3, 7, 9, 10]",42000.0,4.3,16.673332000533065,0.23076923076923078,0.2263157894736842,0.9964221709983889
2RfYc,Laird Baird,24,23,0.0,F,V,Bb major,(336333),3,3,6,3,3,3,21,7-31B,7,10,"[0, 1, 3, 4, 7, 9, 10]","[2, 4, 5, 7, 8, 10, 11]",44000.0,6.9,4.0,0.34615384615384615,0.3631578947368421,0.23904572186687872
2RfYc,Laird Baird,25,24,0.0,B-,I,Bb major,(448444),4,4,8,4,4,4,28,8-28,8,11,"[0, 1, 3, 4, 6, 7, 9, 10]","[0, 2, 3, 5, 6, 8, 9, 11]",46000.0,9.2,3.0,0.4807692307692308,0.4842105263157894,0.17928429140015903
2RfYc,Laird Baird,26,25,2.0,F,V,Bb major,(111000),1,1,1,0,0,0,3,3-2A,3,4,"[0, 9, 10]","[4, 5, 7]",49000.0,1.5,10.723805294763608,0.0,0.07894736842105263,0.6408699444616557
2RfYc,Laird Baird,27,26,0.0,B-,I,Bb major,(443352),4,4,3,3,5,2,21,7-14B,7,9,"[0, 2, 3, 4, 5, 9, 10]","[0, 2, 4, 5, 6, 7, 11]",50000.0,7.6,7.745966692414834,0.34615384615384615,0.39999999999999997,0.46291004988627577
2RfYc,Laird Baird,28,28,2.0,C,II,Bb major,(433221),4,3,3,2,2,1,15,6-3A,6,7,"[0, 2, 3, 9, 10, 11]","[0, 2, 3, 9, 10, 11]",55000.0,6.3,3.4641016151377544,0.23076923076923078,0.33157894736842103,0.20701966780270625
2RfYc,Laird Baird,29,29,0.0,F,V,Bb major,(464644),4,6,4,6,4,4,28,8-25,8,8,"[0, 1, 2, 4, 6, 7, 8, 10]","[1, 2, 3, 5, 7, 8, 9, 11]",56000.0,10.2,6.244997998398398,0.4807692307692308,0.5368421052631579,0.37321001364608947
2RfYc,Laird Baird,30,29,2.0,B-,I,Bb major,(654553),6,5,4,5,5,3,28,8-5B,8,8,"[0, 1, 2, 6, 7, 8, 10, 11]","[0, 1, 2, 3, 4, 8, 9, 10]",57000.0,10.9,2.8284271247461903,0.4807692307692308,0.5736842105263158,0.16903085094570333
2RfYc,Laird Baird,31,30,0.0,E-,IV,Bb major,(021120),0,2,1,1,2,0,6,4-22A,4,9,"[3, 5, 7, 10]","[0, 2, 4, 7]",58000.0,1.0,9.38083151964686,0.057692307692307696,0.05263157894736842,0.5606119105813882
2RfYc,Laird Baird,32,31,0.0,E-,IV,Bb major,(021030),0,2,1,0,3,0,6,4-23,4,6,"[0, 5, 7, 10]","[2, 4, 7, 9]",60000.0,1.0,1.4142135623730951,0.057692307692307696,0.05263157894736842,0.08451542547285167
2RfYc,Laird Baird,33,32,0.0,D,III,Bb major,(254361),2,5,4,3,6,1,21,7-35,7,10,"[0, 2, 3, 5, 7, 9, 10]","[0, 1, 3, 5, 7, 8, 10]",62000.0,5.3,6.4031242374328485,0.34615384615384615,0.2789473684210526,0.38265986388511064
2RfYc,Laird Baird,34,33,0.0,D-,bIII,Bb major,(898884),8,9,8,8,8,4,45,10-2,10,15,"[0, 2, 4, 5, 6, 7, 8, 9, 10, 11]","[1, 3, 4, 5, 6, 7, 8, 9, 10, 11]",64000.0,15.7,10.295630140987,0.8076923076923077,0.8263157894736842,0.615281584781658
2RfYc,Laird Baird,35,34,0.0,C,II,Bb major,(335442),3,3,5,4,4,2,21,7-32A,7,9,"[0, 2, 3, 6, 7, 9, 10]","[0, 2, 3, 6, 7, 9, 10]",66000.0,6.1,10.295630140987,0.34615384615384615,0.32105263157894737,0.615281584781658
2RfYc,Laird Baird,36,35,0.0,F,V,Bb major,(122131),1,2,2,1,3,1,10,5-29A,5,11,"[2, 3, 5, 8, 10]","[0, 3, 5, 9, 10]",68000.0,2.8,5.0,0.1346153846153846,0.14736842105263157,0.2988071523335984
2RfYc,Laird Baird,37,38,0.0,B-,I,Bb major,(322210),3,2,2,2,1,0,10,5-3B,5,7,"[2, 3, 5, 6, 7]","[4, 5, 7, 8, 9]",74000.0,4.0,3.1622776601683795,0.1346153846153846,0.21052631578947367,0.18898223650461363
2RfYc,Laird Baird,38,39,0.0,A,VII,Bb major,(233331),2,3,3,3,3,1,15,6-24A,6,6,"[0, 2, 6, 7, 9, 10]","[0, 1, 3, 5, 9, 10]",76000.0,4.3,3.0,0.23076923076923078,0.2263157894736842,0.17928429140015903
2RfYc,Laird Baird,39,39,2.0,D,III,Bb major,(002001),0,0,2,0,0,1,3,3-10,3,3,"[0, 3, 9]","[1, 7, 10]",77000.0,0.8,5.656854249492381,0.0,0.042105263157894736,0.33806170189140666
2RfYc,Laird Baird,40,40,0.0,G,VI,Bb major,(001110),0,0,1,1,1,0,3,3-11A,3,3,"[2, 7, 10]","[0, 3, 7]",78000.0,0.0,2.0,0.0,0.0,0.11952286093343936
2RfYc,Laird Baird,41,40,2.0,C,II,Bb major,(122230),1,2,2,2,3,0,10,5-27A,5,6,"[0, 3, 7, 8, 10]","[0, 3, 7, 8, 10]",79000.0,2.0,3.3166247903554,0.1346153846153846,0.10526315789473684,0.19820624179302296
2RfYc,Laird Baird,42,42,0.0,E-,IV,Bb major,(010020),0,1,0,0,2,0,3,3-9,3,4,"[3, 5, 10]","[0, 2, 7]",82000.0,0.5,3.3166247903554,0.0,0.02631578947368421,0.19820624179302296
2RfYc,Laird Baird,43,43,0.0,E-,IV,Bb major,(122230),1,2,2,2,3,0,10,5-27B,5,7,"[1, 3, 5, 6, 10]","[0, 2, 3, 7, 10]",84000.0,2.0,3.3166247903554,0.1346153846153846,0.10526315789473684,0.19820624179302296
2RfYc,Laird Baird,44,44,0.0,D,III,Bb major,(011010),0,1,1,0,1,0,3,3-7B,3,3,"[0, 2, 9]","[0, 7, 10]",86000.0,0.5,3.3166247903554,0.0,0.02631578947368421,0.19820624179302296
2RfYc,Laird Baird,45,45,0.0,D-,bIII,Bb major,(254361),2,5,4,3,6,1,21,7-35,7,10,"[1, 3, 4, 6, 8, 9, 11]","[0, 2, 3, 5, 7, 8, 10]",88000.0,5.3,8.0,0.34615384615384615,0.2789473684210526,0.47809144373375745
2RfYc,Laird Baird,46,49,0.0,C,II,Bb major,(323430),3,2,3,4,3,0,15,6-14A,6,6,"[0, 1, 4, 8, 9, 11]","[0, 1, 4, 8, 9, 11]",96000.0,4.0,4.69041575982343,0.23076923076923078,0.21052631578947367,0.2803059552906941
2RfYc,Laird Baird,47,49,2.0,F,V,Bb major,(142422),1,4,2,4,2,2,15,6-34B,6,8,"[1, 3, 5, 7, 9, 10]","[0, 2, 4, 5, 8, 10]",97000.0,4.6,3.7416573867739413,0.23076923076923078,0.2421052631578947,0.22360679774997896
2RfYc,Laird Baird,48,50,0.0,B-,I,Bb major,(143241),1,4,3,2,4,1,15,6-33B,6,7,"[0, 3, 5, 7, 9, 10]","[0, 2, 5, 7, 9, 11]",98000.0,3.8,3.1622776601683795,0.23076923076923078,0.19999999999999998,0.18898223650461363
3RfYc,Marmaduke,0,1,0.0,A,III,F major,(111000),1,1,1,0,0,0,3,3-2A,3,3,"[0, 2, 11]","[2, 3, 5]",0.0,1.5,0.0,0.0,0.07894736842105263,0.0
3RfYc,Marmaduke,1,1,2.0,D,VI,F major,(021120),0,2,1,1,2,0,6,4-22B,4,4,"[0, 2, 4, 9]","[0, 2, 7, 10]",1000.0,1.0,2.6457513110645907,0.057692307692307696,0.05263157894736842,0.15811388300841897
3RfYc,Marmaduke,2,2,0.0,G,II,F major,(111000),1,1,1,0,0,0,3,3-2B,3,6,"[7, 9, 10]","[0, 2, 3]",2000.0,1.5,2.6457513110645907,0.0,0.07894736842105263,0.15811388300841897
3RfYc,Marmaduke,3,3,0.0,G,II,F major,(122230),1,2,2,2,3,0,10,5-27B,5,6,"[2, 5, 7, 9, 10]","[0, 2, 3, 7, 10]",4000.0,2.0,3.872983346207417,0.1346153846153846,0.10526315789473684,0.23145502494313788
3RfYc,Marmaduke,4,4,0.0,G,II,F major,(122010),1,2,2,0,1,0,6,4-10,4,9,"[0, 7, 9, 10]","[0, 2, 3, 5]",6000.0,2.0,2.8284271247461903,0.057692307692307696,0.10526315789473684,0.16903085094570333
3RfYc,Marmaduke,5,5,0.0,G,II,F major,(021120),0,2,1,1,2,0,6,4-22B,4,4,"[2, 5, 7, 9]","[0, 2, 7, 10]",8000.0,1.0,2.0,0.057692307692307696,0.05263157894736842,0.11952286093343936
3RfYc,Marmaduke,6,6,0.0,F,I,F major,(122010),1,2,2,0,1,0,6,4-10,4,5,"[2, 4, 5, 7]","[0, 2, 9, 11]",10000.0,2.0,2.0,0.057692307692307696,0.10526315789473684,0.11952286093343936
3RfYc,Marmaduke,7,7,0.0,G,II,F major,(020100),0,2,0,1,0,0,3,3-6,3,4,"[5, 7, 9]","[0, 2, 10]",12000.0,1.0,2.6457513110645907,0.0,0.05263157894736842,0.15811388300841897
3RfYc,Marmaduke,8,7,2.0,C,V,F major,(111000),1,1,1,0,0,0,3,3-2B,3,4,"[0, 1, 10]","[0, 1, 10]",13000.0,1.5,2.0,0.0,0.07894736842105263,0.11952286093343936
3RfYc,Marmaduke,9,9,0.0,A,III,F major,(111000),1,1,1,0,0,0,3,3-2B,3,4,"[0, 2, 3]","[3, 5, 6]",16000.0,1.5,0.0,0.0,0.07894736842105263,0.0
3RfYc,Marmaduke,10,10,0.0,G,II,F major,(111000),1,1,1,0,0,0,3,3-2B,3,6,"[7, 9, 10]","[0, 2, 3]",18000.0,1.5,0.0,0.0,0.07894736842105263,0.0
3RfYc,Marmaduke,11,11,0.0,G,II,F major,(122230),1,2,2,2,3,0,10,5-27B,5,6,"[2, 5, 7, 9, 10]","[0, 2, 3, 7, 10]",20000.0,2.0,3.872983346207417,0.1346153846153846,0.10526315789473684,0.23145502494313788
3RfYc,Marmaduke,12,12,0.0,G,II,F major,(122010),1,2,2,0,1,0,6,4-10,4,9,"[0, 7, 9, 10]","[0, 2, 3, 5]",22000.0,2.0,2.8284271247461903,0.057692307692307696,0.10526315789473684,0.16903085094570333
3RfYc,Marmaduke,13,13,0.0,G,II,F major,(021120),0,2,1,1,2,0,6,4-22B,4,4,"[2, 5, 7, 9]","[0, 2, 7, 10]",24000.0,1.0,2.0,0.057692307692307696,0.05263157894736842,0.11952286093343936
3RfYc,Marmaduke,14,14,0.0,F,I,F major,(122010),1,2,2,0,1,0,6,4-10,4,5,"[2, 4, 5, 7]","[0, 2, 9, 11]",26000.0,2.0,2.0,0.057692307692307696,0.10526315789473684,0.11952286093343936
3RfYc,Marmaduke,15,15,0.0,G,II,F major,(020100),0,2,0,1,0,0,3,3-6,3,4,"[5, 7, 9]","[0, 2, 10]",28000.0,1.0,2.6457513110645907,0.0,0.05263157894736842,0.15811388300841897
3RfYc,Marmaduke,16,15,2.0,C,V,F major,(111000),1,1,1,0,0,0,3,3-2B,3,4,"[0, 1, 10]","[0, 1, 10]",29000.0,1.5,2.0,0.0,0.07894736842105263,0.11952286093343936
3RfYc,Marmaduke,17,17,0.0,F,I,F major,(143250),1,4,3,2,5,0,15,6-32,6,8,"[0, 2, 5, 7, 9, 10]","[0, 2, 4, 5, 7, 9]",32000.0,3.0,6.48074069840786,0.23076923076923078,0.15789473684210525,0.3872983346207417
3RfYc,Marmaduke,18,18,0.0,C,V,F major,(344352),3,4,4,3,5,2,21,7-29A,7,9,"[0, 3, 4, 5, 7, 9, 10]","[0, 3, 4, 5, 7, 9, 10]",34000.0,6.6,3.1622776601683795,0.34615384615384615,0.34736842105263155,0.18898223650461363
3RfYc,Marmaduke,19,20,0.0,B-,IV,F major,(011010),0,1,1,0,1,0,3,3-7B,3,3,"[2, 5, 7]","[4, 7, 9]",38000.0,0.5,7.483314773547883,0.0,0.02631578947368421,0.4472135954999579
3RfYc,Marmaduke,20,21,0.0,B-,IV,F major,(132130),1,3,2,1,3,0,10,5-23B,5,9,"[0, 5, 7, 9, 10]","[0, 2, 7, 9, 11]",40000.0,2.5,3.3166247903554,0.1346153846153846,0.13157894736842105,0.19820624179302296
3RfYc,Marmaduke,21,22,0.0,G,II,F major,(143241),1,4,3,2,4,1,15,6-33A,6,7,"[2, 4, 5, 7, 9, 11]","[0, 2, 4, 7, 9, 10]",42000.0,3.8,2.23606797749979,0.23076923076923078,0.19999999999999998,0.1336306209562122
3RfYc,Marmaduke,22,24,0.0,G,II,F major,(465562),4,6,5,5,6,2,28,8-22A,8,10,"[0, 2, 4, 5, 6, 7, 9, 10]","[0, 2, 3, 5, 7, 9, 10, 11]",46000.0,8.6,5.5677643628300215,0.4807692307692308,0.4526315789473684,0.33273756282434613
3RfYc,Marmaduke,23,25,0.0,C,V,F major,(456553),4,5,6,5,5,3,28,8-27B,8,10,"[0, 1, 3, 4, 5, 7, 9, 10]","[0, 1, 3, 4, 5, 7, 9, 10]",48000.0,8.9,2.0,0.4807692307692308,0.46842105263157896,0.11952286093343936
3RfYc,Marmaduke,24,26,0.0,G,II,F major,(111000),1,1,1,0,0,0,3,3-2B,3,6,"[7, 9, 10]","[0, 2, 3]",50000.0,1.5,10.44030650891055,0.0,0.07894736842105263,0.6239276514834988
3RfYc,Marmaduke,25,27,0.0,G,II,F major,(122230),1,2,2,2,3,0,10,5-27B,5,6,"[2, 5, 7, 9, 10]","[0, 2, 3, 7, 10]",52000.0,2.0,3.872983346207417,0.1346153846153846,0.10526315789473684,0.23145502494313788
3RfYc,Marmaduke,26,28,0.0,G,II,F major,(122010),1,2,2,0,1,0,6,4-10,4,9,"[0, 7, 9, 10]","[0, 2, 3, 5]",54000.0,2.0,2.8284271247461903,0.057692307692307696,0.10526315789473684,0.16903085094570333
3RfYc,Marmaduke,27,29,0.0,G,II,F major,(121321),1,2,1,3,2,1,10,5-30A,5,6,"[1, 2, 5, 7, 9]","[0, 2, 6, 7, 10]",56000.0,2.8,3.4641016151377544,0.1346153846153846,0.14736842105263157,0.20701966780270625
3RfYc,Marmaduke,28,30,0.0,F,I,F major,(122010),1,2,2,0,1,0,6,4-10,4,5,"[2, 4, 5, 7]","[0, 2, 9, 11]",58000.0,2.0,3.4641016151377544,0.057692307692307696,0.10526315789473684,0.20701966780270625
3RfYc,Marmaduke,29,31,0.0,G,II,F major,(020100),0,2,0,1,0,0,3,3-6,3,4,"[5, 7, 9]","[0, 2, 10]",60000.0,1.0,2.6457513110645907,0.0,0.05263157894736842,0.15811388300841897
3RfYc,Marmaduke,30,31,2.0,C,V,F major,(111000),1,1,1,0,0,0,3,3-2B,3,4,"[0, 1, 10]","[0, 1, 10]",61000.0,1.5,2.0,0.0,0.07894736842105263,0.11952286093343936
3RfYc,Marmaduke,31,33,0.0,A,III,F major,(122010),1,2,2,0,1,0,6,4-10,4,5,"[0, 7, 9, 10]","[0, 1, 3, 10]",64000.0,2.0,1.7320508075688772,0.057692307692307696,0.10526315789473684,0.10350983390135313
3RfYc,Marmaduke,32,33,2.0,D,VI,F major,(111000),1,1,1,0,0,0,3,3-2A,3,4,"[6, 7, 9]","[4, 5, 7]",65000.0,1.5,1.7320508075688772,0.0,0.07894736842105263,0.10350983390135313
3RfYc,Marmaduke,33,34,0.0,G,II,F major,(132130),1,3,2,1,3,0,10,5-23A,5,9,"[2, 4, 5, 7, 9]","[0, 2, 7, 9, 10]",66000.0,2.5,3.872983346207417,0.1346153846153846,0.13157894736842105,0.23145502494313788
3RfYc,Marmaduke,34,35,0.0,G,II,F major,(122010),1,2,2,0,1,0,6,4-10,4,5,"[0, 7, 9, 10]","[0, 2, 3, 5]",68000.0,2.0,2.449489742783178,0.057692307692307696,0.10526315789473684,0.14638501094227996
3RfYc,Marmaduke,35,36,0.0,G,II,F major,(323430),3,2,3,4,3,0,15,6-14A,6,6,"[0, 1, 2, 5, 9, 10]","[2, 3, 5, 6, 7, 10]",70000.0,4.0,5.0,0.23076923076923078,0.21052631578947367,0.2988071523335984
3RfYc,Marmaduke,36,37,0.0,G,II,F major,(101100),1,0,1,1,0,0,3,3-3A,3,3,"[0, 8, 9]","[1, 2, 5]",72000.0,1.0,5.477225575051661,0.0,0.05263157894736842,0.32732683535398854
3RfYc,Marmaduke,37,38,0.0,F,I,F major,(222121),2,2,2,1,2,1,10,5-36B,5,5,"[0, 3, 5, 6, 7]","[0, 1, 2, 7, 10]",74000.0,3.8,3.3166247903554,0.1346153846153846,0.19999999999999998,0.19820624179302296
3RfYc,Marmaduke,38,39,0.0,G,II,F major,(012120),0,1,2,1,2,0,6,4-26,4,4,"[2, 5, 7, 10]","[0, 3, 7, 10]",76000.0,0.5,2.449489742783178,0.057692307692307696,0.02631578947368421,0.14638501094227996
3RfYc,Marmaduke,39,39,2.0,C,V,F major,(111120),1,1,1,1,2,0,6,4-14A,4,4,"[0, 1, 5, 10]","[0, 1, 5, 10]",77000.0,1.5,1.4142135623730951,0.057692307692307696,0.07894736842105263,0.08451542547285167
3RfYc,Marmaduke,40,40,0.0,F,I,F major,(021120),0,2,1,1,2,0,6,4-22B,4,5,"[0, 2, 4, 9]","[4, 7, 9, 11]",78000.0,1.0,1.4142135623730951,0.057692307692307696,0.05263157894736842,0.08451542547285167
3RfYc,Marmaduke,41,42,0.0,G,II,F major,(122311),1,2,2,3,1,1,10,5-26A,5,7,"[2, 4, 6, 7, 10]","[0, 3, 7, 9, 11]",82000.0,2.8,2.8284271247461903,0.1346153846153846,0.14736842105263157,0.16903085094570333
3RfYc,Marmaduke,42,43,0.0,G,II,F major,(321000),3,2,1,0,0,0,6,4-1,4,5,"[2, 3, 4, 5]","[7, 8, 9, 10]",84000.0,4.0,4.0,0.057692307692307696,0.21052631578947367,0.23904572186687872
3RfYc,Marmaduke,43,44,0.0,G,II,F major,(001110),0,0,1,1,1,0,3,3-11A,3,4,"[2, 7, 10]","[0, 3, 7]",86000.0,0.0,3.872983346207417,0.0,0.0,0.23145502494313788
3RfYc,Marmaduke,44,45,0.0,G,II,F major,(111000),1,1,1,0,0,0,3,3-2A,3,4,"[0, 9, 10]","[2, 3, 5]",88000.0,1.5,2.0,0.0,0.07894736842105263,0.11952286093343936
3RfYc,Marmaduke,45,45,2.0,C,V,F major,(122010),1,2,2,0,1,0,6,4-10,4,5,"[0, 1, 3, 10]","[0, 1, 3, 10]",89000.0,2.0,1.7320508075688772,0.057692307692307696,0.10526315789473684,0.10350983390135313
3RfYc,Marmaduke,46,46,0.0,F,I,F major,(223111),2,2,3,1,1,1,10,5-10A,5,8,"[0, 6, 7, 9, 10]","[1, 2, 4, 5, 7]",90000.0,3.8,2.0,0.1346153846153846,0.19999999999999998,0.11952286093343936
3RfYc,Marmaduke,47,47,0.0,G,II,F major,(111111),1,1,1,1,1,1,6,4-29A,4,5,"[2, 3, 5, 9]","[2, 7, 8, 10]",92000.0,2.3,2.449489742783178,0.057692307692307696,0.12105263157894736,0.14638501094227996
3RfYc,Marmaduke,48,47,2.0,C,V,F major,(321000),3,2,1,0,0,0,6,4-1,4,4,"[0, 1, 10, 11]","[0, 1, 10, 11]",93000.0,4.0,2.8284271247461903,0.057692307692307696,0.21052631578947367,0.16903085094570333
3RfYc,Marmaduke,49,48,0.0,F,I,F major,(343230),3,4,3,2,3,0,15,6-8,6,7,"[0, 5, 7, 8, 9, 10]","[0, 2, 3, 4, 5, 7]",94000.0,5.0,4.58257569495584,0.23076923076923078,0.2631578947368421,0.27386127875258304
3RfYc,Marmaduke,50,50,0.0,C,V,F major,(233241),2,3,3,2,4,1,15,6-25B,6,8,"[0, 2, 3, 7, 9, 10]","[0, 2, 3, 7, 9, 10]",98000.0,4.3,2.0,0.23076923076923078,0.2263157894736842,0.11952286093343936
3RfYc,Marmaduke,51,51,0.0,F,I,F major,(224232),2,2,4,2,3,2,15,6-29,6,7,"[0, 1, 3, 6, 8, 9]","[1, 3, 4, 7, 8, 10]",100000.0,4.6,2.0,0.23076923076923078,0.2421052631578947,0.11952286093343936
3RfYc,Marmaduke,52,52,0.0,B-,IV,F major,(543210),5,4,3,2,1,0,15,6-1,6,10,"[0, 1, 2, 3, 4, 5]","[2, 3, 4, 5, 6, 7]",102000.0,7.0,4.69041575982343,0.23076923076923078,0.3684210526315789,0.2803059552906941
3RfYc,Marmaduke,53,54,0.0,G,II,F major,(353442),3,5,3,4,4,2,21,7-24A,7,9,"[2, 3, 4, 5, 7, 9, 11]","[0, 2, 4, 7, 8, 9, 10]",106000.0,7.1,4.69041575982343,0.34615384615384615,0.3736842105263158,0.2803059552906941
3RfYc,Marmaduke,54,55,0.0,G,II,F major,(000300),0,0,0,3,0,0,3,3-12,3,5,"[1, 5, 9]","[2, 6, 10]",108000.0,0.0,8.0,0.0,0.0,0.47809144373375745
3RfYc,Marmaduke,55,56,0.0,G,II,F major,(433452),4,3,3,4,5,2,21,7-20B,7,8,"[0, 1, 2, 5, 6, 7, 10]","[0, 3, 5, 6, 7, 10, 11]",110000.0,7.1,8.0,0.34615384615384615,0.3736842105263158,0.47809144373375745
3RfYc,Marmaduke,56,57,0.0,C,V,F major,(254361),2,5,4,3,6,1,21,7-35,7,9,"[0, 2, 4, 5, 7, 9, 10]","[0, 2, 4, 5, 7, 9, 10]",112000.0,5.3,3.4641016151377544,0.34615384615384615,0.2789473684210526,0.20701966780270625
3RfYc,Marmaduke,57,59,0.0,G,II,F major,(011010),0,1,1,0,1,0,3,3-7A,3,4,"[0, 7, 9]","[0, 2, 5]",116000.0,0.5,8.0,0.0,0.02631578947368421,0.47809144373375745
3RfYc,Marmaduke,58,60,0.0,G,II,F major,(122230),1,2,2,2,3,0,10,5-27A,5,6,"[0, 2, 4, 7, 11]","[0, 4, 5, 7, 9]",118000.0,2.0,3.3166247903554,0.1346153846153846,0.10526315789473684,0.19820624179302296
3RfYc,Marmaduke,59,61,0.0,G,II,F major,(111000),1,1,1,0,0,0,3,3-2A,3,5,"[0, 9, 10]","[2, 3, 5]",120000.0,1.5,3.872983346207417,0.0,0.07894736842105263,0.23145502494313788
3RfYc,Marmaduke,60,61,2.0,C,V,F major,(020301),0,2,0,3,0,1,6,4-24,4,4,"[0, 4, 8, 10]","[0, 4, 8, 10]",121000.0,1.8,3.605551275463989,0.057692307692307696,0.09473684210526316,0.21547290184283363
3RfYc,Marmaduke,61,62,0.0,F,I,F major,(333321),3,3,3,3,2,1,15,6-39A,6,6,"[0, 4, 6, 7, 8, 9]","[1, 2, 3, 4, 7, 11]",122000.0,5.3,4.795831523312719,0.23076923076923078,0.2789473684210526,0.2866057521105554
3RfYc,Marmaduke,62,63,0.0,G,II,F major,(111111),1,1,1,1,1,1,6,4-29A,4,5,"[2, 3, 5, 9]","[2, 7, 8, 10]",124000.0,2.3,4.123105625617661,0.057692307692307696,0.12105263157894736,0.24640269015229058
3RfYc,Marmaduke,63,63,2.0,C,V,F major,(321000),3,2,1,0,0,0,6,4-1,4,4,"[0, 1, 10, 11]","[0, 1, 10, 11]",125000.0,4.0,2.8284271247461903,0.057692307692307696,0.21052631578947367,0.16903085094570333
3RfYc,Marmaduke,64,64,0.0,F,I,F major,(111120),1,1,1,1,2,0,6,4-14B,4,7,"[0, 5, 9, 10]","[0, 4, 5, 7]",126000.0,1.5,3.1622776601683795,0.057692307692307696,0.07894736842105263,0.18898223650461363
3RfYc,Marmaduke,65,65,2.0,D,VI,F major,(001110),0,0,1,1,1,0,3,3-11A,3,3,"[0, 4, 9]","[2, 7, 10]",129000.0,0.0,1.7320508075688772,0.0,0.0,0.10350983390135313
6Cbwc,Dewey Square,0,1,0.0,E-,I,Eb major,(122230),1,2,2,2,3,0,10,5-27B,5,6,"[0, 2, 3, 7, 10]","[0, 4, 7, 9, 11]",0.0,2.0,0.0,0.1346153846153846,0.10526315789473684,0.0
6Cbwc,Dewey Square,1,2,0.0,A-,IV,Eb major,(121110),1,2,1,1,1,0,6,4-11B,4,6,"[3, 5, 7, 8]","[0, 7, 9, 11]",2000.0,2.0,2.449489742783178,0.057692307692307696,0.10526315789473684,0.14638501094227996
6Cbwc,Dewey Square,2,3,0.0,E-,I,Eb major,(011010),0,1,1,0,1,0,3,3-7B,3,4,"[0, 7, 10]","[4, 7, 9]",4000.0,0.5,1.7320508075688772,0.0,0.02631578947368421,0.10350983390135313
6Cbwc,Dewey Square,3,3,2.0,D-,bVII,Eb major,(100011),1,0,0,0,1,1,3,3-5B,3,3,"[0, 1, 7]","[0, 6, 11]",5000.0,1.8,2.0,0.0,0.09473684210526316,0.11952286093343936
6Cbwc,Dewey Square,4,4,0.0,C,VI,Eb major,(122010),1,2,2,0,1,0,6,4-10,4,5,"[0, 2, 3, 5]","[0, 2, 3, 5]",6000.0,2.0,3.0,0.057692307692307696,0.10526315789473684,0.17928429140015903
6Cbwc,Dewey Square,5,5,0.0,F,II,Eb major,(020301),0,2,0,3,0,1,6,4-24,4,6,"[3, 5, 7, 11]","[0, 2, 6, 10]",8000.0,1.8,4.0,0.057692307692307696,0.09473684210526316,0.23904572186687872
6Cbwc,Dewey Square,6,6,0.0,F,II,Eb major,(111000),1,1,1,0,0,0,3,3-2A,3,3,"[7, 8, 10]","[2, 3, 5]",10000.0,1.5,3.605551275463989,0.0,0.07894736842105263,0.21547290184283363
6Cbwc,Dewey Square,7,6,2.0,B-,V,Eb major,(122010),1,2,2,0,1,0,6,4-10,4,4,"[5, 7, 8, 10]","[0, 7, 9, 10]",11000.0,2.0,1.7320508075688772,0.057692307692307696,0.10526315789473684,0.10350983390135313
6Cbwc,Dewey Square,8,9,0.0,E-,I,Eb major,(122230),1,2,2,2,3,0,10,5-27B,5,6,"[0, 2, 3, 7, 10]","[0, 4, 7, 9, 11]",16000.0,2.0,2.8284271247461903,0.1346153846153846,0.10526315789473684,0.16903085094570333
6Cbwc,Dewey Square,9,10,0.0,A-,IV,Eb major,(121110),1,2,1,1,1,0,6,4-11B,4,6,"[3, 5, 7, 8]","[0, 7, 9, 11]",18000.0,2.0,2.449489742783178,0.057692307692307696,0.10526315789473684,0.14638501094227996
6Cbwc,Dewey Square,10,11,0.0,E-,I,Eb major,(011010),0,1,1,0,1,0,3,3-7B,3,4,"[0, 7, 10]","[4, 7, 9]",20000.0,0.5,1.7320508075688772,0.0,0.02631578947368421,0.10350983390135313
6Cbwc,Dewey Square,11,11,2.0,D-,bVII,Eb major,(100011),1,0,0,0,1,1,3,3-5B,3,3,"[0, 1, 7]","[0, 6, 11]",21000.0,1.8,2.0,0.0,0.09473684210526316,0.11952286093343936
6Cbwc,Dewey Square,12,12,0.0,C,VI,Eb major,(122010),1,2,2,0,1,0,6,4-10,4,5,"[0, 2, 3, 5]","[0, 2, 3, 5]",22000.0,2.0,3.0,0.057692307692307696,0.10526315789473684,0.17928429140015903
6Cbwc,Dewey Square,13,13,0.0,F,II,Eb major,(020301),0,2,0,3,0,1,6,4-24,4,6,"[3, 5, 7, 11]","[0, 2, 6, 10]",24000.0,1.8,4.0,0.057692307692307696,0.09473684210526316,0.23904572186687872
6Cbwc,Dewey Square,14,14,0.0,F,II,Eb major,(111000),1,1,1,0,0,0,3,3-2A,3,3,"[7, 8, 10]","[2, 3, 5]",26000.0,1.5,3.605551275463989,0.0,0.07894736842105263,0.21547290184283363
6Cbwc,Dewey Square,15,14,2.0,B-,V,Eb major,(122010),1,2,2,0,1,0,6,4-10,4,4,"[5, 7, 8, 10]","[0, 7, 9, 10]",27000.0,2.0,1.7320508075688772,0.057692307692307696,0.10526315789473684,0.10350983390135313
6Cbwc,Dewey Square,16,16,0.0,E-,I,Eb major,(210000),2,1,0,0,0,0,3,3-1,3,5,"[0, 10, 11]","[7, 8, 9]",30000.0,2.5,2.6457513110645907,0.0,0.13157894736842105,0.15811388300841897
6Cbwc,Dewey Square,17,17,0.0,A-,IV,Eb major,(344451),3,4,4,4,5,1,21,7-27B,7,11,"[0, 3, 5, 7, 8, 10, 11]","[0, 2, 3, 4, 7, 9, 11]",32000.0,5.8,8.246211251235321,0.34615384615384615,0.30526315789473685,0.49280538030458115
6Cbwc,Dewey Square,18,18,0.0,A-,IV,Eb major,(123121),1,2,3,1,2,1,10,5-25A,5,5,"[3, 5, 6, 8, 11]","[0, 3, 7, 9, 10]",34000.0,2.8,5.196152422706632,0.1346153846153846,0.14736842105263157,0.3105295017040594
6Cbwc,Dewey Square,19,18,2.0,D-,bVII,Eb major,(111000),1,1,1,0,0,0,3,3-2A,3,3,"[2, 3, 5]","[1, 2, 4]",35000.0,1.5,3.3166247903554,0.0,0.07894736842105263,0.19820624179302296
6Cbwc,Dewey Square,20,19,0.0,E-,I,Eb major,(132130),1,3,2,1,3,0,10,5-23B,5,5,"[0, 2, 3, 5, 10]","[0, 2, 7, 9, 11]",36000.0,2.5,3.872983346207417,0.1346153846153846,0.13157894736842105,0.23145502494313788
6Cbwc,Dewey Square,21,20,0.0,E-,I,Eb major,(321000),3,2,1,0,0,0,6,4-1,4,4,"[0, 1, 2, 11]","[8, 9, 10, 11]",38000.0,4.0,4.0,0.057692307692307696,0.21052631578947367,0.23904572186687872
6Cbwc,Dewey Square,22,20,2.0,C,VI,Eb major,(225222),2,2,5,2,2,2,15,6-27A,6,8,"[1, 4, 5, 7, 8, 10]","[1, 4, 5, 7, 8, 10]",39000.0,4.6,5.385164807134504,0.23076923076923078,0.2421052631578947,0.3218251521733945
6Cbwc,Dewey Square,23,21,0.0,F,II,Eb major,(543342),5,4,3,3,4,2,21,7-5B,7,9,"[0, 1, 2, 7, 8, 9, 11]","[2, 3, 4, 6, 7, 8, 9]",40000.0,8.6,4.69041575982343,0.34615384615384615,0.4526315789473684,0.2803059552906941
6Cbwc,Dewey Square,24,22,0.0,F,II,Eb major,(233241),2,3,3,2,4,1,15,6-25B,6,11,"[0, 2, 3, 5, 7, 8]","[0, 2, 3, 7, 9, 10]",42000.0,4.3,3.4641016151377544,0.23076923076923078,0.2263157894736842,0.20701966780270625
6Cbwc,Dewey Square,25,23,0.0,F,II,Eb major,(544431),5,4,4,4,3,1,21,7-3A,7,8,"[0, 3, 7, 8, 9, 10, 11]","[2, 3, 4, 5, 6, 7, 10]",44000.0,7.8,4.0,0.34615384615384615,0.4105263157894737,0.23904572186687872
6Cbwc,Dewey Square,26,24,0.0,B-,V,Eb major,(322210),3,2,2,2,1,0,10,5-3B,5,8,"[5, 6, 8, 9, 10]","[0, 7, 8, 10, 11]",46000.0,4.0,4.58257569495584,0.1346153846153846,0.21052631578947367,0.27386127875258304
6Cbwc,Dewey Square,27,25,0.0,E-,I,Eb major,(122230),1,2,2,2,3,0,10,5-27B,5,6,"[0, 2, 3, 7, 10]","[0, 4, 7, 9, 11]",48000.0,2.0,2.8284271247461903,0.1346153846153846,0.10526315789473684,0.16903085094570333
6Cbwc,Dewey Square,28,26,0.0,A-,IV,Eb major,(121110),1,2,1,1,1,0,6,4-11B,4,6,"[3, 5, 7, 8]","[0, 7, 9, 11]",50000.0,2.0,2.449489742783178,0.057692307692307696,0.10526315789473684,0.14638501094227996
6Cbwc,Dewey Square,29,27,0.0,E-,I,Eb major,(011010),0,1,1,0,1,0,3,3-7B,3,4,"[0, 7, 10]","[4, 7, 9]",52000.0,0.5,1.7320508075688772,0.0,0.02631578947368421,0.10350983390135313
6Cbwc,Dewey Square,30,27,2.0,D-,bVII,Eb major,(100011),1,0,0,0,1,1,3,3-5B,3,3,"[0, 1, 7]","[0, 6, 11]",53000.0,1.8,2.0,0.0,0.09473684210526316,0.11952286093343936
6Cbwc,Dewey Square,31,28,0.0,C,VI,Eb major,(122010),1,2,2,0,1,0,6,4-10,4,5,"[0, 2, 3, 5]","[0, 2, 3, 5]",54000.0,2.0,3.0,0.057692307692307696,0.10526315789473684,0.17928429140015903
6Cbwc,Dewey Square,32,29,0.0,F,II,Eb major,(020301),0,2,0,3,0,1,6,4-24,4,6,"[3, 5, 7, 11]","[0, 2, 6, 10]",56000.0,1.8,4.0,0.057692307692307696,0.09473684210526316,0.23904572186687872
6Cbwc,Dewey Square,33,30,0.0,F,II,Eb major,(111000),1,1,1,0,0,0,3,3-2A,3,3,"[7, 8, 10]","[2, 3, 5]",58000.0,1.5,3.605551275463989,0.0,0.07894736842105263,0.21547290184283363
6Cbwc,Dewey Square,34,30,2.0,B-,V,Eb major,(122010),1,2,2,0,1,0,6,4-10,4,4,"[5, 7, 8, 10]","[0, 7, 9, 10]",59000.0,2.0,1.7320508075688772,0.057692307692307696,0.10526315789473684,0.10350983390135313
6Cbwc,Dewey Square,35,32,0.0,E-,I,Eb major,(111120),1,1,1,1,2,0,6,4-14B,4,7,"[2, 3, 5, 10]","[0, 2, 7, 11]",62000.0,1.5,2.0,0.057692307692307696,0.07894736842105263,0.11952286093343936
6Cbwc,Dewey Square,36,33,0.0,E-,I,Eb major,(345342),3,4,5,3,4,2,21,7-25B,7,8,"[0, 2, 5, 7, 8, 10, 11]","[2, 4, 5, 7, 8, 9, 11]",64000.0,6.6,6.4031242374328485,0.34615384615384615,0.34736842105263155,0.38265986388511064
6Cbwc,Dewey Square,37,34,0.0,A-,IV,Eb major,(342231),3,4,2,2,3,1,15,6-9A,6,8,"[1, 3, 8, 9, 10, 11]","[0, 1, 2, 3, 5, 7]",66000.0,5.8,3.4641016151377544,0.23076923076923078,0.30526315789473685,0.20701966780270625
6Cbwc,Dewey Square,38,36,0.0,C,VI,Eb major,(456553),4,5,6,5,5,3,28,8-27A,8,9,"[0, 1, 2, 4, 5, 7, 8, 10]","[0, 1, 2, 4, 5, 7, 8, 10]",70000.0,8.9,5.916079783099616,0.4807692307692308,0.46842105263157896,0.3535533905932738
6Cbwc,Dewey Square,39,37,0.0,F,II,Eb major,(444441),4,4,4,4,4,1,21,7-11B,7,9,"[0, 2, 3, 7, 9, 10, 11]","[2, 4, 5, 6, 7, 9, 10]",72000.0,6.8,3.3166247903554,0.34615384615384615,0.35789473684210527,0.19820624179302296
6Cbwc,Dewey Square,40,38,0.0,F,II,Eb major,(221100),2,2,1,1,0,0,6,4-2A,4,4,"[6, 7, 8, 10]","[1, 2, 3, 5]",74000.0,3.0,6.557438524302,0.057692307692307696,0.15789473684210525,0.3918819064098629
6Cbwc,Dewey Square,41,38,2.0,B-,V,Eb major,(242412),2,4,2,4,1,2,15,6-21A,6,6,"[0, 2, 6, 8, 9, 10]","[0, 2, 4, 8, 10, 11]",75000.0,5.6,4.358898943540674,0.23076923076923078,0.29473684210526313,0.26049403612586386
6Cbwc,Dewey Square,42,39,0.0,E-,I,Eb major,(344451),3,4,4,4,5,1,21,7-27B,7,8,"[0, 2, 3, 5, 6, 7, 10]","[0, 2, 3, 4, 7, 9, 11]",76000.0,5.8,4.69041575982343,0.34615384615384615,0.30526315789473685,0.2803059552906941
6Cbwc,Dewey Square,43,40,0.0,F,II,Eb major,(221100),2,2,1,1,0,0,6,4-2A,4,4,"[0, 8, 9, 10]","[3, 4, 5, 7]",78000.0,3.0,7.0,0.057692307692307696,0.15789473684210525,0.4183300132670378
6Cbwc,Dewey Square,44,42,0.0,A-,IV,Eb major,(322111),3,2,2,1,1,1,10,5-4B,5,5,"[3, 6, 7, 8, 9]","[0, 1, 7, 10, 11]",82000.0,4.8,2.0,0.1346153846153846,0.25263157894736843,0.11952286093343936
6Cbwc,Dewey Square,45,43,0.0,E-,I,Eb major,(122010),1,2,2,0,1,0,6,4-10,4,6,"[5, 7, 8, 10]","[2, 4, 5, 7]",84000.0,2.0,2.449489742783178,0.057692307692307696,0.10526315789473684,0.14638501094227996
6Cbwc,Dewey Square,46,43,2.0,D-,bVII,Eb major,(122010),1,2,2,0,1,0,6,4-10,4,4,"[0, 1, 3, 10]","[0, 2, 9, 11]",85000.0,2.0,0.0,0.057692307692307696,0.10526315789473684,0.0
6Cbwc,Dewey Square,47,44,0.0,C,VI,Eb major,(335442),3,3,5,4,4,2,21,7-32A,7,9,"[0, 1, 4, 5, 7, 8, 10]","[0, 1, 4, 5, 7, 8, 10]",86000.0,6.1,6.557438524302,0.34615384615384615,0.32105263157894737,0.3918819064098629
6Cbwc,Dewey Square,48,45,0.0,F,II,Eb major,(233241),2,3,3,2,4,1,15,6-25B,6,8,"[0, 2, 3, 7, 9, 10]","[2, 4, 5, 7, 9, 10]",88000.0,4.3,3.1622776601683795,0.23076923076923078,0.2263157894736842,0.18898223650461363
6Cbwc,Dewey Square,49,46,2.0,B-,V,Eb major,(111000),1,1,1,0,0,0,3,3-2A,3,3,"[7, 8, 10]","[0, 9, 10]",91000.0,1.5,5.477225575051661,0.0,0.07894736842105263,0.32732683535398854
6Cbwc,Dewey Square,50,47,0.0,E-,I,Eb major,(444441),4,4,4,4,4,1,21,7-11B,7,7,"[3, 5, 6, 7, 8, 10, 11]","[0, 2, 3, 4, 5, 7, 8]",92000.0,6.8,7.745966692414834,0.34615384615384615,0.35789473684210527,0.46291004988627577
6Cbwc,Dewey Square,51,49,0.0,A-,IV,Eb major,(323430),3,2,3,4,3,0,15,6-14A,6,6,"[0, 3, 7, 8, 10, 11]","[0, 2, 3, 4, 7, 11]",96000.0,4.0,2.8284271247461903,0.23076923076923078,0.21052631578947367,0.16903085094570333
6Cbwc,Dewey Square,52,50,0.0,A-,IV,Eb major,(225222),2,2,5,2,2,2,15,6-27A,6,6,"[2, 3, 5, 6, 8, 11]","[0, 3, 6, 7, 9, 10]",98000.0,4.6,3.7416573867739413,0.23076923076923078,0.2421052631578947,0.22360679774997896
6Cbwc,Dewey Square,53,51,0.0,E-,I,Eb major,(223111),2,2,3,1,1,1,10,5-10A,5,7,"[0, 2, 3, 5, 11]","[0, 2, 8, 9, 11]",100000.0,3.8,2.6457513110645907,0.1346153846153846,0.19999999999999998,0.15811388300841897
6Cbwc,Dewey Square,54,52,0.0,E-,I,Eb major,(122010),1,2,2,0,1,0,6,4-10,4,4,"[5, 7, 8, 10]","[2, 4, 5, 7]",102000.0,2.0,2.0,0.057692307692307696,0.10526315789473684,0.11952286093343936
6Cbwc,Dewey Square,55,52,2.0,C,VI,Eb major,(012111),0,1,2,1,1,1,6,4-27A,4,4,"[2, 4, 7, 10]","[2, 4, 7, 10]",103000.0,1.3,2.0,0.057692307692307696,0.06842105263157895,0.11952286093343936
6Cbwc,Dewey Square,56,53,0.0,F,II,Eb major,(254361),2,5,4,3,6,1,21,7-35,7,9,"[0, 2, 4, 5, 7, 9, 10]","[0, 2, 4, 5, 7, 9, 11]",104000.0,5.3,7.280109889280518,0.34615384615384615,0.2789473684210526,0.435069780938316
6Cbwc,Dewey Square,57,54,0.0,F,II,Eb major,(132130),1,3,2,1,3,0,10,5-23A,5,8,"[0, 2, 3, 5, 7]","[0, 2, 7, 9, 10]",106000.0,2.5,4.795831523312719,0.1346153846153846,0.13157894736842105,0.2866057521105554
6Cbwc,Dewey Square,58,55,0.0,F,II,Eb major,(122230),1,2,2,2,3,0,10,5-27A,5,11,"[0, 3, 7, 8, 10]","[2, 3, 5, 7, 10]",108000.0,2.0,1.4142135623730951,0.1346153846153846,0.10526315789473684,0.08451542547285167
6Cbwc,Dewey Square,59,57,0.0,E-,I,Eb major,(111000),1,1,1,0,0,0,3,3-2B,3,4,"[2, 4, 5]","[1, 2, 11]",112000.0,1.5,3.872983346207417,0.0,0.07894736842105263,0.23145502494313788
6Cbwc,Dewey Square,60,58,0.0,A-,IV,Eb major,(677673),6,7,7,6,7,3,36,9-7B,9,10,"[0, 1, 2, 3, 5, 7, 8, 10, 11]","[0, 2, 3, 4, 5, 6, 7, 9, 11]",114000.0,11.9,13.820274961085254,0.6346153846153846,0.6263157894736843,0.8259194011178435
6Cbwc,Dewey Square,61,59,0.0,E-,I,Eb major,(021120),0,2,1,1,2,0,6,4-22A,4,4,"[3, 5, 7, 10]","[0, 2, 4, 7]",116000.0,1.0,12.489995996796797,0.057692307692307696,0.05263157894736842,0.7464200272921789
6Cbwc,Dewey Square,62,59,2.0,D-,bVII,Eb major,(211110),2,1,1,1,1,0,6,4-4B,4,4,"[0, 1, 8, 11]","[0, 7, 10, 11]",117000.0,2.5,2.449489742783178,0.057692307692307696,0.13157894736842105,0.14638501094227996
6Cbwc,Dewey Square,63,60,0.0,C,VI,Eb major,(335442),3,3,5,4,4,2,21,7-32A,7,9,"[0, 1, 4, 5, 7, 8, 10]","[0, 1, 4, 5, 7, 8, 10]",118000.0,6.1,6.557438524302,0.34615384615384615,0.32105263157894737,0.3918819064098629
6Cbwc,Dewey Square,64,61,0.0,F,II,Eb major,(122131),1,2,2,1,3,1,10,5-29B,5,6,"[0, 2, 3, 7, 9]","[2, 4, 7, 9, 10]",120000.0,2.8,5.0,0.1346153846153846,0.14736842105263157,0.2988071523335984
6Cbwc,Dewey Square,65,62,2.0,B-,V,Eb major,(122010),1,2,2,0,1,0,6,4-10,4,4,"[0, 1, 3, 10]","[0, 2, 3, 5]",123000.0,2.0,2.449489742783178,0.057692307692307696,0.10526315789473684,0.14638501094227996
6Cbwc,Dewey Square,66,63,0.0,E-,I,Eb major,(444342),4,4,4,3,4,2,21,7-36A,7,9,"[0, 1, 3, 7, 8, 9, 10]","[0, 4, 5, 6, 7, 9, 10]",124000.0,7.6,6.244997998398398,0.34615384615384615,0.39999999999999997,0.37321001364608947
6Cbwc,Dewey Square,67,64,0.0,F,II,Eb major,(112011),1,1,2,0,1,1,6,4-13A,4,5,"[2, 3, 5, 8]","[0, 3, 9, 10]",126000.0,2.3,6.4031242374328485,0.057692307692307696,0.12105263157894736,0.38265986388511064
6Cbwc,Dewey Square,68,64,2.0,B-,V,Eb major,(122010),1,2,2,0,1,0,6,4-10,4,5,"[1, 8, 10, 11]","[0, 1, 3, 10]",127000.0,2.0,1.4142135623730951,0.057692307692307696,0.10526315789473684,0.08451542547285167
73bwc,Diverse,0,1,0.0,B-,I,Bb minor,(001110),0,0,1,1,1,0,3,3-11A,3,5,"[1, 5, 10]","[0, 3, 7]",0.0,0.0,0.0,0.0,0.0,0.0
73bwc,Diverse,1,2,0.0,C,II,Bb minor,(111111),1,1,1,1,1,1,6,4-29B,4,4,"[3, 7, 9, 10]","[3, 7, 9, 10]",2000.0,2.3,1.7320508075688772,0.057692307692307696,0.12105263157894736,0.10350983390135313
73bwc,Diverse,2,3,0.0,B-,I,Bb minor,(123121),1,2,3,1,2,1,10,5-25B,5,8,"[0, 1, 3, 7, 10]","[0, 2, 3, 5, 9]",4000.0,2.8,2.449489742783178,0.1346153846153846,0.14736842105263157,0.14638501094227996
73bwc,Diverse,3,4,2.0,F,V,Bb minor,(211110),2,1,1,1,1,0,6,4-4B,4,4,"[6, 9, 10, 11]","[1, 4, 5, 6]",7000.0,2.5,2.8284271247461903,0.057692307692307696,0.13157894736842105,0.16903085094570333
73bwc,Diverse,4,5,0.0,B-,I,Bb minor,(001110),0,0,1,1,1,0,3,3-11A,3,6,"[1, 5, 10]","[0, 3, 7]",8000.0,0.0,2.23606797749979,0.0,0.0,0.1336306209562122
73bwc,Diverse,5,6,0.0,F,V,Bb minor,(111111),1,1,1,1,1,1,6,4-29B,4,8,"[0, 1, 6, 10]","[1, 5, 7, 8]",10000.0,2.3,1.7320508075688772,0.057692307692307696,0.12105263157894736,0.10350983390135313
73bwc,Diverse,6,9,0.0,B-,I,Bb minor,(001110),0,0,1,1,1,0,3,3-11A,3,5,"[1, 5, 10]","[0, 3, 7]",16000.0,0.0,1.7320508075688772,0.0,0.0,0.10350983390135313
73bwc,Diverse,7,10,0.0,C,II,Bb minor,(111111),1,1,1,1,1,1,6,4-29B,4,4,"[3, 7, 9, 10]","[3, 7, 9, 10]",18000.0,2.3,1.7320508075688772,0.057692307692307696,0.12105263157894736,0.10350983390135313
73bwc,Diverse,8,11,0.0,B-,I,Bb minor,(123121),1,2,3,1,2,1,10,5-25B,5,8,"[0, 1, 3, 7, 10]","[0, 2, 3, 5, 9]",20000.0,2.8,2.449489742783178,0.1346153846153846,0.14736842105263157,0.14638501094227996
73bwc,Diverse,9,12,2.0,F,V,Bb minor,(211110),2,1,1,1,1,0,6,4-4B,4,4,"[6, 9, 10, 11]","[1, 4, 5, 6]",23000.0,2.5,2.8284271247461903,0.057692307692307696,0.13157894736842105,0.16903085094570333
73bwc,Diverse,10,13,0.0,B-,I,Bb minor,(001110),0,0,1,1,1,0,3,3-11A,3,6,"[1, 5, 10]","[0, 3, 7]",24000.0,0.0,2.23606797749979,0.0,0.0,0.1336306209562122
73bwc,Diverse,11,14,0.0,F,V,Bb minor,(533442),5,3,3,4,4,2,21,7-6B,7,7,"[0, 1, 5, 6, 9, 10, 11]","[0, 1, 4, 5, 6, 7, 8]",26000.0,8.1,7.745966692414834,0.34615384615384615,0.4263157894736842,0.46291004988627577
73bwc,Diverse,12,16,0.0,B-,I,Bb minor,(233331),2,3,3,3,3,1,15,6-24B,6,9,"[0, 1, 5, 7, 9, 10]","[0, 2, 3, 7, 9, 11]",30000.0,4.3,3.4641016151377544,0.23076923076923078,0.2263157894736842,0.20701966780270625
73bwc,Diverse,13,17,0.0,F,V,Bb minor,(100110),1,0,0,1,1,0,3,3-4B,3,3,"[1, 5, 6]","[0, 1, 8]",32000.0,1.0,5.291502622129181,0.0,0.05263157894736842,0.31622776601683794
73bwc,Diverse,14,18,0.0,B-,I,Bb minor,(324222),3,2,4,2,2,2,15,6-42,6,8,"[0, 3, 6, 9, 10, 11]","[0, 1, 2, 5, 8, 11]",34000.0,5.6,5.477225575051661,0.23076923076923078,0.29473684210526313,0.32732683535398854
73bwc,Diverse,15,20,0.0,E-,IV,Bb minor,(321000),3,2,1,0,0,0,6,4-1,4,7,"[0, 1, 2, 3]","[0, 9, 10, 11]",38000.0,4.0,4.58257569495584,0.057692307692307696,0.21052631578947367,0.27386127875258304
73bwc,Diverse,16,21,0.0,E-,IV,Bb minor,(443352),4,4,3,3,5,2,21,7-14A,7,8,"[0, 1, 3, 5, 6, 10, 11]","[0, 2, 3, 7, 8, 9, 10]",40000.0,7.6,6.855654600401044,0.34615384615384615,0.39999999999999997,0.4097037257057139
73bwc,Diverse,17,22,0.0,A-,bVII,Bb minor,(344352),3,4,4,3,5,2,21,7-29A,7,10,"[1, 3, 4, 6, 9, 10, 11]","[1, 2, 3, 5, 7, 8, 10]",42000.0,6.6,1.4142135623730951,0.34615384615384615,0.34736842105263155,0.08451542547285167
73bwc,Diverse,18,23,0.0,D-,bIII,Bb minor,(544431),5,4,4,4,3,1,21,7-3A,7,10,"[0, 1, 2, 3, 4, 5, 8]","[0, 1, 2, 3, 4, 7, 11]",44000.0,7.8,3.1622776601683795,0.34615384615384615,0.4105263157894737,0.18898223650461363
73bwc,Diverse,19,24,0.0,F,V,Bb minor,(224223),2,2,4,2,2,3,15,6-30A,6,8,"[0, 3, 4, 6, 9, 10]","[1, 4, 5, 7, 10, 11]",46000.0,5.4,4.69041575982343,0.23076923076923078,0.28421052631578947,0.2803059552906941
73bwc,Diverse,20,25,0.0,B-,I,Bb minor,(001110),0,0,1,1,1,0,3,3-11A,3,6,"[1, 5, 10]","[0, 3, 7]",48000.0,0.0,5.291502622129181,0.0,0.0,0.31622776601683794
73bwc,Diverse,21,26,0.0,C,II,Bb minor,(111111),1,1,1,1,1,1,6,4-29B,4,4,"[3, 7, 9, 10]","[3, 7, 9, 10]",50000.0,2.3,1.7320508075688772,0.057692307692307696,0.12105263157894736,0.10350983390135313
73bwc,Diverse,22,27,0.0,B-,I,Bb minor,(123121),1,2,3,1,2,1,10,5-25B,5,8,"[0, 1, 3, 7, 10]","[0, 2, 3, 5, 9]",52000.0,2.8,2.449489742783178,0.1346153846153846,0.14736842105263157,0.14638501094227996
73bwc,Diverse,23,28,2.0,F,V,Bb minor,(211110),2,1,1,1,1,0,6,4-4B,4,4,"[6, 9, 10, 11]","[1, 4, 5, 6]",55000.0,2.5,2.8284271247461903,0.057692307692307696,0.13157894736842105,0.16903085094570333
73bwc,Diverse,24,29,0.0,B-,I,Bb minor,(001110),0,0,1,1,1,0,3,3-11A,3,6,"[1, 5, 10]","[0, 3, 7]",56000.0,0.0,2.23606797749979,0.0,0.0,0.1336306209562122
73bwc,Diverse,25,30,0.0,F,V,Bb minor,(533442),5,3,3,4,4,2,21,7-6B,7,7,"[0, 1, 5, 6, 9, 10, 11]","[0, 1, 4, 5, 6, 7, 8]",58000.0,8.1,7.745966692414834,0.34615384615384615,0.4263157894736842,0.46291004988627577
73bwc,Diverse,26,31,0.0,B-,I,Bb minor,(212221),2,1,2,2,2,1,10,5-18A,5,8,"[0, 5, 6, 9, 10]","[0, 2, 7, 8, 11]",60000.0,3.3,4.795831523312719,0.1346153846153846,0.17368421052631577,0.2866057521105554
73bwc,Diverse,27,32,0.0,F,V,Bb minor,(111000),1,1,1,0,0,0,3,3-2B,3,5,"[3, 5, 6]","[0, 1, 10]",62000.0,1.5,3.3166247903554,0.0,0.07894736842105263,0.19820624179302296
73bwc,Diverse,28,34,2.0,F,V,Bb minor,(020100),0,2,0,1,0,0,3,3-6,3,3,"[5, 7, 9]","[0, 2, 4]",67000.0,1.0,2.0,0.0,0.05263157894736842,0.11952286093343936
73bwc,Diverse,29,35,0.0,B-,I,Bb minor,(114112),1,1,4,1,1,2,10,5-31A,5,7,"[0, 3, 6, 9, 10]","[0, 2, 5, 8, 11]",68000.0,3.1,4.795831523312719,0.1346153846153846,0.1631578947368421,0.2866057521105554
73bwc,Diverse,30,36,2.0,F,V,Bb minor,(321000),3,2,1,0,0,0,6,4-1,4,5,"[0, 1, 2, 3]","[7, 8, 9, 10]",71000.0,4.0,4.47213595499958,0.057692307692307696,0.21052631578947367,0.2672612419124244
73bwc,Diverse,31,37,0.0,B-,I,Bb minor,(212320),2,1,2,3,2,0,10,5-17,5,8,"[0, 1, 5, 9, 10]","[0, 2, 3, 7, 11]",72000.0,2.5,4.0,0.1346153846153846,0.13157894736842105,0.23904572186687872
73bwc,Diverse,32,38,0.0,F,V,Bb minor,(322111),3,2,2,1,1,1,10,5-4B,5,8,"[0, 3, 4, 5, 6]","[0, 1, 7, 10, 11]",74000.0,4.8,2.8284271247461903,0.1346153846153846,0.25263157894736843,0.16903085094570333
73bwc,Diverse,33,39,0.0,B-,I,Bb minor,(010101),0,1,0,1,0,1,3,3-8B,3,4,"[1, 5, 7]","[3, 7, 9]",76000.0,1.3,3.872983346207417,0.0,0.06842105263157895,0.23145502494313788
73bwc,Diverse,34,40,0.0,F,V,Bb minor,(010101),0,1,0,1,0,1,3,3-8B,3,3,"[1, 5, 7]","[0, 2, 8]",78000.0,1.3,0.0,0.0,0.06842105263157895,0.0
73bwc,Diverse,35,41,0.0,B-,I,Bb minor,(212320),2,1,2,3,2,0,10,5-17,5,8,"[0, 1, 5, 9, 10]","[0, 2, 3, 7, 11]",80000.0,2.5,4.123105625617661,0.1346153846153846,0.13157894736842105,0.24640269015229058
73bwc,Diverse,36,42,0.0,C,II,Bb minor,(221100),2,2,1,1,0,0,6,4-2B,4,4,"[1, 3, 4, 5]","[1, 3, 4, 5]",82000.0,3.0,3.1622776601683795,0.057692307692307696,0.15789473684210525,0.18898223650461363
73bwc,Diverse,37,42,2.0,F,V,Bb minor,(112011),1,1,2,0,1,1,6,4-13B,4,4,"[0, 3, 5, 6]","[0, 1, 7, 10]",83000.0,2.3,2.449489742783178,0.057692307692307696,0.12105263157894736,0.14638501094227996
73bwc,Diverse,38,43,0.0,B-,I,Bb minor,(233331),2,3,3,3,3,1,15,6-24B,6,8,"[0, 1, 5, 7, 9, 10]","[0, 2, 3, 7, 9, 11]",84000.0,4.3,4.358898943540674,0.23076923076923078,0.2263157894736842,0.26049403612586386
73bwc,Diverse,39,44,0.0,C,II,Bb minor,(100110),1,0,0,1,1,0,3,3-4B,3,3,"[0, 7, 11]","[0, 7, 11]",86000.0,1.0,5.291502622129181,0.0,0.05263157894736842,0.31622776601683794
73bwc,Diverse,40,44,2.0,F,V,Bb minor,(101100),1,0,1,1,0,0,3,3-3A,3,4,"[0, 3, 11]","[6, 7, 10]",87000.0,1.0,1.4142135623730951,0.0,0.05263157894736842,0.08451542547285167
73bwc,Diverse,41,46,0.0,F,V,Bb minor,(321000),3,2,1,0,0,0,6,4-1,4,7,"[0, 9, 10, 11]","[4, 5, 6, 7]",90000.0,4.0,3.0,0.057692307692307696,0.21052631578947367,0.17928429140015903
73bwc,Diverse,42,47,0.0,B-,I,Bb minor,(233241),2,3,3,2,4,1,15,6-25B,6,8,"[0, 1, 3, 5, 6, 10]","[0, 2, 3, 5, 7, 8]",92000.0,4.3,5.196152422706632,0.23076923076923078,0.2263157894736842,0.3105295017040594
73bwc,Diverse,43,49,0.0,F,V,Bb minor,(323430),3,2,3,4,3,0,15,6-14A,6,6,"[0, 1, 3, 4, 5, 8]","[0, 3, 7, 8, 10, 11]",96000.0,4.0,2.8284271247461903,0.23076923076923078,0.21052631578947367,0.16903085094570333
73bwc,Diverse,44,50,0.0,B-,I,Bb minor,(344433),3,4,4,4,3,3,21,7-28A,7,7,"[0, 2, 5, 6, 8, 10, 11]","[0, 1, 2, 4, 7, 8, 10]",98000.0,7.4,3.7416573867739413,0.34615384615384615,0.38947368421052636,0.22360679774997896
73bwc,Diverse,45,51,0.0,E-,IV,Bb minor,(212320),2,1,2,3,2,0,10,5-17,5,6,"[2, 3, 5, 6, 10]","[0, 2, 3, 7, 11]",100000.0,2.5,5.0,0.1346153846153846,0.13157894736842105,0.2988071523335984
73bwc,Diverse,46,53,0.0,E-,IV,Bb minor,(222220),2,2,2,2,2,0,10,5-11A,5,7,"[0, 3, 8, 10, 11]","[0, 5, 7, 8, 9]",104000.0,3.0,1.4142135623730951,0.1346153846153846,0.15789473684210525,0.08451542547285167
73bwc,Diverse,47,54,0.0,A-,bVII,Bb minor,(422232),4,2,2,2,3,2,15,6-5A,6,8,"[0, 1, 4, 5, 10, 11]","[2, 3, 4, 5, 8, 9]",106000.0,6.6,3.0,0.23076923076923078,0.34736842105263155,0.17928429140015903
73bwc,Diverse,48,55,0.0,D-,bIII,Bb minor,(122230),1,2,2,2,3,0,10,5-27B,5,6,"[1, 4, 6, 8, 9]","[0, 3, 5, 7, 8]",108000.0,2.0,3.605551275463989,0.1346153846153846,0.10526315789473684,0.21547290184283363
73bwc,Diverse,49,56,0.0,F,V,Bb minor,(012120),0,1,2,1,2,0,6,4-26,4,6,"[0, 3, 5, 8]","[0, 3, 7, 10]",110000.0,0.5,2.0,0.057692307692307696,0.02631578947368421,0.11952286093343936
73bwc,Diverse,50,58,0.0,C,II,Bb minor,(111120),1,1,1,1,2,0,6,4-14A,4,5,"[0, 1, 5, 10]","[0, 1, 5, 10]",114000.0,1.5,1.4142135623730951,0.057692307692307696,0.07894736842105263,0.08451542547285167
73bwc,Diverse,51,60,2.0,F,V,Bb minor,(122010),1,2,2,0,1,0,6,4-10,4,4,"[0, 7, 9, 10]","[2, 4, 5, 7]",119000.0,2.0,2.0,0.057692307692307696,0.10526315789473684,0.11952286093343936
73bwc,Diverse,52,61,0.0,B-,I,Bb minor,(111000),1,1,1,0,0,0,3,3-2B,3,4,"[3, 5, 6]","[5, 7, 8]",120000.0,1.5,1.7320508075688772,0.0,0.07894736842105263,0.10350983390135313
73bwc,Diverse,53,62,0.0,F,V,Bb minor,(324222),3,2,4,2,2,2,15,6-13,6,8,"[0, 1, 3, 4, 9, 10]","[4, 5, 7, 8, 10, 11]",122000.0,5.6,5.0990195135927845,0.23076923076923078,0.29473684210526313,0.304724700110022
73bwc,Diverse,54,64,0.0,F,V,Bb minor,(121110),1,2,1,1,1,0,6,4-11A,4,4,"[0, 1, 3, 5]","[0, 7, 8, 10]",126000.0,2.0,4.358898943540674,0.057692307692307696,0.10526315789473684,0.26049403612586386
73bwc,Diverse,55,65,0.0,B-,I,Bb minor,(321000),3,2,1,0,0,0,6,4-1,4,5,"[0, 1, 2, 3]","[2, 3, 4, 5]",128000.0,4.0,2.449489742783178,0.057692307692307696,0.21052631578947367,0.14638501094227996
73bwc,Diverse,56,66,0.0,C,II,Bb minor,(112011),1,1,2,0,1,1,6,4-13A,4,5,"[0, 3, 9, 10]","[0, 3, 9, 10]",130000.0,2.3,2.8284271247461903,0.057692307692307696,0.12105263157894736,0.16903085094570333
73bwc,Diverse,57,66,2.0,F,V,Bb minor,(112011),1,1,2,0,1,1,6,4-13B,4,4,"[0, 3, 5, 6]","[0, 1, 7, 10]",131000.0,2.3,0.0,0.057692307692307696,0.12105263157894736,0.0
73bwc,Diverse,58,67,0.0,B-,I,Bb minor,(122230),1,2,2,2,3,0,10,5-27B,5,9,"[1, 3, 5, 6, 10]","[0, 3, 5, 7, 8]",132000.0,2.0,3.1622776601683795,0.1346153846153846,0.10526315789473684,0.18898223650461363
73bwc,Diverse,59,68,0.0,C,II,Bb minor,(112011),1,1,2,0,1,1,6,4-13A,4,5,"[0, 3, 9, 10]","[0, 3, 9, 10]",134000.0,2.3,3.1622776601683795,0.057692307692307696,0.12105263157894736,0.18898223650461363
73bwc,Diverse,60,68,2.0,F,V,Bb minor,(112011),1,1,2,0,1,1,6,4-13B,4,4,"[0, 3, 5, 6]","[0, 1, 7, 10]",135000.0,2.3,0.0,0.057692307692307696,0.12105263157894736,0.0
73bwc,Diverse,61,69,0.0,B-,I,Bb minor,(110121),1,1,0,1,2,1,6,4-16A,4,5,"[0, 1, 5, 7]","[2, 3, 7, 9]",136000.0,2.3,2.449489742783178,0.057692307692307696,0.12105263157894736,0.14638501094227996
73bwc,Diverse,62,70,0.0,F,V,Bb minor,(225222),2,2,5,2,2,2,15,6-27A,6,6,"[0, 3, 6, 7, 9, 10]","[1, 2, 4, 5, 7, 10]",138000.0,4.6,5.385164807134504,0.23076923076923078,0.2421052631578947,0.3218251521733945
73bwc,Diverse,63,73,0.0,B-,I,Bb minor,(111000),1,1,1,0,0,0,3,3-2A,3,5,"[0, 1, 3]","[2, 3, 5]",144000.0,1.5,5.477225575051661,0.0,0.07894736842105263,0.32732683535398854
73bwc,Diverse,64,74,0.0,C,II,Bb minor,(111000),1,1,1,0,0,0,3,3-2A,3,4,"[0, 9, 10]","[0, 9, 10]",146000.0,1.5,0.0,0.0,0.07894736842105263,0.0
73bwc,Diverse,65,74,2.0,F,V,Bb minor,(321000),3,2,1,0,0,0,6,4-1,4,4,"[3, 4, 5, 6]","[0, 1, 10, 11]",147000.0,4.0,2.23606797749979,0.057692307692307696,0.21052631578947367,0.1336306209562122
73bwc,Diverse,66,75,0.0,B-,I,Bb minor,(211110),2,1,1,1,1,0,6,4-4A,4,4,"[0, 1, 2, 5]","[2, 3, 4, 7]",148000.0,2.5,2.0,0.057692307692307696,0.13157894736842105,0.11952286093343936
73bwc,Diverse,67,76,0.0,C,II,Bb minor,(122010),1,2,2,0,1,0,6,4-10,4,4,"[0, 1, 3, 10]","[0, 1, 3, 10]",150000.0,2.0,2.0,0.057692307692307696,0.10526315789473684,0.11952286093343936
73bwc,Diverse,68,76,2.0,F,V,Bb minor,(101100),1,0,1,1,0,0,3,3-3A,3,4,"[6, 7, 10]","[1, 2, 5]",151000.0,1.0,2.6457513110645907,0.0,0.05263157894736842,0.15811388300841897
73bwc,Diverse,69,77,0.0,B-,I,Bb minor,(434442),4,3,4,4,4,2,21,7-18B,7,8,"[1, 3, 4, 5, 6, 9, 10]","[0, 3, 5, 6, 7, 8, 11]",152000.0,7.1,7.483314773547883,0.34615384615384615,0.3736842105263158,0.4472135954999579
73bwc,Diverse,70,78,0.0,F,V,Bb minor,(336333),3,3,6,3,3,3,21,7-31A,7,8,"[0, 1, 3, 4, 6, 9, 10]","[1, 4, 5, 7, 8, 10, 11]",154000.0,6.9,2.8284271247461903,0.34615384615384615,0.3631578947368421,0.16903085094570333
73bwc,Diverse,71,79,0.0,B-,I,Bb minor,(132130),1,3,2,1,3,0,10,5-23A,5,6,"[0, 1, 3, 5, 10]","[0, 2, 3, 5, 7]",156000.0,2.5,5.744562646538029,0.1346153846153846,0.13157894736842105,0.34330328116279757
73bwc,Diverse,72,81,0.0,F,V,Bb minor,(544431),5,4,4,4,3,1,21,7-3B,7,8,"[0, 3, 4, 5, 6, 7, 8]","[0, 1, 2, 3, 7, 10, 11]",160000.0,7.8,5.5677643628300215,0.34615384615384615,0.4105263157894737,0.33273756282434613
73bwc,Diverse,73,82,0.0,B-,I,Bb minor,(224322),2,2,4,3,2,2,15,6-28,6,6,"[2, 5, 6, 8, 10, 11]","[0, 1, 4, 7, 8, 10]",162000.0,4.6,4.0,0.23076923076923078,0.2421052631578947,0.23904572186687872
73bwc,Diverse,74,83,0.0,E-,IV,Bb minor,(111111),1,1,1,1,1,1,6,4-29A,4,7,"[3, 4, 6, 10]","[0, 1, 3, 7]",164000.0,2.3,4.123105625617661,0.057692307692307696,0.12105263157894736,0.24640269015229058
73bwc,Diverse,75,85,0.0,E-,IV,Bb minor,(210000),2,1,0,0,0,0,3,3-1,3,3,"[4, 5, 6]","[1, 2, 3]",168000.0,2.5,2.23606797749979,0.0,0.13157894736842105,0.1336306209562122
73bwc,Diverse,76,86,0.0,A-,bVII,Bb minor,(132130),1,3,2,1,3,0,10,5-23A,5,10,"[0, 1, 3, 5, 10]","[2, 4, 5, 7, 9]",170000.0,2.5,4.358898943540674,0.1346153846153846,0.13157894736842105,0.26049403612586386
73bwc,Diverse,77,87,0.0,D-,bIII,Bb minor,(202420),2,0,2,4,2,0,10,5-21A,5,7,"[0, 4, 5, 8, 9]","[3, 4, 7, 8, 11]",172000.0,2.0,4.47213595499958,0.1346153846153846,0.10526315789473684,0.2672612419124244
73bwc,Diverse,78,88,0.0,F,V,Bb minor,(435432),4,3,5,4,3,2,21,7-16B,7,9,"[0, 1, 2, 3, 6, 9, 10]","[1, 4, 5, 7, 8, 9, 10]",174000.0,7.1,5.196152422706632,0.34615384615384615,0.3736842105263158,0.3105295017040594
73bwc,Diverse,79,89,0.0,B-,I,Bb minor,(210000),2,1,0,0,0,0,3,3-1,3,3,"[3, 4, 5]","[5, 6, 7]",176000.0,2.5,7.874007874011811,0.0,0.13157894736842105,0.4705619740571601
73bwc,Diverse,80,90,2.0,F,V,Bb minor,(122010),1,2,2,0,1,0,6,4-10,4,4,"[0, 1, 3, 10]","[5, 7, 8, 10]",179000.0,2.0,2.6457513110645907,0.057692307692307696,0.10526315789473684,0.15811388300841897
73bwc,Diverse,81,92,2.0,F,V,Bb minor,(200121),2,0,0,1,2,1,6,4-8,4,4,"[0, 1, 5, 6]","[0, 1, 7, 8]",183000.0,2.8,3.4641016151377544,0.057692307692307696,0.14736842105263157,0.20701966780270625
73bwc,Diverse,82,93,0.0,B-,I,Bb minor,(322111),3,2,2,1,1,1,10,5-4A,5,6,"[0, 3, 9, 10, 11]","[0, 1, 2, 5, 11]",184000.0,4.8,3.1622776601683795,0.1346153846153846,0.25263157894736843,0.18898223650461363
73bwc,Diverse,83,94,0.0,F,V,Bb minor,(656542),6,5,6,5,4,2,28,8-3,8,9,"[0, 1, 2, 3, 4, 5, 6, 9]","[0, 1, 4, 7, 8, 9, 10, 11]",186000.0,10.1,7.745966692414834,0.4807692307692308,0.531578947368421,0.46291004988627577
73bwc,Diverse,84,95,0.0,B-,I,Bb minor,(122010),1,2,2,0,1,0,6,4-10,4,4,"[0, 1, 3, 10]","[0, 2, 3, 5]",188000.0,2.0,9.38083151964686,0.057692307692307696,0.10526315789473684,0.5606119105813882
73bwc,Diverse,85,96,0.0,F,V,Bb minor,(324222),3,2,4,2,2,2,15,6-42,6,7,"[0, 3, 4, 5, 6, 9]","[0, 1, 4, 7, 10, 11]",190000.0,5.6,4.123105625617661,0.23076923076923078,0.29473684210526313,0.24640269015229058
7RfYc,Mohawk (No. 1),0,2,0.0,B-,I,Bb major,(233331),2,3,3,3,3,1,15,6-24A,6,7,"[0, 2, 6, 7, 9, 10]","[0, 2, 4, 8, 9, 11]",2000.0,4.3,0.0,0.23076923076923078,0.2263157894736842,0.0
7RfYc,Mohawk (No. 1),1,3,0.0,E-,IV,Bb major,(012120),0,1,2,1,2,0,6,4-26,4,6,"[1, 3, 6, 10]","[0, 3, 7, 10]",4000.0,0.5,3.872983346207417,0.057692307692307696,0.02631578947368421,0.23145502494313788
7RfYc,Mohawk (No. 1),2,4,0.0,B-,I,Bb major,(254361),2,5,4,3,6,1,21,7-35,7,9,"[0, 1, 3, 5, 7, 8, 10]","[0, 2, 3, 5, 7, 9, 10]",6000.0,5.3,6.708203932499369,0.34615384615384615,0.2789473684210526,0.4008918628686366
7RfYc,Mohawk (No. 1),3,6,0.0,E-,IV,Bb major,(010020),0,1,0,0,2,0,3,3-9,3,6,"[0, 5, 10]","[2, 7, 9]",10000.0,0.5,7.874007874011811,0.0,0.02631578947368421,0.4705619740571601
7RfYc,Mohawk (No. 1),4,7,0.0,E-,IV,Bb major,(313431),3,1,3,4,3,1,15,6-19A,6,8,"[2, 3, 5, 6, 9, 10]","[0, 2, 3, 6, 7, 11]",12000.0,4.3,6.0,0.23076923076923078,0.2263157894736842,0.35856858280031806
7RfYc,Mohawk (No. 1),5,8,0.0,B-,I,Bb major,(001110),0,0,1,1,1,0,3,3-11B,3,4,"[0, 5, 9]","[2, 7, 11]",14000.0,0.0,5.291502622129181,0.0,0.0,0.31622776601683794
7RfYc,Mohawk (No. 1),6,9,0.0,B-,I,Bb major,(201210),2,0,1,2,1,0,6,4-7,4,6,"[2, 3, 10, 11]","[0, 1, 4, 5]",16000.0,2.0,2.23606797749979,0.057692307692307696,0.10526315789473684,0.1336306209562122
7RfYc,Mohawk (No. 1),7,10,0.0,C,II,Bb major,(001110),0,0,1,1,1,0,3,3-11A,3,7,"[2, 7, 10]","[2, 7, 10]",18000.0,0.0,2.23606797749979,0.0,0.0,0.1336306209562122
7RfYc,Mohawk (No. 1),8,11,0.0,F,V,Bb major,(001110),0,0,1,1,1,0,3,3-11A,3,5,"[2, 7, 10]","[2, 5, 9]",20000.0,0.0,0.0,0.0,0.0,0.0
7RfYc,Mohawk (No. 1),9,12,0.0,B-,I,Bb major,(123121),1,2,3,1,2,1,10,5-25B,5,9,"[2, 5, 7, 8, 10]","[0, 4, 7, 9, 10]",22000.0,2.8,3.3166247903554,0.1346153846153846,0.14736842105263157,0.19820624179302296
7RfYc,Mohawk (No. 1),10,13,0.0,B-,I,Bb major,(211110),2,1,1,1,1,0,6,4-4B,4,8,"[5, 8, 9, 10]","[0, 7, 10, 11]",24000.0,2.5,2.8284271247461903,0.057692307692307696,0.13157894736842105,0.16903085094570333
7RfYc,Mohawk (No. 1),11,14,0.0,B-,I,Bb major,(233331),2,3,3,3,3,1,15,6-24A,6,7,"[0, 2, 6, 7, 9, 10]","[0, 2, 4, 8, 9, 11]",26000.0,4.3,4.123105625617661,0.23076923076923078,0.2263157894736842,0.24640269015229058
7RfYc,Mohawk (No. 1),12,15,0.0,E-,IV,Bb major,(012120),0,1,2,1,2,0,6,4-26,4,6,"[1, 3, 6, 10]","[0, 3, 7, 10]",28000.0,0.5,3.872983346207417,0.057692307692307696,0.02631578947368421,0.23145502494313788
7RfYc,Mohawk (No. 1),13,16,0.0,B-,I,Bb major,(254361),2,5,4,3,6,1,21,7-35,7,9,"[0, 1, 3, 5, 7, 8, 10]","[0, 2, 3, 5, 7, 9, 10]",30000.0,5.3,6.708203932499369,0.34615384615384615,0.2789473684210526,0.4008918628686366
7RfYc,Mohawk (No. 1),14,18,0.0,E-,IV,Bb major,(010020),0,1,0,0,2,0,3,3-9,3,6,"[0, 5, 10]","[2, 7, 9]",34000.0,0.5,7.874007874011811,0.0,0.02631578947368421,0.4705619740571601
7RfYc,Mohawk (No. 1),15,19,0.0,E-,IV,Bb major,(313431),3,1,3,4,3,1,15,6-19A,6,8,"[2, 3, 5, 6, 9, 10]","[0, 2, 3, 6, 7, 11]",36000.0,4.3,6.0,0.23076923076923078,0.2263157894736842,0.35856858280031806
7RfYc,Mohawk (No. 1),16,20,0.0,B-,I,Bb major,(001110),0,0,1,1,1,0,3,3-11B,3,4,"[0, 5, 9]","[2, 7, 11]",38000.0,0.0,5.291502622129181,0.0,0.0,0.31622776601683794
7RfYc,Mohawk (No. 1),17,21,0.0,B-,I,Bb major,(201210),2,0,1,2,1,0,6,4-7,4,6,"[2, 3, 10, 11]","[0, 1, 4, 5]",40000.0,2.0,2.23606797749979,0.057692307692307696,0.10526315789473684,0.1336306209562122
7RfYc,Mohawk (No. 1),18,22,0.0,C,II,Bb major,(001110),0,0,1,1,1,0,3,3-11A,3,7,"[2, 7, 10]","[2, 7, 10]",42000.0,0.0,2.23606797749979,0.0,0.0,0.1336306209562122
7RfYc,Mohawk (No. 1),19,23,0.0,F,V,Bb major,(001110),0,0,1,1,1,0,3,3-11A,3,5,"[2, 7, 10]","[2, 5, 9]",44000.0,0.0,0.0,0.0,0.0,0.0
7RfYc,Mohawk (No. 1),20,24,0.0,B-,I,Bb major,(123121),1,2,3,1,2,1,10,5-25B,5,9,"[2, 5, 7, 8, 10]","[0, 4, 7, 9, 10]",46000.0,2.8,3.3166247903554,0.1346153846153846,0.14736842105263157,0.19820624179302296
7RfYc,Mohawk (No. 1),21,25,0.0,B-,I,Bb major,(211110),2,1,1,1,1,0,6,4-4B,4,8,"[5, 8, 9, 10]","[0, 7, 10, 11]",48000.0,2.5,2.8284271247461903,0.057692307692307696,0.13157894736842105,0.16903085094570333
7RfYc,Mohawk (No. 1),22,26,0.0,B-,I,Bb major,(111000),1,1,1,0,0,0,3,3-2A,3,7,"[0, 9, 10]","[0, 2, 11]",50000.0,1.5,1.7320508075688772,0.0,0.07894736842105263,0.10350983390135313
7RfYc,Mohawk (No. 1),23,27,0.0,E-,IV,Bb major,(113221),1,1,3,2,2,1,10,5-32A,5,9,"[0, 3, 6, 7, 10]","[0, 3, 4, 7, 9]",52000.0,2.3,3.605551275463989,0.1346153846153846,0.12105263157894736,0.21547290184283363
7RfYc,Mohawk (No. 1),24,29,2.0,B-,I,Bb major,(212100),2,1,2,1,0,0,6,4-3,4,5,"[4, 5, 7, 8]","[6, 7, 9, 10]",57000.0,2.5,2.8284271247461903,0.057692307692307696,0.13157894736842105,0.16903085094570333
7RfYc,Mohawk (No. 1),25,30,0.0,E-,IV,Bb major,(343542),3,4,3,5,4,2,21,7-30A,7,13,"[0, 2, 3, 6, 7, 8, 10]","[0, 3, 4, 5, 7, 9, 11]",58000.0,6.6,6.855654600401044,0.34615384615384615,0.34736842105263155,0.4097037257057139
7RfYc,Mohawk (No. 1),26,31,0.0,E-,IV,Bb major,(344451),3,4,4,4,5,1,21,7-27B,7,8,"[0, 2, 3, 5, 6, 7, 10]","[0, 2, 3, 4, 7, 9, 11]",60000.0,5.8,2.0,0.34615384615384615,0.30526315789473685,0.11952286093343936
7RfYc,Mohawk (No. 1),27,32,0.0,B-,I,Bb major,(333321),3,3,3,3,2,1,15,6-39B,6,6,"[0, 1, 2, 3, 5, 9]","[2, 3, 4, 5, 7, 11]",62000.0,5.3,3.4641016151377544,0.23076923076923078,0.2789473684210526,0.20701966780270625
7RfYc,Mohawk (No. 1),28,33,2.0,D-,bIII,Bb major,(021120),0,2,1,1,2,0,6,4-22A,4,4,"[0, 3, 8, 10]","[2, 7, 9, 11]",65000.0,1.0,4.358898943540674,0.057692307692307696,0.05263157894736842,0.26049403612586386
7RfYc,Mohawk (No. 1),29,34,0.0,C,II,Bb major,(544332),5,4,4,3,3,2,21,7-4A,7,9,"[3, 4, 5, 6, 7, 9, 10]","[3, 4, 5, 6, 7, 9, 10]",66000.0,8.6,6.855654600401044,0.34615384615384615,0.4526315789473684,0.4097037257057139
7RfYc,Mohawk (No. 1),30,35,0.0,F,V,Bb major,(456553),4,5,6,5,5,3,28,8-27A,8,10,"[0, 2, 3, 4, 6, 7, 9, 10]","[1, 2, 4, 5, 7, 9, 10, 11]",68000.0,8.9,3.872983346207417,0.4807692307692308,0.46842105263157896,0.23145502494313788
7RfYc,Mohawk (No. 1),31,36,0.0,B-,I,Bb major,(111120),1,1,1,1,2,0,6,4-14B,4,6,"[0, 5, 9, 10]","[0, 2, 7, 11]",70000.0,1.5,9.16515138991168,0.057692307692307696,0.07894736842105263,0.5477225575051661
7RfYc,Mohawk (No. 1),32,37,2.0,F,V,Bb major,(111000),1,1,1,0,0,0,3,3-2B,3,4,"[0, 2, 3]","[7, 9, 10]",73000.0,1.5,2.23606797749979,0.0,0.07894736842105263,0.1336306209562122
7RfYc,Mohawk (No. 1),33,38,0.0,B-,I,Bb major,(554331),5,5,4,3,3,1,21,7-2B,7,8,"[0, 5, 7, 8, 9, 10, 11]","[0, 1, 2, 7, 9, 10, 11]",74000.0,8.3,7.745966692414834,0.34615384615384615,0.4368421052631579,0.46291004988627577
7RfYc,Mohawk (No. 1),34,39,0.0,E-,IV,Bb major,(143241),1,4,3,2,4,1,15,6-33A,6,9,"[0, 1, 3, 5, 7, 10]","[0, 2, 4, 7, 9, 10]",76000.0,3.8,4.47213595499958,0.23076923076923078,0.19999999999999998,0.2672612419124244
7RfYc,Mohawk (No. 1),35,40,0.0,B-,I,Bb major,(012111),0,1,2,1,1,1,6,4-27A,4,5,"[0, 2, 5, 8]","[2, 4, 7, 10]",78000.0,1.3,4.58257569495584,0.057692307692307696,0.06842105263157895,0.27386127875258304
7RfYc,Mohawk (No. 1),36,42,0.0,E-,IV,Bb major,(101100),1,0,1,1,0,0,3,3-3B,3,7,"[1, 2, 10]","[7, 10, 11]",82000.0,1.0,2.23606797749979,0.0,0.05263157894736842,0.1336306209562122
7RfYc,Mohawk (No. 1),37,43,0.0,E-,IV,Bb major,(254361),2,5,4,3,6,1,21,7-35,7,10,"[0, 1, 3, 5, 7, 8, 10]","[0, 2, 4, 5, 7, 9, 10]",84000.0,5.3,8.717797887081348,0.34615384615384615,0.2789473684210526,0.5209880722517277
7RfYc,Mohawk (No. 1),38,44,0.0,B-,I,Bb major,(565552),5,6,5,5,5,2,28,8-11A,8,9,"[0, 2, 5, 6, 7, 8, 9, 10]","[0, 2, 4, 7, 8, 9, 10, 11]",86000.0,9.6,4.123105625617661,0.4807692307692308,0.5052631578947369,0.24640269015229058
7RfYc,Mohawk (No. 1),39,45,0.0,B-,I,Bb major,(122010),1,2,2,0,1,0,6,4-10,4,5,"[5, 7, 8, 10]","[0, 7, 9, 10]",88000.0,2.0,9.273618495495704,0.057692307692307696,0.10526315789473684,0.5542047068934521
7RfYc,Mohawk (No. 1),40,45,2.0,G,VI,Bb major,(111000),1,1,1,0,0,0,3,3-2A,3,3,"[2, 3, 5]","[7, 8, 10]",89000.0,1.5,1.7320508075688772,0.0,0.07894736842105263,0.10350983390135313
7RfYc,Mohawk (No. 1),41,47,0.0,F,V,Bb major,(223111),2,2,3,1,1,1,10,5-10A,5,8,"[2, 3, 5, 6, 8]","[0, 1, 3, 9, 10]",92000.0,3.8,3.0,0.1346153846153846,0.19999999999999998,0.17928429140015903
7RfYc,Mohawk (No. 1),42,48,0.0,B-,I,Bb major,(011010),0,1,1,0,1,0,3,3-7A,3,7,"[0, 2, 5]","[2, 4, 7]",94000.0,0.5,3.3166247903554,0.0,0.02631578947368421,0.19820624179302296
7RfYc,Mohawk (No. 1),43,49,2.0,F,V,Bb major,(001110),0,0,1,1,1,0,3,3-11B,3,3,"[2, 5, 10]","[0, 5, 9]",97000.0,0.0,1.4142135623730951,0.0,0.0,0.08451542547285167
7RfYc,Mohawk (No. 1),44,50,0.0,B-,I,Bb major,(111120),1,1,1,1,2,0,6,4-14B,4,7,"[2, 3, 5, 10]","[0, 4, 5, 7]",98000.0,1.5,1.7320508075688772,0.057692307692307696,0.07894736842105263,0.10350983390135313
7RfYc,Mohawk (No. 1),45,51,0.0,E-,IV,Bb major,(100011),1,0,0,0,1,1,3,3-5B,3,4,"[3, 4, 10]","[0, 1, 7]",100000.0,1.8,2.23606797749979,0.0,0.09473684210526316,0.1336306209562122
7RfYc,Mohawk (No. 1),46,52,0.0,B-,I,Bb major,(143241),1,4,3,2,4,1,15,6-33A,6,9,"[0, 2, 5, 7, 8, 10]","[0, 2, 4, 7, 9, 10]",102000.0,3.8,6.164414002968976,0.23076923076923078,0.19999999999999998,0.3683941988065036
7RfYc,Mohawk (No. 1),47,54,0.0,E-,IV,Bb major,(143241),1,4,3,2,4,1,15,6-33B,6,9,"[0, 3, 5, 7, 9, 10]","[0, 2, 4, 6, 7, 9]",106000.0,3.8,0.0,0.23076923076923078,0.19999999999999998,0.0
7RfYc,Mohawk (No. 1),48,55,0.0,E-,IV,Bb major,(112011),1,1,2,0,1,1,6,4-13B,4,7,"[0, 1, 7, 10]","[4, 7, 9, 10]",108000.0,2.3,4.795831523312719,0.057692307692307696,0.12105263157894736,0.2866057521105554
7RfYc,Mohawk (No. 1),49,56,0.0,B-,I,Bb major,(032221),0,3,2,2,2,1,10,5-34,5,10,"[2, 5, 7, 9, 11]","[1, 4, 7, 9, 11]",110000.0,2.3,3.1622776601683795,0.1346153846153846,0.12105263157894736,0.18898223650461363
7RfYc,Mohawk (No. 1),50,57,2.0,G,VI,Bb major,(233241),2,3,3,2,4,1,15,6-25B,6,6,"[0, 2, 3, 5, 7, 8]","[0, 1, 5, 7, 8, 10]",113000.0,4.3,3.0,0.23076923076923078,0.2263157894736842,0.17928429140015903
7RfYc,Mohawk (No. 1),51,58,0.0,C,II,Bb major,(456562),4,5,6,5,6,2,28,8-26,8,8,"[0, 2, 3, 5, 7, 8, 10, 11]","[0, 2, 3, 5, 7, 8, 10, 11]",114000.0,8.1,5.5677643628300215,0.4807692307692308,0.4263157894736842,0.33273756282434613
7RfYc,Mohawk (No. 1),52,59,0.0,F,V,Bb major,(143250),1,4,3,2,5,0,15,6-32,6,8,"[0, 2, 3, 5, 7, 10]","[0, 2, 5, 7, 9, 10]",116000.0,3.0,5.744562646538029,0.23076923076923078,0.15789473684210525,0.34330328116279757
7RfYc,Mohawk (No. 1),53,60,0.0,B-,I,Bb major,(335442),3,3,5,4,4,2,21,7-32B,7,10,"[0, 2, 3, 5, 6, 9, 10]","[0, 2, 4, 5, 7, 8, 11]",118000.0,6.1,4.242640687119285,0.34615384615384615,0.32105263157894737,0.25354627641855493
7RfYc,Mohawk (No. 1),54,63,0.0,E-,IV,Bb major,(132130),1,3,2,1,3,0,10,5-23B,5,8,"[3, 5, 7, 8, 10]","[0, 2, 4, 5, 7]",124000.0,2.5,5.196152422706632,0.1346153846153846,0.13157894736842105,0.3105295017040594
7RfYc,Mohawk (No. 1),55,64,0.0,B-,I,Bb major,(112011),1,1,2,0,1,1,6,4-13A,4,5,"[2, 3, 5, 8]","[4, 5, 7, 10]",126000.0,2.3,3.1622776601683795,0.057692307692307696,0.12105263157894736,0.18898223650461363
7RfYc,Mohawk (No. 1),56,67,0.0,E-,IV,Bb major,(143250),1,4,3,2,5,0,15,6-32,6,8,"[0, 1, 3, 5, 8, 10]","[0, 2, 5, 7, 9, 10]",132000.0,3.0,5.5677643628300215,0.23076923076923078,0.15789473684210525,0.33273756282434613
7RfYc,Mohawk (No. 1),57,70,0.0,C,II,Bb major,(10101010105),10,10,10,10,10,5,55,11-1,11,15,"[0, 1, 3, 4, 5, 6, 7, 8, 9, 10, 11]","[0, 1, 3, 4, 5, 6, 7, 8, 9, 10, 11]",138000.0,19.0,16.73320053068151,1.0,1.0,1.0
7RfYc,Mohawk (No. 1),58,71,0.0,F,V,Bb major,(556543),5,5,6,5,4,3,28,8-12A,8,17,"[0, 1, 2, 3, 4, 6, 9, 10]","[1, 4, 5, 7, 8, 9, 10, 11]",140000.0,9.9,11.445523142259598,0.4807692307692308,0.5210526315789474,0.6840008354213779
7RfYc,Mohawk (No. 1),59,72,0.0,B-,I,Bb major,(143250),1,4,3,2,5,0,15,6-32,6,8,"[0, 2, 5, 7, 9, 10]","[0, 2, 4, 7, 9, 11]",142000.0,3.0,6.708203932499369,0.23076923076923078,0.15789473684210525,0.4008918628686366
7RfYc,Mohawk (No. 1),60,72,2.0,D-,bIII,Bb major,(544431),5,4,4,4,3,1,21,7-3A,7,8,"[0, 1, 4, 8, 9, 10, 11]","[0, 3, 7, 8, 9, 10, 11]",143000.0,7.8,5.0990195135927845,0.34615384615384615,0.4105263157894737,0.304724700110022
7RfYc,Mohawk (No. 1),61,73,0.0,C,II,Bb major,(432100),4,3,2,1,0,0,10,5-1,5,5,"[3, 4, 5, 6, 7]","[3, 4, 5, 6, 7]",144000.0,5.5,5.0,0.1346153846153846,0.2894736842105263,0.2988071523335984
7RfYc,Mohawk (No. 1),62,73,2.0,F,V,Bb major,(122010),1,2,2,0,1,0,6,4-10,4,5,"[0, 2, 3, 5]","[0, 7, 9, 10]",145000.0,2.0,3.4641016151377544,0.057692307692307696,0.10526315789473684,0.20701966780270625
7RfYc,Mohawk (No. 1),63,74,0.0,B-,I,Bb major,(111120),1,1,1,1,2,0,6,4-14B,4,7,"[0, 5, 9, 10]","[0, 2, 7, 11]",146000.0,1.5,2.0,0.057692307692307696,0.07894736842105263,0.11952286093343936
7XTyc,Celebrity,0,1,0.0,B-,I,Bb major,(122230),1,2,2,2,3,0,10,5-27B,5,6,"[0, 2, 3, 7, 10]","[0, 2, 4, 5, 9]",0.0,2.0,0.0,0.1346153846153846,0.10526315789473684,0.0
7XTyc,Celebrity,1,2,0.0,C,II,Bb major,(012120),0,1,2,1,2,0,6,4-26,4,4,"[0, 3, 7, 10]","[0, 3, 7, 10]",2000.0,0.5,2.0,0.057692307692307696,0.02631578947368421,0.11952286093343936
7XTyc,Celebrity,2,2,2.0,F,V,Bb major,(111111),1,1,1,1,1,1,6,4-29A,4,4,"[1, 6, 7, 9]","[1, 2, 4, 8]",3000.0,2.3,2.0,0.057692307692307696,0.12105263157894736,0.11952286093343936
7XTyc,Celebrity,3,3,0.0,D,III,Bb major,(111000),1,1,1,0,0,0,3,3-2A,3,4,"[2, 3, 5]","[0, 1, 3]",4000.0,1.5,1.7320508075688772,0.0,0.07894736842105263,0.10350983390135313
7XTyc,Celebrity,4,3,2.0,G,VI,Bb major,(210000),2,1,0,0,0,0,3,3-1,3,3,"[1, 2, 3]","[6, 7, 8]",5000.0,2.5,1.4142135623730951,0.0,0.13157894736842105,0.08451542547285167
7XTyc,Celebrity,5,4,0.0,C,II,Bb major,(111000),1,1,1,0,0,0,3,3-2A,3,4,"[0, 9, 10]","[0, 9, 10]",6000.0,1.5,1.4142135623730951,0.0,0.07894736842105263,0.08451542547285167
7XTyc,Celebrity,6,4,2.0,F,V,Bb major,(002001),0,0,2,0,0,1,3,3-10,3,4,"[0, 3, 6]","[1, 7, 10]",7000.0,0.8,2.0,0.0,0.042105263157894736,0.11952286093343936
7XTyc,Celebrity,7,5,0.0,F,V,Bb major,(122010),1,2,2,0,1,0,6,4-10,4,5,"[5, 7, 8, 10]","[0, 2, 3, 5]",8000.0,2.0,2.6457513110645907,0.057692307692307696,0.10526315789473684,0.15811388300841897
7XTyc,Celebrity,8,5,2.0,B-,I,Bb major,(012120),0,1,2,1,2,0,6,4-26,4,4,"[2, 5, 7, 10]","[0, 4, 7, 9]",9000.0,0.5,2.0,0.057692307692307696,0.02631578947368421,0.11952286093343936
7XTyc,Celebrity,9,6,0.0,E-,IV,Bb major,(233331),2,3,3,3,3,1,15,6-46A,6,8,"[1, 2, 3, 5, 7, 10]","[0, 2, 4, 7, 10, 11]",10000.0,4.3,3.872983346207417,0.23076923076923078,0.2263157894736842,0.23145502494313788
7XTyc,Celebrity,10,9,0.0,B-,I,Bb major,(111111),1,1,1,1,1,1,6,4-29B,4,6,"[2, 4, 5, 10]","[0, 4, 6, 7]",16000.0,2.3,4.123105625617661,0.057692307692307696,0.12105263157894736,0.24640269015229058
7XTyc,Celebrity,11,11,0.0,D,III,Bb major,(101310),1,0,1,3,1,0,6,4-19A,4,4,"[1, 2, 5, 9]","[0, 3, 7, 11]",20000.0,1.0,2.449489742783178,0.057692307692307696,0.05263157894736842,0.14638501094227996
7XTyc,Celebrity,12,11,2.0,G,VI,Bb major,(212320),2,1,2,3,2,0,10,5-37,5,6,"[0, 1, 4, 8, 11]","[1, 4, 5, 6, 9]",21000.0,2.5,2.0,0.1346153846153846,0.13157894736842105,0.11952286093343936
7XTyc,Celebrity,13,12,0.0,C,II,Bb major,(122010),1,2,2,0,1,0,6,4-10,4,5,"[0, 7, 9, 10]","[0, 7, 9, 10]",22000.0,2.0,3.4641016151377544,0.057692307692307696,0.10526315789473684,0.20701966780270625
7XTyc,Celebrity,14,12,2.0,F,V,Bb major,(122010),1,2,2,0,1,0,6,4-10,4,4,"[0, 2, 3, 5]","[0, 7, 9, 10]",23000.0,2.0,0.0,0.057692307692307696,0.10526315789473684,0.0
7XTyc,Celebrity,15,13,0.0,F,V,Bb major,(210000),2,1,0,0,0,0,3,3-1,3,4,"[8, 9, 10]","[3, 4, 5]",24000.0,2.5,2.6457513110645907,0.0,0.13157894736842105,0.15811388300841897
7XTyc,Celebrity,16,13,2.0,B-,I,Bb major,(122010),1,2,2,0,1,0,6,4-10,4,4,"[5, 7, 8, 10]","[0, 7, 9, 10]",25000.0,2.0,2.6457513110645907,0.057692307692307696,0.10526315789473684,0.15811388300841897
7XTyc,Celebrity,17,14,0.0,E-,IV,Bb major,(112011),1,1,2,0,1,1,6,4-13A,4,4,"[0, 3, 9, 10]","[0, 6, 7, 9]",26000.0,2.3,1.4142135623730951,0.057692307692307696,0.12105263157894736,0.08451542547285167
7XTyc,Celebrity,18,15,0.0,B-,I,Bb major,(554331),5,5,4,3,3,1,21,7-2A,7,9,"[2, 3, 4, 5, 6, 7, 9]","[4, 5, 6, 7, 8, 9, 11]",28000.0,8.3,7.0,0.34615384615384615,0.4368421052631579,0.4183300132670378
7XTyc,Celebrity,19,17,0.0,D,III,Bb major,(032140),0,3,2,1,4,0,10,5-35,5,6,"[2, 4, 7, 9, 11]","[0, 2, 5, 7, 9]",32000.0,1.5,6.244997998398398,0.1346153846153846,0.07894736842105263,0.37321001364608947
7XTyc,Celebrity,20,18,0.0,D,III,Bb major,(213211),2,1,3,2,1,1,10,5-16A,5,5,"[1, 6, 7, 9, 10]","[4, 5, 7, 8, 11]",34000.0,3.3,4.47213595499958,0.1346153846153846,0.17368421052631577,0.2672612419124244
7XTyc,Celebrity,21,19,0.0,G,VI,Bb major,(212221),2,1,2,2,2,1,10,5-38A,5,8,"[0, 3, 6, 10, 11]","[3, 4, 5, 8, 11]",36000.0,3.3,1.4142135623730951,0.1346153846153846,0.17368421052631577,0.08451542547285167
7XTyc,Celebrity,22,20,0.0,G,VI,Bb major,(254361),2,5,4,3,6,1,21,7-35,7,9,"[0, 2, 4, 5, 7, 9, 11]","[0, 2, 4, 5, 7, 9, 10]",38000.0,5.3,6.082762530298219,0.34615384615384615,0.2789473684210526,0.3635145899999849
7XTyc,Celebrity,23,21,0.0,C,II,Bb major,(444342),4,4,4,3,4,2,21,7-36A,7,13,"[2, 3, 4, 5, 7, 8, 10]","[2, 3, 4, 5, 7, 8, 10]",40000.0,7.6,3.1622776601683795,0.34615384615384615,0.39999999999999997,0.18898223650461363
7XTyc,Celebrity,24,22,0.0,C,II,Bb major,(456562),4,5,6,5,6,2,28,8-26,8,14,"[0, 1, 2, 4, 5, 7, 9, 10]","[0, 1, 2, 4, 5, 7, 9, 10]",42000.0,8.1,3.605551275463989,0.4807692307692308,0.4263157894736842,0.21547290184283363
7XTyc,Celebrity,25,23,0.0,C,II,Bb major,(342231),3,4,2,2,3,1,15,6-9B,6,6,"[0, 5, 7, 9, 10, 11]","[0, 5, 7, 9, 10, 11]",44000.0,5.8,6.082762530298219,0.23076923076923078,0.30526315789473685,0.3635145899999849
7XTyc,Celebrity,26,24,0.0,F,V,Bb major,(223431),2,2,3,4,3,1,15,6-31B,6,9,"[0, 2, 3, 6, 7, 10]","[1, 2, 5, 7, 9, 10]",46000.0,3.8,3.1622776601683795,0.23076923076923078,0.19999999999999998,0.18898223650461363
7XTyc,Celebrity,27,25,0.0,B-,I,Bb major,(254361),2,5,4,3,6,1,21,7-35,7,9,"[0, 2, 3, 5, 7, 9, 10]","[0, 2, 4, 5, 7, 9, 11]",48000.0,5.3,4.47213595499958,0.34615384615384615,0.2789473684210526,0.2672612419124244
7XTyc,Celebrity,28,27,0.0,B-,I,Bb major,(122010),1,2,2,0,1,0,6,4-10,4,4,"[0, 2, 3, 5]","[2, 4, 5, 7]",52000.0,2.0,7.0,0.057692307692307696,0.10526315789473684,0.4183300132670378
7XTyc,Celebrity,29,27,2.0,G,VI,Bb major,(112101),1,1,2,1,0,1,6,4-12A,4,4,"[5, 7, 8, 11]","[0, 1, 4, 10]",53000.0,2.3,2.0,0.057692307692307696,0.12105263157894736,0.11952286093343936
7XTyc,Celebrity,30,28,0.0,C,II,Bb major,(101220),1,0,1,2,2,0,6,4-20,4,4,"[2, 3, 7, 10]","[2, 3, 7, 10]",54000.0,1.0,2.8284271247461903,0.057692307692307696,0.05263157894736842,0.16903085094570333
7XTyc,Celebrity,31,28,2.0,F,V,Bb major,(114112),1,1,4,1,1,2,10,5-31A,5,6,"[0, 3, 6, 9, 10]","[1, 4, 5, 7, 10]",55000.0,3.1,4.0,0.1346153846153846,0.1631578947368421,0.23904572186687872
7XTyc,Celebrity,32,29,0.0,F,V,Bb major,(122230),1,2,2,2,3,0,10,5-27A,5,5,"[2, 3, 5, 7, 10]","[0, 2, 5, 9, 10]",56000.0,2.0,3.7416573867739413,0.1346153846153846,0.10526315789473684,0.22360679774997896
7XTyc,Celebrity,33,29,2.0,B-,I,Bb major,(221100),2,2,1,1,0,0,6,4-2B,4,4,"[0, 8, 10, 11]","[0, 1, 2, 10]",57000.0,3.0,3.4641016151377544,0.057692307692307696,0.15789473684210525,0.20701966780270625
7XTyc,Celebrity,34,30,0.0,E-,IV,Bb major,(021120),0,2,1,1,2,0,6,4-22B,4,4,"[0, 3, 5, 7]","[0, 2, 4, 9]",58000.0,1.0,2.8284271247461903,0.057692307692307696,0.05263157894736842,0.16903085094570333
7XTyc,Celebrity,35,30,2.0,E-,IV,Bb major,(010101),0,1,0,1,0,1,3,3-8A,3,3,"[0, 2, 6]","[3, 9, 11]",59000.0,1.3,2.6457513110645907,0.0,0.06842105263157895,0.15811388300841897
7XTyc,Celebrity,36,31,0.0,B-,I,Bb major,(111120),1,1,1,1,2,0,6,4-14B,4,7,"[0, 5, 9, 10]","[0, 2, 7, 11]",60000.0,1.5,2.6457513110645907,0.057692307692307696,0.07894736842105263,0.15811388300841897
7XTyc,Celebrity,37,32,2.0,F,V,Bb major,(100110),1,0,0,1,1,0,3,3-4B,3,4,"[2, 3, 10]","[5, 9, 10]",63000.0,1.0,1.7320508075688772,0.0,0.05263157894736842,0.10350983390135313
7XTyc,Celebrity,38,65,0.0,B-,I,Bb major,(233241),2,3,3,2,4,1,15,6-25A,6,8,"[0, 2, 3, 5, 9, 10]","[0, 2, 4, 5, 7, 11]",128000.0,4.3,5.477225575051661,0.23076923076923078,0.2263157894736842,0.32732683535398854
7XTyc,Celebrity,39,66,0.0,C,II,Bb major,(001110),0,0,1,1,1,0,3,3-11B,3,4,"[2, 5, 10]","[2, 5, 10]",130000.0,0.0,5.291502622129181,0.0,0.0,0.31622776601683794
7XTyc,Celebrity,40,66,2.0,F,V,Bb major,(111111),1,1,1,1,1,1,6,4-29A,4,4,"[1, 6, 7, 9]","[1, 2, 4, 8]",131000.0,2.3,1.7320508075688772,0.057692307692307696,0.12105263157894736,0.10350983390135313
7XTyc,Celebrity,41,67,0.0,D,III,Bb major,(321000),3,2,1,0,0,0,6,4-1,4,4,"[2, 3, 4, 5]","[0, 1, 2, 3]",132000.0,4.0,2.8284271247461903,0.057692307692307696,0.21052631578947367,0.16903085094570333
7XTyc,Celebrity,42,67,2.0,G,VI,Bb major,(012120),0,1,2,1,2,0,6,4-26,4,4,"[1, 4, 8, 11]","[1, 4, 6, 9]",133000.0,0.5,4.0,0.057692307692307696,0.02631578947368421,0.23904572186687872
7XTyc,Celebrity,43,68,0.0,C,II,Bb major,(122230),1,2,2,2,3,0,10,5-27B,5,5,"[0, 2, 3, 7, 10]","[0, 2, 3, 7, 10]",134000.0,2.0,2.0,0.1346153846153846,0.10526315789473684,0.11952286093343936
7XTyc,Celebrity,44,68,2.0,F,V,Bb major,(112011),1,1,2,0,1,1,6,4-13A,4,4,"[3, 4, 6, 9]","[1, 4, 10, 11]",135000.0,2.3,3.1622776601683795,0.057692307692307696,0.12105263157894736,0.18898223650461363
7XTyc,Celebrity,45,69,0.0,F,V,Bb major,(111111),1,1,1,1,1,1,6,4-29A,4,5,"[2, 3, 5, 9]","[0, 4, 9, 10]",136000.0,2.3,1.4142135623730951,0.057692307692307696,0.12105263157894736,0.08451542547285167
7XTyc,Celebrity,46,69,2.0,B-,I,Bb major,(221100),2,2,1,1,0,0,6,4-2B,4,4,"[0, 8, 10, 11]","[0, 1, 2, 10]",137000.0,3.0,2.0,0.057692307692307696,0.15789473684210525,0.11952286093343936
7XTyc,Celebrity,47,72,0.0,C,II,Bb major,(010101),0,1,0,1,0,1,3,3-8A,3,5,"[0, 4, 10]","[0, 4, 10]",142000.0,1.3,2.6457513110645907,0.0,0.06842105263157895,0.15811388300841897
7XTyc,Celebrity,48,72,2.0,F,V,Bb major,(011010),0,1,1,0,1,0,3,3-7A,3,4,"[0, 3, 10]","[5, 7, 10]",143000.0,0.5,2.0,0.0,0.02631578947368421,0.11952286093343936
7XTyc,Celebrity,49,73,0.0,B-,I,Bb major,(323430),3,2,3,4,3,0,15,6-14A,6,9,"[0, 1, 2, 5, 9, 10]","[0, 2, 3, 4, 7, 11]",144000.0,4.0,5.830951894845301,0.23076923076923078,0.21052631578947367,0.3484660262185848
7XTyc,Celebrity,50,75,2.0,G,VI,Bb major,(111000),1,1,1,0,0,0,3,3-2A,3,4,"[0, 2, 11]","[4, 5, 7]",149000.0,1.5,5.830951894845301,0.0,0.07894736842105263,0.3484660262185848
7XTyc,Celebrity,51,76,0.0,C,II,Bb major,(011010),0,1,1,0,1,0,3,3-7B,3,4,"[0, 7, 10]","[0, 7, 10]",150000.0,0.5,1.4142135623730951,0.0,0.02631578947368421,0.08451542547285167
7XTyc,Celebrity,52,76,2.0,F,V,Bb major,(112011),1,1,2,0,1,1,6,4-13A,4,4,"[3, 4, 6, 9]","[1, 4, 10, 11]",151000.0,2.3,1.7320508075688772,0.057692307692307696,0.12105263157894736,0.10350983390135313
7XTyc,Celebrity,53,77,0.0,F,V,Bb major,(101310),1,0,1,3,1,0,6,4-19A,4,5,"[1, 2, 5, 9]","[0, 4, 8, 9]",152000.0,1.0,3.4641016151377544,0.057692307692307696,0.05263157894736842,0.20701966780270625
7XTyc,Celebrity,54,77,2.0,B-,I,Bb major,(221100),2,2,1,1,0,0,6,4-2B,4,4,"[0, 8, 10, 11]","[0, 1, 2, 10]",153000.0,3.0,3.1622776601683795,0.057692307692307696,0.15789473684210525,0.18898223650461363
7XTyc,Celebrity,55,78,0.0,E-,IV,Bb major,(021120),0,2,1,1,2,0,6,4-22B,4,4,"[0, 3, 5, 7]","[0, 2, 4, 9]",154000.0,1.0,2.8284271247461903,0.057692307692307696,0.05263157894736842,0.16903085094570333
7XTyc,Celebrity,56,78,2.0,E-,IV,Bb major,(020100),0,2,0,1,0,0,3,3-6,3,3,"[0, 2, 10]","[7, 9, 11]",155000.0,1.0,2.23606797749979,0.0,0.05263157894736842,0.1336306209562122
7XTyc,Celebrity,57,79,0.0,B-,I,Bb major,(111120),1,1,1,1,2,0,6,4-14B,4,7,"[0, 5, 9, 10]","[0, 2, 7, 11]",156000.0,1.5,2.6457513110645907,0.057692307692307696,0.07894736842105263,0.15811388300841897
7XTyc,Celebrity,58,81,0.0,D,III,Bb major,(212221),2,1,2,2,2,1,10,5-38A,5,8,"[0, 3, 6, 10, 11]","[1, 4, 8, 9, 10]",160000.0,3.3,2.0,0.1346153846153846,0.17368421052631577,0.11952286093343936
7XTyc,Celebrity,59,82,0.0,D,III,Bb major,(234222),2,3,4,2,2,2,15,6-45,6,7,"[0, 3, 5, 6, 7, 9]","[1, 3, 4, 5, 7, 10]",162000.0,5.1,3.0,0.23076923076923078,0.26842105263157895,0.17928429140015903
7XTyc,Celebrity,60,83,0.0,G,VI,Bb major,(111000),1,1,1,0,0,0,3,3-2A,3,4,"[1, 2, 4]","[6, 7, 9]",164000.0,1.5,5.0990195135927845,0.0,0.07894736842105263,0.304724700110022
7XTyc,Celebrity,61,84,0.0,G,VI,Bb major,(233241),2,3,3,2,4,1,15,6-25B,6,8,"[0, 2, 3, 5, 7, 8]","[0, 1, 5, 7, 8, 10]",166000.0,4.3,5.477225575051661,0.23076923076923078,0.2263157894736842,0.32732683535398854
7XTyc,Celebrity,62,85,0.0,C,II,Bb major,(453432),4,5,3,4,3,2,21,7-9A,7,9,"[0, 2, 6, 7, 8, 9, 10]","[0, 2, 6, 7, 8, 9, 10]",168000.0,8.1,3.7416573867739413,0.34615384615384615,0.4263157894736842,0.22360679774997896
7XTyc,Celebrity,63,86,0.0,C,II,Bb major,(456562),4,5,6,5,6,2,28,8-26,8,10,"[0, 1, 2, 4, 5, 7, 9, 10]","[0, 1, 2, 4, 5, 7, 9, 10]",170000.0,8.1,4.358898943540674,0.4807692307692308,0.4263157894736842,0.26049403612586386
7XTyc,Celebrity,64,87,0.0,C,II,Bb major,(233241),2,3,3,2,4,1,15,6-25B,6,9,"[0, 2, 3, 7, 9, 10]","[0, 2, 3, 7, 9, 10]",172000.0,4.3,5.5677643628300215,0.23076923076923078,0.2263157894736842,0.33273756282434613
7XTyc,Celebrity,65,89,0.0,B-,I,Bb major,(100110),1,0,0,1,1,0,3,3-4B,3,6,"[2, 3, 10]","[0, 4, 5]",176000.0,1.0,5.477225575051661,0.0,0.05263157894736842,0.32732683535398854
7XTyc,Celebrity,66,90,0.0,C,II,Bb major,(121110),1,2,1,1,1,0,6,4-11B,4,5,"[0, 2, 3, 10]","[0, 2, 3, 10]",178000.0,2.0,2.23606797749979,0.057692307692307696,0.10526315789473684,0.1336306209562122
7XTyc,Celebrity,67,91,0.0,D,III,Bb major,(122230),1,2,2,2,3,0,10,5-27A,5,5,"[0, 2, 5, 9, 10]","[0, 3, 7, 8, 10]",180000.0,2.0,2.449489742783178,0.1346153846153846,0.10526315789473684,0.14638501094227996
7XTyc,Celebrity,68,91,2.0,D-,bIII,Bb major,(012120),0,1,2,1,2,0,6,4-26,4,4,"[1, 4, 8, 11]","[0, 3, 7, 10]",181000.0,0.5,2.0,0.057692307692307696,0.02631578947368421,0.11952286093343936
7XTyc,Celebrity,69,92,0.0,C,II,Bb major,(121110),1,2,1,1,1,0,6,4-11B,4,4,"[0, 2, 3, 10]","[0, 2, 3, 10]",182000.0,2.0,2.0,0.057692307692307696,0.10526315789473684,0.11952286093343936
7XTyc,Celebrity,70,93,0.0,F,V,Bb major,(100110),1,0,0,1,1,0,3,3-4B,3,4,"[2, 3, 10]","[5, 9, 10]",184000.0,1.0,2.23606797749979,0.0,0.05263157894736842,0.1336306209562122
7XTyc,Celebrity,71,94,0.0,E-,IV,Bb major,(121110),1,2,1,1,1,0,6,4-11B,4,5,"[0, 2, 3, 10]","[0, 7, 9, 11]",186000.0,2.0,2.23606797749979,0.057692307692307696,0.10526315789473684,0.1336306209562122
7XTyc,Celebrity,72,95,0.0,B-,I,Bb major,(233241),2,3,3,2,4,1,15,6-25B,6,8,"[0, 2, 3, 7, 9, 10]","[0, 2, 4, 5, 9, 11]",188000.0,4.3,4.123105625617661,0.23076923076923078,0.2263157894736842,0.24640269015229058
7XTyc,Celebrity,73,96,0.0,B-,I,Bb major,(111000),1,1,1,0,0,0,3,3-2A,3,5,"[0, 9, 10]","[0, 2, 11]",190000.0,1.5,5.477225575051661,0.0,0.07894736842105263,0.32732683535398854
9RfYc,Now's the Time (No. 2),0,2,0.0,F,I,F major,(010020),0,1,0,0,2,0,3,3-9,3,6,"[0, 5, 7]","[0, 2, 7]",2000.0,0.5,0.0,0.0,0.02631578947368421,0.0
9RfYc,Now's the Time (No. 2),1,3,0.0,F,I,F major,(010020),0,1,0,0,2,0,3,3-9,3,6,"[0, 5, 7]","[0, 2, 7]",4000.0,0.5,0.0,0.0,0.02631578947368421,0.0
9RfYc,Now's the Time (No. 2),2,4,0.0,F,I,F major,(010020),0,1,0,0,2,0,3,3-9,3,8,"[0, 5, 7]","[0, 2, 7]",6000.0,0.5,0.0,0.0,0.02631578947368421,0.0
9RfYc,Now's the Time (No. 2),3,5,0.0,F,I,F major,(010020),0,1,0,0,2,0,3,3-9,3,6,"[0, 5, 7]","[0, 2, 7]",8000.0,0.5,0.0,0.0,0.02631578947368421,0.0
9RfYc,Now's the Time (No. 2),4,6,0.0,B-,IV,F major,(021030),0,2,1,0,3,0,6,4-23,4,7,"[0, 5, 7, 10]","[0, 2, 7, 9]",10000.0,1.0,1.7320508075688772,0.057692307692307696,0.05263157894736842,0.10350983390135313
9RfYc,Now's the Time (No. 2),5,7,0.0,B-,IV,F major,(010020),0,1,0,0,2,0,3,3-9,3,4,"[0, 5, 7]","[2, 7, 9]",12000.0,0.5,1.7320508075688772,0.0,0.02631578947368421,0.10350983390135313
9RfYc,Now's the Time (No. 2),6,8,0.0,F,I,F major,(010020),0,1,0,0,2,0,3,3-9,3,8,"[0, 5, 7]","[0, 2, 7]",14000.0,0.5,0.0,0.0,0.02631578947368421,0.0
9RfYc,Now's the Time (No. 2),7,9,0.0,F,I,F major,(111120),1,1,1,1,2,0,6,4-14A,4,6,"[0, 5, 7, 8]","[0, 2, 3, 7]",16000.0,1.5,1.7320508075688772,0.057692307692307696,0.07894736842105263,0.10350983390135313
9RfYc,Now's the Time (No. 2),8,10,0.0,G,II,F major,(114112),1,1,4,1,1,2,10,5-31B,5,7,"[2, 5, 8, 10, 11]","[1, 3, 4, 7, 10]",18000.0,3.1,3.7416573867739413,0.1346153846153846,0.1631578947368421,0.22360679774997896
9RfYc,Now's the Time (No. 2),9,11,0.0,C,V,F major,(020100),0,2,0,1,0,0,3,3-6,3,6,"[3, 5, 7]","[3, 5, 7]",20000.0,1.0,4.795831523312719,0.0,0.05263157894736842,0.2866057521105554
9RfYc,Now's the Time (No. 2),10,14,0.0,F,I,F major,(111120),1,1,1,1,2,0,6,4-14B,4,6,"[0, 5, 9, 10]","[0, 4, 5, 7]",26000.0,1.5,2.6457513110645907,0.057692307692307696,0.07894736842105263,0.15811388300841897
9RfYc,Now's the Time (No. 2),11,15,0.0,F,I,F major,(012120),0,1,2,1,2,0,6,4-26,4,7,"[0, 2, 5, 9]","[0, 4, 7, 9]",28000.0,0.5,1.4142135623730951,0.057692307692307696,0.02631578947368421,0.08451542547285167
9RfYc,Now's the Time (No. 2),12,16,0.0,F,I,F major,(010101),0,1,0,1,0,1,3,3-8A,3,3,"[3, 5, 9]","[0, 4, 10]",30000.0,1.3,3.0,0.0,0.06842105263157895,0.17928429140015903
9RfYc,Now's the Time (No. 2),13,18,0.0,B-,IV,F major,(012111),0,1,2,1,1,1,6,4-27A,4,5,"[0, 2, 5, 8]","[2, 4, 7, 10]",34000.0,1.3,2.23606797749979,0.057692307692307696,0.06842105263157895,0.1336306209562122
9RfYc,Now's the Time (No. 2),14,19,0.0,B-,IV,F major,(112011),1,1,2,0,1,1,6,4-13B,4,5,"[2, 5, 7, 8]","[4, 7, 9, 10]",36000.0,2.3,1.4142135623730951,0.057692307692307696,0.12105263157894736,0.08451542547285167
9RfYc,Now's the Time (No. 2),15,20,0.0,F,I,F major,(012111),0,1,2,1,1,1,6,4-27A,4,6,"[0, 2, 5, 8]","[0, 3, 7, 9]",38000.0,1.3,1.4142135623730951,0.057692307692307696,0.06842105263157895,0.08451542547285167
9RfYc,Now's the Time (No. 2),16,21,0.0,F,I,F major,(122230),1,2,2,2,3,0,10,5-27B,5,8,"[0, 2, 4, 5, 9]","[0, 4, 7, 9, 11]",40000.0,2.0,2.8284271247461903,0.1346153846153846,0.10526315789473684,0.16903085094570333
9RfYc,Now's the Time (No. 2),17,23,0.0,C,V,F major,(233331),2,3,3,3,3,1,15,6-24A,6,8,"[0, 1, 3, 5, 9, 10]","[0, 1, 3, 5, 9, 10]",44000.0,4.3,2.23606797749979,0.23076923076923078,0.2263157894736842,0.1336306209562122
9RfYc,Now's the Time (No. 2),18,24,0.0,F,I,F major,(112011),1,1,2,0,1,1,6,4-13B,4,7,"[2, 5, 7, 8]","[0, 2, 3, 9]",46000.0,2.3,4.358898943540674,0.057692307692307696,0.12105263157894736,0.26049403612586386
9RfYc,Now's the Time (No. 2),19,26,0.0,F,I,F major,(143241),1,4,3,2,4,1,15,6-33B,6,9,"[0, 3, 5, 7, 9, 10]","[0, 2, 4, 5, 7, 10]",50000.0,3.8,4.795831523312719,0.23076923076923078,0.19999999999999998,0.2866057521105554
9RfYc,Now's the Time (No. 2),20,27,0.0,B-,IV,F major,(254442),2,5,4,4,4,2,21,7-34,7,9,"[0, 2, 4, 5, 7, 8, 10]","[0, 2, 4, 6, 7, 9, 10]",52000.0,6.1,2.8284271247461903,0.34615384615384615,0.32105263157894737,0.16903085094570333
9RfYc,Now's the Time (No. 2),21,28,0.0,F,I,F major,(233241),2,3,3,2,4,1,15,6-25B,6,11,"[0, 2, 3, 7, 9, 10]","[2, 4, 5, 7, 9, 10]",54000.0,4.3,3.1622776601683795,0.23076923076923078,0.2263157894736842,0.18898223650461363
9RfYc,Now's the Time (No. 2),22,30,0.0,B-,IV,F major,(222121),2,2,2,1,2,1,10,5-36B,5,7,"[2, 5, 7, 8, 9]","[4, 7, 9, 10, 11]",58000.0,3.8,2.6457513110645907,0.1346153846153846,0.19999999999999998,0.15811388300841897
9RfYc,Now's the Time (No. 2),23,31,0.0,B-,IV,F major,(667773),6,6,7,7,7,3,36,9-11B,9,11,"[0, 1, 2, 4, 5, 6, 7, 9, 10]","[0, 2, 3, 4, 6, 7, 8, 9, 11]",60000.0,11.4,11.045361017187261,0.6346153846153846,0.6,0.6600865744084526
9RfYc,Now's the Time (No. 2),24,32,0.0,F,I,F major,(354351),3,5,4,3,5,1,21,7-23B,7,16,"[0, 2, 4, 5, 6, 7, 9]","[0, 1, 2, 4, 7, 9, 11]",62000.0,6.3,6.557438524302,0.34615384615384615,0.33157894736842103,0.3918819064098629
9RfYc,Now's the Time (No. 2),25,33,0.0,D,VI,F major,(434343),4,3,4,3,4,3,21,7-19A,7,8,"[0, 1, 2, 3, 6, 7, 9]","[0, 1, 4, 5, 7, 10, 11]",64000.0,7.9,3.1622776601683795,0.34615384615384615,0.41578947368421054,0.18898223650461363
9RfYc,Now's the Time (No. 2),26,34,0.0,G,II,F major,(143250),1,4,3,2,5,0,15,6-32,6,12,"[0, 2, 5, 7, 9, 10]","[0, 2, 3, 5, 7, 10]",66000.0,3.0,4.69041575982343,0.23076923076923078,0.15789473684210525,0.2803059552906941
9RfYc,Now's the Time (No. 2),27,35,0.0,C,V,F major,(101220),1,0,1,2,2,0,6,4-20,4,4,"[0, 4, 5, 9]","[0, 4, 5, 9]",68000.0,1.0,5.385164807134504,0.057692307692307696,0.05263157894736842,0.3218251521733945
9RfYc,Now's the Time (No. 2),28,38,0.0,F,I,F major,(011010),0,1,1,0,1,0,3,3-7A,3,4,"[0, 2, 5]","[0, 7, 9]",74000.0,0.5,2.6457513110645907,0.0,0.02631578947368421,0.15811388300841897
9RfYc,Now's the Time (No. 2),29,39,0.0,B-,IV,F major,(225222),2,2,5,2,2,2,15,6-27B,6,12,"[2, 5, 7, 8, 10, 11]","[0, 1, 4, 7, 9, 10]",76000.0,4.6,5.477225575051661,0.23076923076923078,0.2421052631578947,0.32732683535398854
9RfYc,Now's the Time (No. 2),30,41,0.0,C,V,F major,(111000),1,1,1,0,0,0,3,3-2B,3,4,"[7, 9, 10]","[7, 9, 10]",80000.0,1.5,5.477225575051661,0.0,0.07894736842105263,0.32732683535398854
9RfYc,Now's the Time (No. 2),31,41,2.0,F,I,F major,(343230),3,4,3,2,3,0,15,6-8,6,8,"[0, 2, 3, 4, 5, 7]","[0, 2, 7, 9, 10, 11]",81000.0,5.0,5.477225575051661,0.23076923076923078,0.2631578947368421,0.32732683535398854
9RfYc,Now's the Time (No. 2),32,42,0.0,B-,IV,F major,(354351),3,5,4,3,5,1,21,7-23B,7,16,"[0, 2, 5, 7, 9, 10, 11]","[0, 1, 2, 4, 7, 9, 11]",82000.0,6.3,2.8284271247461903,0.34615384615384615,0.33157894736842103,0.16903085094570333
9RfYc,Now's the Time (No. 2),33,44,0.0,F,I,F major,(465562),4,6,5,5,6,2,28,8-22B,8,12,"[0, 2, 4, 5, 7, 8, 9, 10]","[0, 2, 3, 4, 5, 7, 9, 11]",86000.0,8.6,3.0,0.4807692307692308,0.4526315789473684,0.17928429140015903
9RfYc,Now's the Time (No. 2),34,45,0.0,F,I,F major,(888894),8,8,8,8,9,4,45,10-5,10,15,"[0, 1, 2, 4, 5, 6, 7, 9, 10, 11]","[0, 1, 2, 4, 5, 6, 7, 8, 9, 11]",88000.0,15.2,7.14142842854285,0.8076923076923077,0.7999999999999999,0.42678197846541877
9RfYc,Now's the Time (No. 2),35,46,0.0,G,II,F major,(121110),1,2,1,1,1,0,6,4-11B,4,6,"[5, 7, 9, 10]","[0, 2, 3, 10]",90000.0,2.0,16.217274740226856,0.057692307692307696,0.10526315789473684,0.9691675367477567
9RfYc,Now's the Time (No. 2),36,47,0.0,C,V,F major,(114112),1,1,4,1,1,2,10,5-31B,5,7,"[0, 1, 4, 7, 10]","[0, 1, 4, 7, 10]",92000.0,3.1,3.7416573867739413,0.1346153846153846,0.1631578947368421,0.22360679774997896
9RfYc,Now's the Time (No. 2),37,48,0.0,F,I,F major,(021120),0,2,1,1,2,0,6,4-22A,4,7,"[0, 5, 7, 9]","[0, 2, 4, 7]",94000.0,1.0,4.0,0.057692307692307696,0.05263157894736842,0.23904572186687872
9RfYc,Now's the Time (No. 2),38,49,0.0,G,II,F major,(202420),2,0,2,4,2,0,10,5-21A,5,6,"[1, 2, 5, 9, 10]","[2, 3, 6, 7, 10]",96000.0,2.0,4.242640687119285,0.1346153846153846,0.10526315789473684,0.25354627641855493
9RfYc,Now's the Time (No. 2),39,49,2.0,C,V,F major,(111000),1,1,1,0,0,0,3,3-2B,3,3,"[0, 1, 10]","[0, 1, 10]",97000.0,1.5,4.795831523312719,0.0,0.07894736842105263,0.2866057521105554
9THwc,Cosmic Rays,0,1,0.0,C,I,C major,(443352),4,4,3,3,5,2,21,7-14A,7,11,"[0, 4, 5, 6, 7, 9, 11]","[0, 4, 5, 6, 7, 9, 11]",0.0,7.6,0.0,0.34615384615384615,0.39999999999999997,0.0
9THwc,Cosmic Rays,1,2,0.0,F,IV,C major,(011010),0,1,1,0,1,0,3,3-7B,3,4,"[0, 3, 5]","[0, 7, 10]",2000.0,0.5,7.615773105863909,0.0,0.02631578947368421,0.45512949491639976
9THwc,Cosmic Rays,2,3,0.0,C,I,C major,(131221),1,3,1,2,2,1,10,5-24B,5,8,"[0, 2, 4, 5, 10]","[0, 2, 4, 5, 10]",4000.0,3.3,3.3166247903554,0.1346153846153846,0.17368421052631577,0.19820624179302296
9THwc,Cosmic Rays,3,5,0.0,F,IV,C major,(232341),2,3,2,3,4,1,15,6-26,6,11,"[0, 2, 4, 5, 9, 10]","[0, 4, 5, 7, 9, 11]",8000.0,4.3,2.6457513110645907,0.23076923076923078,0.2263157894736842,0.15811388300841897
9THwc,Cosmic Rays,4,6,0.0,F,IV,C major,(111120),1,1,1,1,2,0,6,4-14A,4,7,"[0, 5, 7, 8]","[0, 2, 3, 7]",10000.0,1.5,3.872983346207417,0.057692307692307696,0.07894736842105263,0.23145502494313788
9THwc,Cosmic Rays,5,9,0.0,D,II,C major,(122230),1,2,2,2,3,0,10,5-27A,5,7,"[0, 4, 5, 7, 9]","[2, 3, 5, 7, 10]",16000.0,2.0,2.0,0.1346153846153846,0.10526315789473684,0.11952286093343936
9THwc,Cosmic Rays,6,10,0.0,G,V,C major,(224232),2,2,4,2,3,2,15,6-29,6,8,"[0, 2, 5, 7, 8, 11]","[0, 1, 4, 5, 7, 10]",18000.0,4.6,3.0,0.23076923076923078,0.2421052631578947,0.17928429140015903
9THwc,Cosmic Rays,7,11,0.0,A,VI,C major,(012120),0,1,2,1,2,0,6,4-26,4,7,"[0, 4, 7, 9]","[0, 3, 7, 10]",20000.0,0.5,3.872983346207417,0.057692307692307696,0.02631578947368421,0.23145502494313788
9THwc,Cosmic Rays,8,13,0.0,C,I,C major,(667773),6,6,7,7,7,3,36,9-11B,9,16,"[0, 1, 2, 4, 5, 6, 7, 9, 10]","[0, 1, 2, 4, 5, 6, 7, 9, 10]",24000.0,11.4,12.489995996796797,0.6346153846153846,0.6,0.7464200272921789
9THwc,Cosmic Rays,9,14,0.0,F,IV,C major,(143241),1,4,3,2,4,1,15,6-33A,6,9,"[0, 2, 3, 5, 7, 9]","[0, 2, 4, 7, 9, 10]",26000.0,3.8,9.1104335791443,0.23076923076923078,0.19999999999999998,0.5444525428617002
9THwc,Cosmic Rays,10,15,0.0,C,I,C major,(888894),8,8,8,8,9,4,45,10-5,10,14,"[0, 2, 3, 4, 5, 6, 7, 9, 10, 11]","[0, 2, 3, 4, 5, 6, 7, 9, 10, 11]",28000.0,15.2,12.649110640673518,0.8076923076923077,0.7999999999999999,0.7559289460184545
9THwc,Cosmic Rays,11,16,0.0,G,V,C major,(345342),3,4,5,3,4,2,21,7-25A,7,8,"[0, 1, 2, 4, 5, 7, 10]","[0, 3, 5, 6, 7, 9, 10]",30000.0,6.6,10.198039027185569,0.34615384615384615,0.34736842105263155,0.609449400220044
9THwc,Cosmic Rays,12,16,2.0,C,I,C major,(554331),5,5,4,3,3,1,21,7-2A,7,9,"[0, 1, 3, 8, 9, 10, 11]","[0, 1, 3, 8, 9, 10, 11]",31000.0,8.3,2.8284271247461903,0.34615384615384615,0.4368421052631579,0.16903085094570333
9THwc,Cosmic Rays,13,17,0.0,F,IV,C major,(254361),2,5,4,3,6,1,21,7-35,7,15,"[0, 2, 3, 5, 7, 9, 10]","[0, 2, 4, 5, 7, 9, 10]",32000.0,5.3,4.242640687119285,0.34615384615384615,0.2789473684210526,0.25354627641855493
9THwc,Cosmic Rays,14,19,0.0,C,I,C major,(122230),1,2,2,2,3,0,10,5-27A,5,9,"[0, 2, 4, 7, 11]","[0, 2, 4, 7, 11]",36000.0,2.0,5.0,0.1346153846153846,0.10526315789473684,0.2988071523335984
9THwc,Cosmic Rays,15,21,0.0,D,II,C major,(444441),4,4,4,4,4,1,21,7-11A,7,11,"[0, 4, 5, 7, 8, 9, 10]","[2, 3, 5, 6, 7, 8, 10]",40000.0,6.8,4.795831523312719,0.34615384615384615,0.35789473684210527,0.2866057521105554
9THwc,Cosmic Rays,16,22,0.0,G,V,C major,(114112),1,1,4,1,1,2,10,5-31B,5,7,"[2, 4, 5, 8, 11]","[1, 4, 7, 9, 10]",42000.0,3.1,6.082762530298219,0.1346153846153846,0.1631578947368421,0.3635145899999849
9THwc,Cosmic Rays,17,23,0.0,E,III,C major,(432321),4,3,2,3,2,1,15,6-37,6,6,"[0, 4, 5, 6, 7, 8]","[0, 1, 2, 3, 4, 8]",44000.0,6.3,4.795831523312719,0.23076923076923078,0.33157894736842103,0.2866057521105554
9THwc,Cosmic Rays,18,25,0.0,C,I,C major,(354351),3,5,4,3,5,1,21,7-23A,7,12,"[0, 2, 3, 4, 5, 7, 9]","[0, 2, 3, 4, 5, 7, 9]",48000.0,6.3,4.242640687119285,0.34615384615384615,0.33157894736842103,0.25354627641855493
9THwc,Cosmic Rays,19,26,2.0,G-,#IV,C major,(100011),1,0,0,0,1,1,3,3-5B,3,5,"[0, 5, 6]","[0, 6, 11]",51000.0,1.8,8.366600265340756,0.0,0.09473684210526316,0.5
9THwc,Cosmic Rays,20,27,0.0,C,I,C major,(221100),2,2,1,1,0,0,6,4-2B,4,6,"[0, 2, 3, 4]","[0, 2, 3, 4]",52000.0,3.0,3.0,0.057692307692307696,0.15789473684210525,0.17928429140015903
9THwc,Cosmic Rays,21,29,0.0,F,IV,C major,(011010),0,1,1,0,1,0,3,3-7B,3,8,"[0, 3, 5]","[0, 7, 10]",56000.0,0.5,2.6457513110645907,0.0,0.02631578947368421,0.15811388300841897
9THwc,Cosmic Rays,22,30,0.0,F,IV,C major,(111000),1,1,1,0,0,0,3,3-2B,3,3,"[0, 2, 3]","[7, 9, 10]",58000.0,1.5,1.4142135623730951,0.0,0.07894736842105263,0.08451542547285167
9THwc,Cosmic Rays,23,30,2.0,G-,#IV,C major,(333231),3,3,3,2,3,1,15,6-11B,6,8,"[3, 5, 6, 8, 9, 10]","[0, 2, 3, 4, 9, 11]",59000.0,5.3,5.0990195135927845,0.23076923076923078,0.2789473684210526,0.304724700110022
9THwc,Cosmic Rays,24,31,0.0,C,I,C major,(465562),4,6,5,5,6,2,28,8-22B,8,16,"[0, 2, 3, 4, 5, 7, 9, 11]","[0, 2, 3, 4, 5, 7, 9, 11]",60000.0,8.6,5.744562646538029,0.4807692307692308,0.4526315789473684,0.34330328116279757
9THwc,Cosmic Rays,25,32,0.0,E-,bIII,C major,(212320),2,1,2,3,2,0,10,5-17,5,5,"[1, 2, 6, 10, 11]","[3, 7, 8, 10, 11]",62000.0,2.5,7.874007874011811,0.1346153846153846,0.13157894736842105,0.4705619740571601
9THwc,Cosmic Rays,26,32,2.0,D,II,C major,(202420),2,0,2,4,2,0,10,5-21B,5,6,"[1, 2, 6, 9, 10]","[0, 4, 7, 8, 11]",63000.0,2.0,1.4142135623730951,0.1346153846153846,0.10526315789473684,0.08451542547285167
9THwc,Cosmic Rays,27,33,0.0,D,II,C major,(353442),3,5,3,4,4,2,21,7-24B,7,16,"[0, 1, 2, 5, 7, 9, 11]","[0, 3, 5, 7, 9, 10, 11]",64000.0,7.1,5.916079783099616,0.34615384615384615,0.3736842105263158,0.3535533905932738
9THwc,Cosmic Rays,28,34,0.0,G,V,C major,(889884),8,8,9,8,8,4,45,10-3,10,13,"[0, 2, 3, 5, 6, 7, 8, 9, 10, 11]","[0, 1, 2, 3, 4, 5, 7, 8, 10, 11]",66000.0,15.2,10.295630140987,0.8076923076923077,0.7999999999999999,0.615281584781658
9THwc,Cosmic Rays,29,35,0.0,C,I,C major,(555562),5,5,5,5,6,2,28,8-14B,8,8,"[0, 2, 3, 4, 7, 9, 10, 11]","[0, 2, 3, 4, 7, 9, 10, 11]",68000.0,9.1,7.14142842854285,0.4807692307692308,0.4789473684210526,0.42678197846541877
9THwc,Cosmic Rays,30,35,2.0,A,VI,C major,(111120),1,1,1,1,2,0,6,4-14A,4,4,"[0, 4, 9, 11]","[0, 2, 3, 7]",69000.0,1.5,9.16515138991168,0.057692307692307696,0.07894736842105263,0.5477225575051661
9THwc,Cosmic Rays,31,36,2.0,G,V,C major,(344352),3,4,4,3,5,2,21,7-29A,7,7,"[0, 2, 4, 5, 7, 10, 11]","[0, 3, 4, 5, 7, 9, 10]",71000.0,6.6,6.244997998398398,0.34615384615384615,0.34736842105263155,0.37321001364608947
BRfYc,Moose the Mooche,0,1,0.0,B-,I,Bb major,(111000),1,1,1,0,0,0,3,3-2A,3,5,"[2, 3, 5]","[4, 5, 7]",0.0,1.5,0.0,0.0,0.07894736842105263,0.0
BRfYc,Moose the Mooche,1,2,0.0,C,II,Bb major,(012120),0,1,2,1,2,0,6,4-26,4,4,"[0, 3, 7, 10]","[0, 3, 7, 10]",2000.0,0.5,2.6457513110645907,0.057692307692307696,0.02631578947368421,0.15811388300841897
BRfYc,Moose the Mooche,2,2,2.0,F,V,Bb major,(102111),1,0,2,1,1,1,6,4-18B,4,4,"[1, 2, 7, 10]","[2, 5, 8, 9]",3000.0,1.8,2.0,0.057692307692307696,0.09473684210526316,0.11952286093343936
BRfYc,Moose the Mooche,3,3,0.0,B-,I,Bb major,(021120),0,2,1,1,2,0,6,4-22A,4,5,"[0, 2, 5, 10]","[0, 2, 4, 7]",4000.0,1.0,2.8284271247461903,0.057692307692307696,0.05263157894736842,0.16903085094570333
BRfYc,Moose the Mooche,4,4,2.0,F,V,Bb major,(010020),0,1,0,0,2,0,3,3-9,3,3,"[0, 5, 7]","[0, 2, 7]",7000.0,0.5,1.7320508075688772,0.0,0.02631578947368421,0.10350983390135313
BRfYc,Moose the Mooche,5,5,0.0,F,V,Bb major,(210000),2,1,0,0,0,0,3,3-1,3,4,"[6, 7, 8]","[1, 2, 3]",8000.0,2.5,2.8284271247461903,0.0,0.13157894736842105,0.16903085094570333
BRfYc,Moose the Mooche,6,6,0.0,E-,IV,Bb major,(102111),1,0,2,1,1,1,6,4-18B,4,6,"[1, 2, 7, 10]","[4, 7, 10, 11]",10000.0,1.8,3.0,0.057692307692307696,0.09473684210526316,0.17928429140015903
BRfYc,Moose the Mooche,7,7,0.0,B-,I,Bb major,(211231),2,1,1,2,3,1,10,5-20A,5,6,"[2, 3, 5, 9, 10]","[0, 4, 5, 7, 11]",12000.0,3.3,2.8284271247461903,0.1346153846153846,0.17368421052631577,0.16903085094570333
BRfYc,Moose the Mooche,8,8,0.0,C,II,Bb major,(122230),1,2,2,2,3,0,10,5-27B,5,5,"[2, 5, 7, 9, 10]","[2, 5, 7, 9, 10]",14000.0,2.0,2.0,0.1346153846153846,0.10526315789473684,0.11952286093343936
BRfYc,Moose the Mooche,9,8,2.0,F,V,Bb major,(002001),0,0,2,0,0,1,3,3-10,3,4,"[2, 5, 8]","[0, 3, 9]",15000.0,0.8,4.358898943540674,0.0,0.042105263157894736,0.26049403612586386
BRfYc,Moose the Mooche,10,9,0.0,B-,I,Bb major,(111000),1,1,1,0,0,0,3,3-2A,3,4,"[2, 3, 5]","[4, 5, 7]",16000.0,1.5,2.0,0.0,0.07894736842105263,0.11952286093343936
BRfYc,Moose the Mooche,11,10,0.0,C,II,Bb major,(012120),0,1,2,1,2,0,6,4-26,4,4,"[0, 3, 7, 10]","[0, 3, 7, 10]",18000.0,0.5,2.6457513110645907,0.057692307692307696,0.02631578947368421,0.15811388300841897
BRfYc,Moose the Mooche,12,10,2.0,F,V,Bb major,(012111),0,1,2,1,1,1,6,4-27A,4,4,"[0, 3, 6, 10]","[1, 5, 7, 10]",19000.0,1.3,1.4142135623730951,0.057692307692307696,0.06842105263157895,0.08451542547285167
BRfYc,Moose the Mooche,13,11,0.0,B-,I,Bb major,(021120),0,2,1,1,2,0,6,4-22A,4,5,"[0, 2, 5, 10]","[0, 2, 4, 7]",20000.0,1.0,2.0,0.057692307692307696,0.05263157894736842,0.11952286093343936
BRfYc,Moose the Mooche,14,12,0.0,C,II,Bb major,(001110),0,0,1,1,1,0,3,3-11A,3,3,"[0, 3, 7]","[0, 3, 7]",22000.0,0.0,2.23606797749979,0.0,0.0,0.1336306209562122
BRfYc,Moose the Mooche,15,12,2.0,F,V,Bb major,(030201),0,3,0,2,0,1,6,4-21,4,4,"[0, 2, 8, 10]","[3, 5, 7, 9]",23000.0,2.3,3.605551275463989,0.057692307692307696,0.12105263157894736,0.21547290184283363
BRfYc,Moose the Mooche,16,13,0.0,B-,I,Bb major,(313431),3,1,3,4,3,1,15,6-19B,6,6,"[0, 2, 3, 7, 8, 11]","[1, 2, 4, 5, 9, 10]",24000.0,4.3,5.916079783099616,0.23076923076923078,0.2263157894736842,0.3535533905932738
BRfYc,Moose the Mooche,17,14,0.0,E-,IV,Bb major,(032140),0,3,2,1,4,0,10,5-35,5,6,"[0, 2, 5, 7, 10]","[2, 4, 7, 9, 11]",26000.0,1.5,5.0,0.1346153846153846,0.07894736842105263,0.2988071523335984
BRfYc,Moose the Mooche,18,14,2.0,A-,bVII,Bb major,(001110),0,0,1,1,1,0,3,3-11B,3,3,"[1, 6, 10]","[2, 5, 10]",27000.0,0.0,4.358898943540674,0.0,0.0,0.26049403612586386
BRfYc,Moose the Mooche,19,15,0.0,B-,I,Bb major,(021120),0,2,1,1,2,0,6,4-22B,4,4,"[0, 3, 5, 7]","[2, 5, 7, 9]",28000.0,1.0,2.23606797749979,0.057692307692307696,0.05263157894736842,0.1336306209562122
BRfYc,Moose the Mooche,20,16,0.0,B-,I,Bb major,(332232),3,3,2,2,3,2,15,6-12B,6,6,"[0, 2, 3, 4, 9, 10]","[0, 2, 4, 5, 6, 11]",30000.0,6.1,4.123105625617661,0.23076923076923078,0.32105263157894737,0.24640269015229058
BRfYc,Moose the Mooche,21,17,0.0,A,VII,Bb major,(111000),1,1,1,0,0,0,3,3-2A,3,3,"[6, 7, 9]","[0, 9, 10]",32000.0,1.5,5.0990195135927845,0.0,0.07894736842105263,0.304724700110022
BRfYc,Moose the Mooche,22,18,0.0,D,III,Bb major,(221100),2,2,1,1,0,0,6,4-2A,4,6,"[0, 1, 2, 4]","[0, 2, 10, 11]",34000.0,3.0,1.7320508075688772,0.057692307692307696,0.15789473684210525,0.10350983390135313
BRfYc,Moose the Mooche,23,19,0.0,D,III,Bb major,(143241),1,4,3,2,4,1,15,6-33A,6,8,"[2, 4, 5, 7, 9, 11]","[0, 2, 3, 5, 7, 9]",36000.0,3.8,5.196152422706632,0.23076923076923078,0.19999999999999998,0.3105295017040594
BRfYc,Moose the Mooche,24,21,0.0,G,VI,Bb major,(122131),1,2,2,1,3,1,10,5-29B,5,5,"[2, 4, 7, 9, 10]","[0, 2, 3, 7, 9]",40000.0,2.8,2.6457513110645907,0.1346153846153846,0.14736842105263157,0.15811388300841897
BRfYc,Moose the Mooche,25,22,0.0,C,II,Bb major,(021030),0,2,1,0,3,0,6,4-23,4,6,"[0, 2, 7, 9]","[0, 2, 7, 9]",42000.0,1.0,2.0,0.057692307692307696,0.05263157894736842,0.11952286093343936
BRfYc,Moose the Mooche,26,23,0.0,C,II,Bb major,(221100),2,2,1,1,0,0,6,4-2A,4,6,"[1, 2, 3, 5]","[1, 2, 3, 5]",44000.0,3.0,3.7416573867739413,0.057692307692307696,0.15789473684210525,0.22360679774997896
BRfYc,Moose the Mooche,27,24,0.0,F,V,Bb major,(121110),1,2,1,1,1,0,6,4-11A,4,4,"[3, 4, 6, 8]","[1, 3, 10, 11]",46000.0,2.0,1.4142135623730951,0.057692307692307696,0.10526315789473684,0.08451542547285167
BRfYc,Moose the Mooche,28,25,0.0,B-,I,Bb major,(111000),1,1,1,0,0,0,3,3-2A,3,5,"[2, 3, 5]","[4, 5, 7]",48000.0,1.5,1.7320508075688772,0.0,0.07894736842105263,0.10350983390135313
BRfYc,Moose the Mooche,29,26,0.0,C,II,Bb major,(012120),0,1,2,1,2,0,6,4-26,4,4,"[0, 3, 7, 10]","[0, 3, 7, 10]",50000.0,0.5,2.6457513110645907,0.057692307692307696,0.02631578947368421,0.15811388300841897
BRfYc,Moose the Mooche,30,26,2.0,F,V,Bb major,(102111),1,0,2,1,1,1,6,4-18B,4,4,"[1, 2, 7, 10]","[2, 5, 8, 9]",51000.0,1.8,2.0,0.057692307692307696,0.09473684210526316,0.11952286093343936
BRfYc,Moose the Mooche,31,27,0.0,B-,I,Bb major,(021120),0,2,1,1,2,0,6,4-22A,4,5,"[0, 2, 5, 10]","[0, 2, 4, 7]",52000.0,1.0,2.8284271247461903,0.057692307692307696,0.05263157894736842,0.16903085094570333
BRfYc,Moose the Mooche,32,28,2.0,F,V,Bb major,(010020),0,1,0,0,2,0,3,3-9,3,3,"[0, 5, 7]","[0, 2, 7]",55000.0,0.5,1.7320508075688772,0.0,0.02631578947368421,0.10350983390135313
BRfYc,Moose the Mooche,33,29,0.0,B-,I,Bb major,(321121),3,2,1,1,2,1,10,5-5A,5,6,"[0, 5, 6, 7, 8]","[2, 7, 8, 9, 10]",56000.0,4.8,3.605551275463989,0.1346153846153846,0.25263157894736843,0.21547290184283363
BRfYc,Moose the Mooche,34,30,0.0,E-,IV,Bb major,(102111),1,0,2,1,1,1,6,4-18B,4,6,"[1, 2, 7, 10]","[4, 7, 10, 11]",58000.0,1.8,3.1622776601683795,0.057692307692307696,0.09473684210526316,0.18898223650461363
BRfYc,Moose the Mooche,35,31,0.0,B-,I,Bb major,(132130),1,3,2,1,3,0,10,5-23A,5,7,"[0, 1, 3, 5, 10]","[0, 2, 3, 5, 7]",60000.0,2.5,3.7416573867739413,0.1346153846153846,0.13157894736842105,0.22360679774997896
BRfYc,Moose the Mooche,36,32,0.0,C,II,Bb major,(011010),0,1,1,0,1,0,3,3-7B,3,5,"[0, 7, 10]","[0, 7, 10]",62000.0,0.5,3.3166247903554,0.0,0.02631578947368421,0.19820624179302296
BRfYc,Moose the Mooche,37,33,0.0,B-,I,Bb major,(111000),1,1,1,0,0,0,3,3-2A,3,4,"[0, 9, 10]","[0, 2, 11]",64000.0,1.5,1.4142135623730951,0.0,0.07894736842105263,0.08451542547285167
BRfYc,Moose the Mooche,38,34,0.0,C,II,Bb major,(111000),1,1,1,0,0,0,3,3-2A,3,4,"[3, 4, 6]","[3, 4, 6]",66000.0,1.5,0.0,0.0,0.07894736842105263,0.0
BRfYc,Moose the Mooche,39,34,2.0,F,V,Bb major,(111111),1,1,1,1,1,1,6,4-29A,4,5,"[2, 3, 5, 9]","[0, 4, 9, 10]",67000.0,2.3,1.7320508075688772,0.057692307692307696,0.12105263157894736,0.10350983390135313
BRfYc,Moose the Mooche,40,35,0.0,B-,I,Bb major,(011010),0,1,1,0,1,0,3,3-7A,3,3,"[5, 7, 10]","[0, 7, 9]",68000.0,0.5,1.7320508075688772,0.0,0.02631578947368421,0.10350983390135313
BRfYc,Moose the Mooche,41,37,0.0,B-,I,Bb major,(221100),2,2,1,1,0,0,6,4-2B,4,4,"[0, 8, 10, 11]","[0, 1, 2, 10]",72000.0,3.0,2.6457513110645907,0.057692307692307696,0.15789473684210525,0.15811388300841897
BRfYc,Moose the Mooche,42,38,0.0,E-,IV,Bb major,(021120),0,2,1,1,2,0,6,4-22B,4,4,"[0, 3, 5, 7]","[0, 2, 4, 9]",74000.0,1.0,2.8284271247461903,0.057692307692307696,0.05263157894736842,0.16903085094570333
BRfYc,Moose the Mooche,43,38,2.0,E-,IV,Bb major,(012111),0,1,2,1,1,1,6,4-27A,4,4,"[0, 3, 6, 10]","[0, 3, 7, 9]",75000.0,1.3,2.0,0.057692307692307696,0.06842105263157895,0.11952286093343936
BRfYc,Moose the Mooche,44,39,0.0,B-,I,Bb major,(121110),1,2,1,1,1,0,6,4-11A,4,8,"[0, 2, 9, 10]","[0, 2, 4, 11]",76000.0,2.0,2.0,0.057692307692307696,0.10526315789473684,0.11952286093343936
BRfYc,Moose the Mooche,45,41,0.0,B-,I,Bb major,(342231),3,4,2,2,3,1,15,6-9B,6,7,"[0, 2, 3, 4, 5, 10]","[0, 2, 4, 5, 6, 7]",80000.0,5.8,3.872983346207417,0.23076923076923078,0.30526315789473685,0.23145502494313788
BRfYc,Moose the Mooche,46,43,0.0,B-,I,Bb major,(465562),4,6,5,5,6,2,28,8-22A,8,8,"[0, 2, 4, 5, 6, 7, 9, 10]","[0, 2, 4, 6, 7, 8, 9, 11]",84000.0,8.6,5.744562646538029,0.4807692307692308,0.4526315789473684,0.34330328116279757
BRfYc,Moose the Mooche,47,44,0.0,C,II,Bb major,(001110),0,0,1,1,1,0,3,3-11B,3,4,"[3, 7, 10]","[3, 7, 10]",86000.0,0.0,10.63014581273465,0.0,0.0,0.6352727198388332
BRfYc,Moose the Mooche,48,44,2.0,F,V,Bb major,(102111),1,0,2,1,1,1,6,4-18B,4,4,"[1, 2, 7, 10]","[2, 5, 8, 9]",87000.0,1.8,1.7320508075688772,0.057692307692307696,0.09473684210526316,0.10350983390135313
BRfYc,Moose the Mooche,49,45,0.0,B-,I,Bb major,(432100),4,3,2,1,0,0,10,5-1,5,7,"[0, 8, 9, 10, 11]","[0, 1, 2, 10, 11]",88000.0,5.5,4.47213595499958,0.1346153846153846,0.2894736842105263,0.2672612419124244
BRfYc,Moose the Mooche,50,46,0.0,E-,IV,Bb major,(021120),0,2,1,1,2,0,6,4-22B,4,4,"[0, 3, 5, 7]","[0, 2, 4, 9]",90000.0,1.0,4.69041575982343,0.057692307692307696,0.05263157894736842,0.2803059552906941
BRfYc,Moose the Mooche,51,46,2.0,A-,bVII,Bb major,(012111),0,1,2,1,1,1,6,4-27A,4,6,"[0, 3, 6, 10]","[2, 4, 7, 10]",91000.0,1.3,2.0,0.057692307692307696,0.06842105263157895,0.11952286093343936
BRfYc,Moose the Mooche,52,49,0.0,A,VII,Bb major,(323430),3,2,3,4,3,0,15,6-14B,6,8,"[0, 4, 7, 8, 9, 11]","[0, 2, 3, 7, 10, 11]",96000.0,4.0,5.0,0.23076923076923078,0.21052631578947367,0.2988071523335984
BRfYc,Moose the Mooche,53,50,0.0,D,III,Bb major,(225222),2,2,5,2,2,2,15,6-27A,6,6,"[0, 2, 5, 8, 9, 11]","[0, 3, 6, 7, 9, 10]",98000.0,4.6,3.7416573867739413,0.23076923076923078,0.2421052631578947,0.22360679774997896
BRfYc,Moose the Mooche,54,51,0.0,D,III,Bb major,(321000),3,2,1,0,0,0,6,4-1,4,4,"[1, 2, 3, 4]","[0, 1, 2, 11]",100000.0,4.0,5.385164807134504,0.057692307692307696,0.21052631578947367,0.3218251521733945
BRfYc,Moose the Mooche,55,52,0.0,G,VI,Bb major,(232201),2,3,2,2,0,1,10,5-8,5,6,"[0, 2, 8, 10, 11]","[1, 3, 4, 5, 7]",102000.0,4.3,2.8284271247461903,0.1346153846153846,0.2263157894736842,0.16903085094570333
BRfYc,Moose the Mooche,56,53,0.0,G,VI,Bb major,(254361),2,5,4,3,6,1,21,7-35,7,8,"[0, 2, 4, 5, 7, 9, 10]","[0, 2, 3, 5, 7, 9, 10]",104000.0,5.3,6.708203932499369,0.34615384615384615,0.2789473684210526,0.4008918628686366
BRfYc,Moose the Mooche,57,54,0.0,C,II,Bb major,(143241),1,4,3,2,4,1,15,6-33A,6,9,"[0, 2, 4, 7, 9, 10]","[0, 2, 4, 7, 9, 10]",106000.0,3.8,2.8284271247461903,0.23076923076923078,0.19999999999999998,0.16903085094570333
BRfYc,Moose the Mooche,58,55,0.0,C,II,Bb major,(122010),1,2,2,0,1,0,6,4-10,4,9,"[0, 2, 3, 5]","[0, 2, 3, 5]",108000.0,2.0,4.358898943540674,0.057692307692307696,0.10526315789473684,0.26049403612586386
BRfYc,Moose the Mooche,59,58,0.0,C,II,Bb major,(011010),0,1,1,0,1,0,3,3-7A,3,3,"[0, 2, 5]","[0, 2, 5]",114000.0,0.5,1.7320508075688772,0.0,0.02631578947368421,0.10350983390135313
BRfYc,Moose the Mooche,60,59,2.0,D-,bIII,Bb major,(012120),0,1,2,1,2,0,6,4-26,4,4,"[1, 4, 8, 11]","[0, 3, 7, 10]",117000.0,0.5,1.7320508075688772,0.057692307692307696,0.02631578947368421,0.10350983390135313
BRfYc,Moose the Mooche,61,60,0.0,C,II,Bb major,(122010),1,2,2,0,1,0,6,4-10,4,5,"[0, 7, 9, 10]","[0, 7, 9, 10]",118000.0,2.0,2.0,0.057692307692307696,0.10526315789473684,0.11952286093343936
BRfYc,Moose the Mooche,62,60,2.0,F,V,Bb major,(122010),1,2,2,0,1,0,6,4-10,4,4,"[0, 2, 3, 5]","[0, 7, 9, 10]",119000.0,2.0,0.0,0.057692307692307696,0.10526315789473684,0.0
BRfYc,Moose the Mooche,63,61,0.0,B-,I,Bb major,(332110),3,3,2,1,1,0,10,5-2B,5,8,"[5, 7, 8, 9, 10]","[0, 7, 9, 10, 11]",120000.0,4.5,2.449489742783178,0.1346153846153846,0.23684210526315788,0.14638501094227996
BRfYc,Moose the Mooche,64,62,0.0,E-,IV,Bb major,(122010),1,2,2,0,1,0,6,4-10,4,5,"[0, 1, 3, 10]","[0, 7, 9, 10]",122000.0,2.0,2.449489742783178,0.057692307692307696,0.10526315789473684,0.14638501094227996
BRfYc,Moose the Mooche,65,63,0.0,B-,I,Bb major,(101100),1,0,1,1,0,0,3,3-3B,3,3,"[1, 2, 10]","[0, 3, 4]",124000.0,1.0,2.6457513110645907,0.0,0.05263157894736842,0.15811388300841897
BRfYc,Moose the Mooche,66,64,0.0,C,II,Bb major,(111000),1,1,1,0,0,0,3,3-2A,3,4,"[0, 9, 10]","[0, 9, 10]",126000.0,1.5,1.4142135623730951,0.0,0.07894736842105263,0.08451542547285167
BRfYc,Moose the Mooche,67,64,2.0,F,V,Bb major,(112011),1,1,2,0,1,1,6,4-13A,4,4,"[3, 4, 6, 9]","[1, 4, 10, 11]",127000.0,2.3,1.7320508075688772,0.057692307692307696,0.12105263157894736,0.10350983390135313
D3fYc,Yardbird Suite,0,1,0.0,C,I,C major,(011010),0,1,1,0,1,0,3,3-7A,3,3,"[0, 7, 9]","[0, 7, 9]",0.0,0.5,0.0,0.0,0.02631578947368421,0.0
D3fYc,Yardbird Suite,1,2,2.0,B-,bVII,C major,(121110),1,2,1,1,1,0,6,4-11B,4,4,"[3, 5, 7, 8]","[5, 7, 9, 10]",3000.0,2.0,1.7320508075688772,0.057692307692307696,0.10526315789473684,0.10350983390135313
D3fYc,Yardbird Suite,2,4,0.0,A,VI,C major,(111000),1,1,1,0,0,0,3,3-2A,3,6,"[4, 5, 7]","[7, 8, 10]",6000.0,1.5,1.7320508075688772,0.0,0.07894736842105263,0.10350983390135313
D3fYc,Yardbird Suite,3,6,0.0,G,V,C major,(122010),1,2,2,0,1,0,6,4-10,4,4,"[2, 4, 5, 7]","[0, 7, 9, 10]",10000.0,2.0,1.7320508075688772,0.057692307692307696,0.10526315789473684,0.10350983390135313
D3fYc,Yardbird Suite,4,7,2.0,A,VI,C major,(121110),1,2,1,1,1,0,6,4-11A,4,4,"[4, 5, 7, 9]","[0, 7, 8, 10]",13000.0,2.0,1.4142135623730951,0.057692307692307696,0.10526315789473684,0.08451542547285167
D3fYc,Yardbird Suite,5,9,0.0,C,I,C major,(011010),0,1,1,0,1,0,3,3-7A,3,3,"[0, 7, 9]","[0, 7, 9]",16000.0,0.5,1.7320508075688772,0.0,0.02631578947368421,0.10350983390135313
D3fYc,Yardbird Suite,6,10,2.0,B-,bVII,C major,(121110),1,2,1,1,1,0,6,4-11B,4,4,"[3, 5, 7, 8]","[5, 7, 9, 10]",19000.0,2.0,1.7320508075688772,0.057692307692307696,0.10526315789473684,0.10350983390135313
D3fYc,Yardbird Suite,7,12,0.0,A,VI,C major,(111000),1,1,1,0,0,0,3,3-2A,3,6,"[4, 5, 7]","[7, 8, 10]",22000.0,1.5,1.7320508075688772,0.0,0.07894736842105263,0.10350983390135313
D3fYc,Yardbird Suite,8,16,2.0,B,VII,C major,(111000),1,1,1,0,0,0,3,3-2A,3,4,"[6, 7, 9]","[7, 8, 10]",31000.0,1.5,0.0,0.0,0.07894736842105263,0.0
D3fYc,Yardbird Suite,9,17,0.0,E,III,C major,(122010),1,2,2,0,1,0,6,4-10,4,5,"[4, 6, 7, 9]","[0, 2, 3, 5]",32000.0,2.0,1.7320508075688772,0.057692307692307696,0.10526315789473684,0.10350983390135313
D3fYc,Yardbird Suite,10,19,0.0,E,III,C major,(344352),3,4,4,3,5,2,21,7-29B,7,8,"[0, 1, 4, 6, 7, 9, 11]","[0, 2, 3, 5, 7, 8, 9]",36000.0,6.6,6.4031242374328485,0.34615384615384615,0.34736842105263155,0.38265986388511064
D3fYc,Yardbird Suite,11,21,0.0,D,II,C major,(121110),1,2,1,1,1,0,6,4-11A,4,5,"[4, 5, 7, 9]","[2, 3, 5, 7]",40000.0,2.0,6.4031242374328485,0.057692307692307696,0.10526315789473684,0.38265986388511064
D3fYc,Yardbird Suite,12,22,2.0,A,VI,C major,(212100),2,1,2,1,0,0,6,4-3,4,4,"[1, 2, 4, 5]","[4, 5, 7, 8]",43000.0,2.5,2.0,0.057692307692307696,0.13157894736842105,0.11952286093343936
D3fYc,Yardbird Suite,13,24,0.0,D,II,C major,(122010),1,2,2,0,1,0,6,4-10,4,4,"[2, 4, 5, 7]","[0, 2, 3, 5]",46000.0,2.0,2.0,0.057692307692307696,0.10526315789473684,0.11952286093343936
D3fYc,Yardbird Suite,14,25,0.0,C,I,C major,(011010),0,1,1,0,1,0,3,3-7A,3,3,"[0, 7, 9]","[0, 7, 9]",48000.0,0.5,1.7320508075688772,0.0,0.02631578947368421,0.10350983390135313
D3fYc,Yardbird Suite,15,26,2.0,B-,bVII,C major,(121110),1,2,1,1,1,0,6,4-11B,4,4,"[3, 5, 7, 8]","[5, 7, 9, 10]",51000.0,2.0,1.7320508075688772,0.057692307692307696,0.10526315789473684,0.10350983390135313
D3fYc,Yardbird Suite,16,28,0.0,A,VI,C major,(210111),2,1,0,1,1,1,6,4-5A,4,6,"[3, 4, 5, 9]","[0, 6, 7, 8]",54000.0,3.3,2.0,0.057692307692307696,0.17368421052631577,0.11952286093343936
D3fYc,Yardbird Suite,17,30,0.0,G,V,C major,(143250),1,4,3,2,5,0,15,6-32,6,7,"[0, 2, 4, 7, 9, 11]","[0, 2, 4, 5, 7, 9]",58000.0,3.0,6.082762530298219,0.23076923076923078,0.15789473684210525,0.3635145899999849
D3fYc,Yardbird Suite,18,32,2.0,G,V,C major,(121110),1,2,1,1,1,0,6,4-11A,4,6,"[5, 6, 8, 10]","[1, 3, 10, 11]",63000.0,2.0,5.0,0.057692307692307696,0.10526315789473684,0.2988071523335984
D3fYc,Yardbird Suite,19,33,0.0,C,I,C major,(222121),2,2,2,1,2,1,10,5-36A,5,6,"[0, 1, 2, 4, 7]","[0, 1, 2, 4, 7]",64000.0,3.8,2.0,0.1346153846153846,0.19999999999999998,0.11952286093343936
D3fYc,Yardbird Suite,20,34,0.0,F,IV,C major,(221100),2,2,1,1,0,0,6,4-2A,4,5,"[0, 8, 9, 10]","[3, 4, 5, 7]",66000.0,3.0,2.449489742783178,0.057692307692307696,0.15789473684210525,0.14638501094227996
D3fYc,Yardbird Suite,21,34,2.0,B-,bVII,C major,(012120),0,1,2,1,2,0,6,4-26,4,4,"[0, 3, 5, 8]","[2, 5, 7, 10]",67000.0,0.5,3.1622776601683795,0.057692307692307696,0.02631578947368421,0.18898223650461363
D3fYc,Yardbird Suite,22,35,0.0,C,I,C major,(121110),1,2,1,1,1,0,6,4-11A,4,6,"[4, 5, 7, 9]","[4, 5, 7, 9]",68000.0,2.0,2.0,0.057692307692307696,0.10526315789473684,0.11952286093343936
D3fYc,Yardbird Suite,23,35,2.0,B-,bVII,C major,(012120),0,1,2,1,2,0,6,4-26,4,4,"[2, 5, 7, 10]","[0, 4, 7, 9]",69000.0,0.5,2.0,0.057692307692307696,0.02631578947368421,0.11952286093343936
D3fYc,Yardbird Suite,24,36,0.0,A,VI,C major,(345342),3,4,5,3,4,2,21,7-25B,7,10,"[0, 1, 2, 4, 7, 9, 10]","[0, 1, 3, 4, 5, 7, 10]",70000.0,6.6,6.244997998398398,0.34615384615384615,0.34736842105263155,0.37321001364608947
D3fYc,Yardbird Suite,25,37,0.0,D,II,C major,(032221),0,3,2,2,2,1,10,5-34,5,7,"[0, 2, 4, 6, 9]","[0, 2, 4, 7, 10]",72000.0,2.3,5.0,0.1346153846153846,0.12105263157894736,0.2988071523335984
D3fYc,Yardbird Suite,26,39,0.0,E,III,C major,(111000),1,1,1,0,0,0,3,3-2A,3,3,"[4, 5, 7]","[0, 1, 3]",76000.0,1.5,3.872983346207417,0.0,0.07894736842105263,0.23145502494313788
D3fYc,Yardbird Suite,27,39,2.0,A,VI,C major,(121110),1,2,1,1,1,0,6,4-11B,4,4,"[0, 7, 9, 11]","[0, 2, 3, 10]",77000.0,2.0,1.7320508075688772,0.057692307692307696,0.10526315789473684,0.10350983390135313
D3fYc,Yardbird Suite,28,40,0.0,D,II,C major,(021120),0,2,1,1,2,0,6,4-22B,4,4,"[2, 5, 7, 9]","[0, 3, 5, 7]",78000.0,1.0,1.4142135623730951,0.057692307692307696,0.05263157894736842,0.08451542547285167
D3fYc,Yardbird Suite,29,40,2.0,G,V,C major,(011010),0,1,1,0,1,0,3,3-7A,3,3,"[2, 4, 7]","[0, 7, 9]",79000.0,0.5,1.7320508075688772,0.0,0.02631578947368421,0.10350983390135313
D3fYc,Yardbird Suite,30,42,0.0,F,IV,C major,(211110),2,1,1,1,1,0,6,4-4B,4,4,"[5, 8, 9, 10]","[0, 3, 4, 5]",82000.0,2.5,2.23606797749979,0.057692307692307696,0.13157894736842105,0.1336306209562122
D3fYc,Yardbird Suite,31,42,2.0,B-,bVII,C major,(021120),0,2,1,1,2,0,6,4-22B,4,4,"[0, 3, 5, 7]","[2, 5, 7, 9]",83000.0,1.0,2.449489742783178,0.057692307692307696,0.05263157894736842,0.14638501094227996
D3fYc,Yardbird Suite,32,43,0.0,C,I,C major,(010101),0,1,0,1,0,1,3,3-8B,3,3,"[2, 4, 10]","[2, 4, 10]",84000.0,1.3,2.6457513110645907,0.0,0.06842105263157895,0.15811388300841897
D3fYc,Yardbird Suite,33,43,2.0,B-,bVII,C major,(122010),1,2,2,0,1,0,6,4-10,4,4,"[2, 4, 5, 7]","[4, 6, 7, 9]",85000.0,2.0,3.0,0.057692307692307696,0.10526315789473684,0.17928429140015903
D3fYc,Yardbird Suite,34,44,0.0,A,VI,C major,(424641),4,2,4,6,4,1,21,7-21A,7,8,"[0, 1, 4, 5, 8, 9, 10]","[0, 1, 3, 4, 7, 8, 11]",86000.0,5.8,7.681145747868608,0.34615384615384615,0.30526315789473685,0.45903625751598937
D3fYc,Yardbird Suite,35,45,0.0,D,II,C major,(111000),1,1,1,0,0,0,3,3-2A,3,8,"[0, 2, 11]","[0, 9, 10]",88000.0,1.5,8.48528137423857,0.0,0.07894736842105263,0.5070925528371099
D3fYc,Yardbird Suite,36,49,0.0,E,III,C major,(254442),2,5,4,4,4,2,21,7-34,7,7,"[1, 3, 4, 6, 7, 9, 11]","[0, 2, 3, 5, 7, 9, 11]",96000.0,6.1,7.874007874011811,0.34615384615384615,0.32105263157894737,0.4705619740571601
D3fYc,Yardbird Suite,37,51,0.0,E,III,C major,(343230),3,4,3,2,3,0,15,6-8,6,9,"[4, 6, 7, 8, 9, 11]","[0, 2, 3, 4, 5, 7]",100000.0,5.0,3.4641016151377544,0.23076923076923078,0.2631578947368421,0.20701966780270625
D3fYc,Yardbird Suite,38,53,0.0,D,II,C major,(456553),4,5,6,5,5,3,28,8-27A,8,9,"[1, 2, 4, 5, 7, 9, 10, 11]","[0, 2, 3, 5, 7, 8, 9, 11]",104000.0,8.9,5.744562646538029,0.4807692307692308,0.46842105263157896,0.34330328116279757
D3fYc,Yardbird Suite,39,54,0.0,E,III,C major,(132130),1,3,2,1,3,0,10,5-23B,5,6,"[0, 5, 7, 9, 10]","[1, 3, 5, 6, 8]",106000.0,2.5,7.615773105863909,0.1346153846153846,0.13157894736842105,0.45512949491639976
D3fYc,Yardbird Suite,40,54,2.0,A,VI,C major,(122010),1,2,2,0,1,0,6,4-10,4,4,"[1, 2, 4, 11]","[2, 4, 5, 7]",107000.0,2.0,2.449489742783178,0.057692307692307696,0.10526315789473684,0.14638501094227996
D3fYc,Yardbird Suite,41,55,0.0,D,II,C major,(443352),4,4,3,3,5,2,21,7-14A,7,10,"[0, 4, 5, 6, 7, 9, 11]","[2, 3, 4, 5, 7, 9, 10]",108000.0,7.6,6.557438524302,0.34615384615384615,0.39999999999999997,0.3918819064098629
D3fYc,Yardbird Suite,42,56,0.0,D,II,C major,(011010),0,1,1,0,1,0,3,3-7B,3,4,"[0, 2, 9]","[0, 7, 10]",110000.0,0.5,7.615773105863909,0.0,0.02631578947368421,0.45512949491639976
D3fYc,Yardbird Suite,43,56,2.0,G,V,C major,(112011),1,1,2,0,1,1,6,4-13A,4,4,"[5, 6, 8, 11]","[1, 4, 10, 11]",111000.0,2.3,1.7320508075688772,0.057692307692307696,0.12105263157894736,0.10350983390135313
D3fYc,Yardbird Suite,44,57,0.0,C,I,C major,(010020),0,1,0,0,2,0,3,3-9,3,4,"[0, 2, 7]","[0, 2, 7]",112000.0,0.5,2.6457513110645907,0.0,0.02631578947368421,0.15811388300841897
D3fYc,Yardbird Suite,45,58,0.0,F,IV,C major,(210000),2,1,0,0,0,0,3,3-1,3,3,"[8, 9, 10]","[3, 4, 5]",114000.0,2.5,2.8284271247461903,0.0,0.13157894736842105,0.16903085094570333
D3fYc,Yardbird Suite,46,58,2.0,B-,bVII,C major,(011010),0,1,1,0,1,0,3,3-7A,3,3,"[0, 2, 5]","[2, 4, 7]",115000.0,0.5,2.449489742783178,0.0,0.02631578947368421,0.14638501094227996
D3fYc,Yardbird Suite,47,59,0.0,C,I,C major,(001110),0,0,1,1,1,0,3,3-11A,3,3,"[2, 7, 10]","[2, 7, 10]",116000.0,0.0,1.4142135623730951,0.0,0.0,0.08451542547285167
D3fYc,Yardbird Suite,48,59,2.0,B-,bVII,C major,(122010),1,2,2,0,1,0,6,4-10,4,4,"[2, 4, 5, 7]","[4, 6, 7, 9]",117000.0,2.0,2.6457513110645907,0.057692307692307696,0.10526315789473684,0.15811388300841897
D3fYc,Yardbird Suite,49,60,0.0,A,VI,C major,(032221),0,3,2,2,2,1,10,5-34,5,6,"[1, 4, 7, 9, 11]","[0, 2, 4, 7, 10]",118000.0,2.3,2.8284271247461903,0.1346153846153846,0.12105263157894736,0.16903085094570333
D3fYc,Yardbird Suite,50,63,0.0,C,I,C major,(122010),1,2,2,0,1,0,6,4-10,4,6,"[0, 7, 9, 10]","[0, 7, 9, 10]",124000.0,2.0,2.8284271247461903,0.057692307692307696,0.10526315789473684,0.16903085094570333
D3fYc,Yardbird Suite,51,64,0.0,D,II,C major,(021120),0,2,1,1,2,0,6,4-22B,4,4,"[0, 3, 5, 7]","[1, 3, 5, 10]",126000.0,1.0,2.0,0.057692307692307696,0.05263157894736842,0.11952286093343936
D3fYc,Yardbird Suite,52,64,2.0,G,V,C major,(010020),0,1,0,0,2,0,3,3-9,3,3,"[0, 2, 7]","[0, 5, 7]",127000.0,0.5,1.7320508075688772,0.0,0.02631578947368421,0.10350983390135313
FRfYc,Relaxing With Lee,0,1,0.0,A-,I,Ab major,(020100),0,2,0,1,0,0,3,3-6,3,3,"[0, 8, 10]","[0, 2, 4]",0.0,1.0,0.0,0.0,0.05263157894736842,0.0
FRfYc,Relaxing With Lee,1,3,0.0,D-,IV,Ab major,(132130),1,3,2,1,3,0,10,5-23B,5,9,"[1, 3, 5, 6, 8]","[0, 2, 4, 5, 7]",4000.0,2.5,3.872983346207417,0.1346153846153846,0.13157894736842105,0.23145502494313788
FRfYc,Relaxing With Lee,2,4,0.0,D-,IV,Ab major,(021120),0,2,1,1,2,0,6,4-22B,4,5,"[0, 5, 8, 10]","[4, 7, 9, 11]",6000.0,1.0,2.0,0.057692307692307696,0.05263157894736842,0.11952286093343936
FRfYc,Relaxing With Lee,3,5,2.0,B-,II,Ab major,(020301),0,2,0,3,0,1,6,4-24,4,4,"[1, 3, 7, 11]","[1, 3, 5, 9]",9000.0,1.8,3.1622776601683795,0.057692307692307696,0.09473684210526316,0.18898223650461363
FRfYc,Relaxing With Lee,4,6,0.0,E-,V,Ab major,(233241),2,3,3,2,4,1,15,6-25B,6,9,"[0, 1, 3, 5, 6, 10]","[0, 2, 3, 7, 9, 10]",10000.0,4.3,5.5677643628300215,0.23076923076923078,0.2263157894736842,0.33273756282434613
FRfYc,Relaxing With Lee,5,7,0.0,A-,I,Ab major,(011010),0,1,1,0,1,0,3,3-7A,3,4,"[3, 5, 8]","[0, 7, 9]",12000.0,0.5,5.0990195135927845,0.0,0.02631578947368421,0.304724700110022
FRfYc,Relaxing With Lee,6,8,0.0,D-,IV,Ab major,(111000),1,1,1,0,0,0,3,3-2B,3,5,"[0, 1, 10]","[0, 9, 11]",14000.0,1.5,1.4142135623730951,0.0,0.07894736842105263,0.08451542547285167
FRfYc,Relaxing With Lee,7,10,0.0,D-,IV,Ab major,(321000),3,2,1,0,0,0,6,4-1,4,6,"[8, 9, 10, 11]","[7, 8, 9, 10]",18000.0,4.0,2.23606797749979,0.057692307692307696,0.21052631578947367,0.1336306209562122
FRfYc,Relaxing With Lee,8,12,0.0,D-,IV,Ab major,(111000),1,1,1,0,0,0,3,3-2A,3,8,"[3, 4, 6]","[2, 3, 5]",22000.0,1.5,2.23606797749979,0.0,0.07894736842105263,0.1336306209562122
FRfYc,Relaxing With Lee,9,13,0.0,F,VI,Ab major,(010020),0,1,0,0,2,0,3,3-9,3,3,"[1, 3, 8]","[3, 8, 10]",24000.0,0.5,2.449489742783178,0.0,0.02631578947368421,0.14638501094227996
FRfYc,Relaxing With Lee,10,13,2.0,B-,II,Ab major,(011010),0,1,1,0,1,0,3,3-7A,3,3,"[0, 3, 10]","[0, 2, 5]",25000.0,0.5,1.4142135623730951,0.0,0.02631578947368421,0.08451542547285167
FRfYc,Relaxing With Lee,11,14,0.0,E-,V,Ab major,(021120),0,2,1,1,2,0,6,4-22B,4,4,"[1, 3, 5, 10]","[0, 2, 7, 10]",26000.0,1.0,1.7320508075688772,0.057692307692307696,0.05263157894736842,0.10350983390135313
FRfYc,Relaxing With Lee,12,15,0.0,A-,I,Ab major,(445332),4,4,5,3,3,2,21,7-10A,7,8,"[0, 1, 3, 6, 9, 10, 11]","[1, 2, 3, 4, 5, 7, 10]",28000.0,7.6,6.708203932499369,0.34615384615384615,0.39999999999999997,0.4008918628686366
FRfYc,Relaxing With Lee,13,16,0.0,D-,IV,Ab major,(434442),4,3,4,4,4,2,21,7-38B,7,8,"[0, 1, 3, 4, 6, 7, 8]","[0, 2, 3, 5, 6, 7, 11]",30000.0,7.1,2.0,0.34615384615384615,0.3736842105263158,0.11952286093343936
FRfYc,Relaxing With Lee,14,17,0.0,D-,IV,Ab major,(212320),2,1,2,3,2,0,10,5-37,5,8,"[1, 5, 8, 9, 10]","[0, 4, 7, 8, 9]",32000.0,2.5,4.58257569495584,0.1346153846153846,0.13157894736842105,0.27386127875258304
FRfYc,Relaxing With Lee,15,18,0.0,G-,bVII,Ab major,(032221),0,3,2,2,2,1,10,5-34,5,6,"[1, 4, 6, 8, 10]","[0, 2, 4, 7, 10]",34000.0,2.3,3.1622776601683795,0.1346153846153846,0.12105263157894736,0.18898223650461363
FRfYc,Relaxing With Lee,16,18,2.0,G,VII,Ab major,(212221),2,1,2,2,2,1,10,5-38A,5,6,"[2, 5, 9, 10, 11]","[2, 3, 4, 7, 10]",35000.0,3.3,2.8284271247461903,0.1346153846153846,0.17368421052631577,0.16903085094570333
FRfYc,Relaxing With Lee,17,19,0.0,G-,bVII,Ab major,(111120),1,1,1,1,2,0,6,4-14A,4,5,"[1, 3, 4, 8]","[2, 7, 9, 10]",36000.0,1.5,2.0,0.057692307692307696,0.07894736842105263,0.11952286093343936
FRfYc,Relaxing With Lee,18,20,0.0,C-,bIII,Ab major,(333231),3,3,3,2,3,1,15,6-40A,6,6,"[0, 1, 3, 6, 10, 11]","[0, 1, 2, 4, 7, 11]",38000.0,5.3,3.872983346207417,0.23076923076923078,0.2789473684210526,0.23145502494313788
FRfYc,Relaxing With Lee,19,21,0.0,C-,bIII,Ab major,(121110),1,2,1,1,1,0,6,4-11A,4,4,"[1, 8, 9, 11]","[0, 2, 9, 10]",40000.0,2.0,3.872983346207417,0.057692307692307696,0.10526315789473684,0.23145502494313788
FRfYc,Relaxing With Lee,20,23,0.0,E,bVI,Ab major,(143241),1,4,3,2,4,1,15,6-33A,6,7,"[1, 2, 4, 6, 8, 11]","[0, 2, 4, 7, 9, 10]",44000.0,3.8,4.358898943540674,0.23076923076923078,0.19999999999999998,0.26049403612586386
FRfYc,Relaxing With Lee,21,24,0.0,A,bII,Ab major,(444441),4,4,4,4,4,1,21,7-11B,7,11,"[1, 2, 3, 4, 6, 7, 11]","[2, 4, 5, 6, 7, 9, 10]",46000.0,6.8,3.7416573867739413,0.34615384615384615,0.35789473684210527,0.22360679774997896
FRfYc,Relaxing With Lee,22,25,0.0,A-,I,Ab major,(435432),4,3,5,4,3,2,21,7-16B,7,12,"[0, 1, 2, 3, 6, 9, 10]","[1, 2, 4, 5, 6, 7, 10]",48000.0,7.1,2.0,0.34615384615384615,0.3736842105263158,0.11952286093343936
FRfYc,Relaxing With Lee,23,26,0.0,D-,IV,Ab major,(353442),3,5,3,4,4,2,21,7-24A,7,14,"[0, 3, 4, 5, 6, 8, 10]","[2, 3, 4, 5, 7, 9, 11]",50000.0,7.1,3.1622776601683795,0.34615384615384615,0.3736842105263158,0.18898223650461363
FRfYc,Relaxing With Lee,24,27,0.0,D-,IV,Ab major,(222121),2,2,2,1,2,1,10,5-12,5,9,"[0, 1, 3, 5, 6]","[0, 2, 4, 5, 11]",52000.0,3.8,5.0,0.1346153846153846,0.19999999999999998,0.2988071523335984
FRfYc,Relaxing With Lee,25,28,0.0,D-,IV,Ab major,(544431),5,4,4,4,3,1,21,7-3B,7,8,"[0, 1, 5, 8, 9, 10, 11]","[0, 4, 7, 8, 9, 10, 11]",54000.0,7.8,5.196152422706632,0.34615384615384615,0.4105263157894737,0.3105295017040594
FRfYc,Relaxing With Lee,26,29,0.0,F,VI,Ab major,(122010),1,2,2,0,1,0,6,4-10,4,4,"[3, 5, 6, 8]","[0, 1, 3, 10]",56000.0,2.0,6.708203932499369,0.057692307692307696,0.10526315789473684,0.4008918628686366
FRfYc,Relaxing With Lee,27,29,2.0,B-,II,Ab major,(112011),1,1,2,0,1,1,6,4-13A,4,4,"[2, 8, 9, 11]","[1, 4, 10, 11]",57000.0,2.3,1.4142135623730951,0.057692307692307696,0.12105263157894736,0.08451542547285167
FRfYc,Relaxing With Lee,28,30,0.0,E-,V,Ab major,(111120),1,1,1,1,2,0,6,4-14A,4,7,"[3, 5, 6, 10]","[0, 2, 3, 7]",58000.0,1.5,2.0,0.057692307692307696,0.07894736842105263,0.11952286093343936
FRfYc,Relaxing With Lee,29,31,0.0,A-,I,Ab major,(101100),1,0,1,1,0,0,3,3-3A,3,4,"[0, 3, 11]","[3, 4, 7]",60000.0,1.0,2.23606797749979,0.0,0.05263157894736842,0.1336306209562122
FRfYc,Relaxing With Lee,30,33,0.0,E-,V,Ab major,(021120),0,2,1,1,2,0,6,4-22B,4,4,"[3, 6, 8, 10]","[0, 3, 5, 7]",64000.0,1.0,3.0,0.057692307692307696,0.05263157894736842,0.17928429140015903
FRfYc,Relaxing With Lee,31,98,0.0,D-,IV,Ab major,(232341),2,3,2,3,4,1,15,6-26,6,6,"[0, 1, 5, 6, 8, 10]","[0, 4, 5, 7, 9, 11]",194000.0,4.3,3.872983346207417,0.23076923076923078,0.2263157894736842,0.23145502494313788
FRfYc,Relaxing With Lee,32,99,0.0,D-,IV,Ab major,(132130),1,3,2,1,3,0,10,5-23B,5,6,"[1, 3, 5, 6, 8]","[0, 2, 4, 5, 7]",196000.0,2.5,2.6457513110645907,0.1346153846153846,0.13157894736842105,0.15811388300841897
FRfYc,Relaxing With Lee,33,100,0.0,D-,IV,Ab major,(232341),2,3,2,3,4,1,15,6-26,6,6,"[0, 1, 5, 6, 8, 10]","[0, 4, 5, 7, 9, 11]",198000.0,4.3,2.6457513110645907,0.23076923076923078,0.2263157894736842,0.15811388300841897
FRfYc,Relaxing With Lee,34,101,0.0,F,VI,Ab major,(111000),1,1,1,0,0,0,3,3-2A,3,3,"[8, 9, 11]","[3, 4, 6]",200000.0,1.5,5.656854249492381,0.0,0.07894736842105263,0.33806170189140666
FRfYc,Relaxing With Lee,35,101,2.0,B-,II,Ab major,(000300),0,0,0,3,0,0,3,3-12,3,4,"[2, 6, 10]","[0, 4, 8]",201000.0,0.0,3.4641016151377544,0.0,0.0,0.20701966780270625
FRfYc,Relaxing With Lee,36,102,0.0,E-,V,Ab major,(143250),1,4,3,2,5,0,15,6-32,6,7,"[0, 1, 3, 5, 8, 10]","[0, 2, 5, 7, 9, 10]",202000.0,3.0,7.211102550927978,0.23076923076923078,0.15789473684210525,0.43094580368566726
FRfYc,Relaxing With Lee,37,106,0.0,D-,IV,Ab major,(111000),1,1,1,0,0,0,3,3-2B,3,5,"[0, 1, 10]","[0, 9, 11]",210000.0,1.5,6.48074069840786,0.0,0.07894736842105263,0.3872983346207417
FRfYc,Relaxing With Lee,38,107,0.0,D-,IV,Ab major,(222220),2,2,2,2,2,0,10,5-11B,5,8,"[0, 5, 8, 9, 10]","[4, 7, 8, 9, 11]",212000.0,3.0,3.3166247903554,0.1346153846153846,0.15789473684210525,0.19820624179302296
FRfYc,Relaxing With Lee,39,109,2.0,B-,II,Ab major,(012111),0,1,2,1,1,1,6,4-27A,4,4,"[1, 4, 7, 11]","[1, 3, 6, 9]",217000.0,1.3,2.8284271247461903,0.057692307692307696,0.06842105263157895,0.16903085094570333
FRfYc,Relaxing With Lee,40,110,0.0,E-,V,Ab major,(202321),2,0,2,3,2,1,10,5-22,5,10,"[2, 3, 6, 9, 10]","[0, 3, 6, 7, 11]",218000.0,2.8,3.1622776601683795,0.1346153846153846,0.14736842105263157,0.18898223650461363
FRfYc,Relaxing With Lee,41,111,0.0,A-,I,Ab major,(333321),3,3,3,3,2,1,15,6-39A,6,10,"[0, 1, 2, 3, 6, 10]","[2, 4, 5, 6, 7, 10]",220000.0,5.3,3.3166247903554,0.23076923076923078,0.2789473684210526,0.19820624179302296
FRfYc,Relaxing With Lee,42,112,0.0,D-,IV,Ab major,(332110),3,3,2,1,1,0,10,5-2A,5,7,"[6, 7, 8, 9, 11]","[5, 6, 7, 8, 10]",222000.0,4.5,2.6457513110645907,0.1346153846153846,0.23684210526315788,0.15811388300841897
FRfYc,Relaxing With Lee,43,113,0.0,D-,IV,Ab major,(001110),0,0,1,1,1,0,3,3-11A,3,3,"[1, 4, 8]","[0, 3, 7]",224000.0,0.0,4.358898943540674,0.0,0.0,0.26049403612586386
FRfYc,Relaxing With Lee,44,114,0.0,F#,bVII,Ab major,(323430),3,2,3,4,3,0,15,6-14A,6,9,"[3, 4, 6, 7, 8, 11]","[0, 1, 2, 5, 9, 10]",226000.0,4.0,5.477225575051661,0.23076923076923078,0.21052631578947367,0.32732683535398854
FRfYc,Relaxing With Lee,45,115,0.0,F#,bVII,Ab major,(321000),3,2,1,0,0,0,6,4-1,4,4,"[1, 2, 3, 4]","[7, 8, 9, 10]",228000.0,4.0,5.385164807134504,0.057692307692307696,0.21052631578947367,0.3218251521733945
FRfYc,Relaxing With Lee,46,116,0.0,B,bIII,Ab major,(132130),1,3,2,1,3,0,10,5-23A,5,6,"[1, 6, 8, 9, 11]","[0, 2, 7, 9, 10]",230000.0,2.5,4.0,0.1346153846153846,0.13157894736842105,0.23904572186687872
FRfYc,Relaxing With Lee,47,118,0.0,E,bVI,Ab major,(233241),2,3,3,2,4,1,15,6-25B,6,8,"[1, 2, 6, 8, 9, 11]","[2, 4, 5, 7, 9, 10]",234000.0,4.3,2.23606797749979,0.23076923076923078,0.2263157894736842,0.1336306209562122
FRfYc,Relaxing With Lee,48,119,0.0,E,bVI,Ab major,(354351),3,5,4,3,5,1,21,7-23B,7,9,"[1, 2, 3, 4, 6, 9, 11]","[0, 2, 5, 7, 9, 10, 11]",236000.0,6.3,2.8284271247461903,0.34615384615384615,0.33157894736842103,0.16903085094570333
FRfYc,Relaxing With Lee,49,120,0.0,A,bII,Ab major,(444441),4,4,4,4,4,1,21,7-11B,7,11,"[1, 2, 3, 4, 6, 7, 11]","[2, 4, 5, 6, 7, 9, 10]",238000.0,6.8,2.0,0.34615384615384615,0.35789473684210527,0.11952286093343936
FRfYc,Relaxing With Lee,50,121,0.0,A-,I,Ab major,(443352),4,4,3,3,5,2,21,7-14A,7,10,"[0, 1, 3, 5, 6, 10, 11]","[2, 3, 4, 5, 7, 9, 10]",240000.0,7.6,2.0,0.34615384615384615,0.39999999999999997,0.11952286093343936
FRfYc,Relaxing With Lee,51,122,0.0,D-,IV,Ab major,(465472),4,6,5,4,7,2,28,8-23,8,17,"[0, 1, 3, 5, 6, 7, 8, 10]","[0, 2, 4, 5, 6, 7, 9, 11]",242000.0,8.6,3.605551275463989,0.4807692307692308,0.4526315789473684,0.21547290184283363
FRfYc,Relaxing With Lee,52,123,0.0,D-,IV,Ab major,(323430),3,2,3,4,3,0,15,6-14B,6,6,"[0, 1, 5, 8, 9, 10]","[0, 4, 7, 8, 9, 11]",244000.0,4.0,6.4031242374328485,0.23076923076923078,0.21052631578947367,0.38265986388511064
FRfYc,Relaxing With Lee,53,125,0.0,F,VI,Ab major,(212100),2,1,2,1,0,0,6,4-3,4,5,"[5, 6, 8, 9]","[0, 1, 3, 4]",248000.0,2.5,4.58257569495584,0.057692307692307696,0.13157894736842105,0.27386127875258304
FRfYc,Relaxing With Lee,54,125,2.0,B-,II,Ab major,(001110),0,0,1,1,1,0,3,3-11A,3,4,"[0, 5, 8]","[2, 7, 10]",249000.0,0.0,2.6457513110645907,0.0,0.0,0.15811388300841897
FRfYc,Relaxing With Lee,55,127,0.0,A-,I,Ab major,(233331),2,3,3,3,3,1,15,6-24A,6,7,"[0, 1, 3, 5, 9, 10]","[1, 2, 4, 5, 7, 9]",252000.0,4.3,5.0990195135927845,0.23076923076923078,0.2263157894736842,0.304724700110022
FRfYc,Relaxing With Lee,56,128,0.0,D-,IV,Ab major,(434442),4,3,4,4,4,2,21,7-38B,7,8,"[0, 1, 3, 4, 6, 7, 8]","[0, 2, 3, 5, 6, 7, 11]",254000.0,7.1,2.8284271247461903,0.34615384615384615,0.3736842105263158,0.16903085094570333
FRfYc,Relaxing With Lee,57,129,0.0,E-,V,Ab major,(111111),1,1,1,1,1,1,6,4-15A,4,4,"[4, 5, 8, 10]","[1, 2, 5, 7]",256000.0,2.3,6.4031242374328485,0.057692307692307696,0.12105263157894736,0.38265986388511064
FRfYc,Relaxing With Lee,58,129,2.0,A-,I,Ab major,(142422),1,4,2,4,2,2,15,6-34A,6,6,"[0, 3, 4, 6, 8, 10]","[0, 2, 4, 7, 8, 10]",257000.0,4.6,4.58257569495584,0.23076923076923078,0.2421052631578947,0.27386127875258304
KRfYc,Ornithology,0,2,0.0,G,IV,D minor,(132130),1,3,2,1,3,0,10,5-23B,5,8,"[0, 2, 7, 9, 11]","[0, 2, 4, 5, 7]",2000.0,2.5,0.0,0.1346153846153846,0.13157894736842105,0.0
KRfYc,Ornithology,1,3,0.0,G,IV,D minor,(001110),0,0,1,1,1,0,3,3-11B,3,3,"[2, 7, 11]","[0, 4, 7]",4000.0,0.0,3.872983346207417,0.0,0.0,0.23145502494313788
KRfYc,Ornithology,2,4,0.0,G,IV,D minor,(254361),2,5,4,3,6,1,21,7-35,7,7,"[0, 2, 4, 5, 7, 9, 10]","[0, 2, 3, 5, 7, 9, 10]",6000.0,5.3,8.246211251235321,0.34615384615384615,0.2789473684210526,0.49280538030458115
KRfYc,Ornithology,3,5,0.0,C,bVII,D minor,(111120),1,1,1,1,2,0,6,4-14A,4,5,"[2, 7, 9, 10]","[2, 7, 9, 10]",8000.0,1.5,6.855654600401044,0.057692307692307696,0.07894736842105263,0.4097037257057139
KRfYc,Ornithology,4,6,0.0,F,bIII,D minor,(222220),2,2,2,2,2,0,10,5-11B,5,7,"[0, 5, 8, 9, 10]","[0, 3, 4, 5, 7]",10000.0,3.0,2.0,0.1346153846153846,0.15789473684210525,0.11952286093343936
KRfYc,Ornithology,5,8,0.0,F,bIII,D minor,(212320),2,1,2,3,2,0,10,5-17,5,7,"[0, 4, 5, 7, 8]","[0, 2, 3, 7, 11]",14000.0,2.5,1.4142135623730951,0.1346153846153846,0.13157894736842105,0.08451542547285167
KRfYc,Ornithology,6,9,0.0,B-,bVI,D minor,(221100),2,2,1,1,0,0,6,4-2A,4,4,"[1, 2, 3, 5]","[3, 4, 5, 7]",16000.0,3.0,3.1622776601683795,0.057692307692307696,0.15789473684210525,0.18898223650461363
KRfYc,Ornithology,7,10,0.0,E-,bII,D minor,(223111),2,2,3,1,1,1,10,5-10B,5,7,"[0, 1, 7, 9, 10]","[4, 6, 7, 9, 10]",18000.0,3.8,2.449489742783178,0.1346153846153846,0.19999999999999998,0.14638501094227996
KRfYc,Ornithology,8,11,0.0,A,V,D minor,(111000),1,1,1,0,0,0,3,3-2A,3,3,"[6, 7, 9]","[0, 9, 10]",20000.0,1.5,3.0,0.0,0.07894736842105263,0.17928429140015903
KRfYc,Ornithology,9,12,0.0,G,IV,D minor,(232341),2,3,2,3,4,1,15,6-26,6,8,"[2, 3, 5, 7, 9, 10]","[0, 2, 3, 7, 8, 10]",22000.0,4.3,5.656854249492381,0.23076923076923078,0.2263157894736842,0.33806170189140666
KRfYc,Ornithology,10,13,0.0,D,I,D minor,(111000),1,1,1,0,0,0,3,3-2A,3,10,"[6, 7, 9]","[4, 5, 7]",24000.0,1.5,5.656854249492381,0.0,0.07894736842105263,0.33806170189140666
KRfYc,Ornithology,11,18,0.0,G,IV,D minor,(132130),1,3,2,1,3,0,10,5-23B,5,8,"[0, 2, 7, 9, 11]","[0, 2, 4, 5, 7]",34000.0,2.5,3.872983346207417,0.1346153846153846,0.13157894736842105,0.23145502494313788
KRfYc,Ornithology,12,19,0.0,G,IV,D minor,(001110),0,0,1,1,1,0,3,3-11B,3,3,"[2, 7, 11]","[0, 4, 7]",36000.0,0.0,3.872983346207417,0.0,0.0,0.23145502494313788
KRfYc,Ornithology,13,20,0.0,G,IV,D minor,(254361),2,5,4,3,6,1,21,7-35,7,7,"[0, 2, 4, 5, 7, 9, 10]","[0, 2, 3, 5, 7, 9, 10]",38000.0,5.3,8.246211251235321,0.34615384615384615,0.2789473684210526,0.49280538030458115
KRfYc,Ornithology,14,21,0.0,C,bVII,D minor,(111120),1,1,1,1,2,0,6,4-14A,4,5,"[2, 7, 9, 10]","[2, 7, 9, 10]",40000.0,1.5,6.855654600401044,0.057692307692307696,0.07894736842105263,0.4097037257057139
KRfYc,Ornithology,15,22,0.0,F,bIII,D minor,(222220),2,2,2,2,2,0,10,5-11B,5,7,"[0, 5, 8, 9, 10]","[0, 3, 4, 5, 7]",42000.0,3.0,2.0,0.1346153846153846,0.15789473684210525,0.11952286093343936
KRfYc,Ornithology,16,24,0.0,F,bIII,D minor,(212320),2,1,2,3,2,0,10,5-17,5,7,"[0, 4, 5, 7, 8]","[0, 2, 3, 7, 11]",46000.0,2.5,1.4142135623730951,0.1346153846153846,0.13157894736842105,0.08451542547285167
KRfYc,Ornithology,17,25,0.0,B-,bVI,D minor,(221100),2,2,1,1,0,0,6,4-2A,4,4,"[1, 2, 3, 5]","[3, 4, 5, 7]",48000.0,3.0,3.1622776601683795,0.057692307692307696,0.15789473684210525,0.18898223650461363
KRfYc,Ornithology,18,26,0.0,E-,bII,D minor,(223111),2,2,3,1,1,1,10,5-10B,5,7,"[0, 1, 7, 9, 10]","[4, 6, 7, 9, 10]",50000.0,3.8,2.449489742783178,0.1346153846153846,0.19999999999999998,0.14638501094227996
KRfYc,Ornithology,19,27,0.0,A,V,D minor,(111000),1,1,1,0,0,0,3,3-2A,3,3,"[6, 7, 9]","[0, 9, 10]",52000.0,1.5,3.0,0.0,0.07894736842105263,0.17928429140015903
KRfYc,Ornithology,20,28,0.0,G,IV,D minor,(142422),1,4,2,4,2,2,15,6-34A,6,8,"[2, 3, 5, 7, 9, 11]","[0, 2, 4, 7, 8, 10]",54000.0,4.6,5.830951894845301,0.23076923076923078,0.2421052631578947,0.3484660262185848
KRfYc,Ornithology,21,29,0.0,G,IV,D minor,(111000),1,1,1,0,0,0,3,3-2A,3,10,"[6, 7, 9]","[0, 2, 11]",56000.0,1.5,5.830951894845301,0.0,0.07894736842105263,0.3484660262185848
KRfYc,Ornithology,22,30,0.0,B,VI,D minor,(111120),1,1,1,1,2,0,6,4-14B,4,5,"[2, 6, 7, 9]","[3, 7, 8, 10]",58000.0,1.5,2.23606797749979,0.057692307692307696,0.07894736842105263,0.1336306209562122
KRfYc,Ornithology,23,30,2.0,E,II,D minor,(111000),1,1,1,0,0,0,3,3-2A,3,6,"[6, 7, 9]","[2, 3, 5]",59000.0,1.5,2.23606797749979,0.0,0.07894736842105263,0.1336306209562122
KRfYc,Ornithology,24,31,0.0,A,V,D minor,(111120),1,1,1,1,2,0,6,4-14B,4,5,"[2, 6, 7, 9]","[0, 5, 9, 10]",60000.0,1.5,2.23606797749979,0.057692307692307696,0.07894736842105263,0.1336306209562122
KRfYc,Ornithology,25,31,2.0,D,I,D minor,(111000),1,1,1,0,0,0,3,3-2A,3,6,"[6, 7, 9]","[4, 5, 7]",61000.0,1.5,2.23606797749979,0.0,0.07894736842105263,0.1336306209562122
KRfYc,Ornithology,26,32,0.0,G,IV,D minor,(111120),1,1,1,1,2,0,6,4-14B,4,5,"[2, 6, 7, 9]","[0, 2, 7, 11]",62000.0,1.5,2.23606797749979,0.057692307692307696,0.07894736842105263,0.1336306209562122
KRfYc,Ornithology,27,32,2.0,E,II,D minor,(111000),1,1,1,0,0,0,3,3-2A,3,6,"[6, 7, 9]","[2, 3, 5]",63000.0,1.5,2.23606797749979,0.0,0.07894736842105263,0.1336306209562122
KRfYc,Ornithology,28,34,0.0,G,IV,D minor,(456562),4,5,6,5,6,2,28,8-26,8,8,"[0, 2, 3, 4, 6, 7, 9, 11]","[0, 2, 4, 5, 7, 8, 9, 11]",66000.0,8.1,10.723805294763608,0.4807692307692308,0.4263157894736842,0.6408699444616557
KRfYc,Ornithology,29,35,0.0,G,IV,D minor,(233241),2,3,3,2,4,1,15,6-25A,6,9,"[0, 2, 6, 7, 9, 11]","[0, 2, 4, 5, 7, 11]",68000.0,4.3,5.5677643628300215,0.23076923076923078,0.2263157894736842,0.33273756282434613
KRfYc,Ornithology,30,36,0.0,G,IV,D minor,(122010),1,2,2,0,1,0,6,4-10,4,8,"[0, 7, 9, 10]","[0, 2, 3, 5]",70000.0,2.0,4.123105625617661,0.057692307692307696,0.10526315789473684,0.24640269015229058
KRfYc,Ornithology,31,38,0.0,F,bIII,D minor,(132130),1,3,2,1,3,0,10,5-23B,5,7,"[0, 5, 7, 9, 10]","[0, 2, 4, 5, 7]",74000.0,2.5,2.449489742783178,0.1346153846153846,0.13157894736842105,0.14638501094227996
KRfYc,Ornithology,32,39,0.0,F,bIII,D minor,(335442),3,3,5,4,4,2,21,7-32B,7,8,"[0, 1, 4, 5, 7, 9, 10]","[0, 2, 4, 5, 7, 8, 11]",76000.0,6.1,5.196152422706632,0.34615384615384615,0.32105263157894737,0.3105295017040594
KRfYc,Ornithology,33,40,0.0,F,bIII,D minor,(122230),1,2,2,2,3,0,10,5-27B,5,6,"[0, 3, 5, 7, 8]","[0, 2, 3, 7, 10]",78000.0,2.0,4.795831523312719,0.1346153846153846,0.10526315789473684,0.2866057521105554
KRfYc,Ornithology,34,42,0.0,E-,bII,D minor,(233331),2,3,3,3,3,1,15,6-46A,6,7,"[1, 2, 3, 5, 7, 10]","[0, 2, 4, 7, 10, 11]",82000.0,4.3,2.23606797749979,0.23076923076923078,0.2263157894736842,0.1336306209562122
KRfYc,Ornithology,35,43,0.0,A,V,D minor,(020100),0,2,0,1,0,0,3,3-6,3,5,"[0, 2, 10]","[1, 3, 5]",84000.0,1.0,5.291502622129181,0.0,0.05263157894736842,0.31622776601683794
KRfYc,Ornithology,36,43,2.0,D,I,D minor,(111000),1,1,1,0,0,0,3,3-2A,3,4,"[6, 7, 9]","[4, 5, 7]",85000.0,1.5,2.0,0.0,0.07894736842105263,0.11952286093343936
KRfYc,Ornithology,37,44,0.0,G,IV,D minor,(344352),3,4,4,3,5,2,21,7-29B,7,8,"[0, 2, 3, 4, 7, 9, 10]","[0, 2, 3, 5, 7, 8, 9]",86000.0,6.6,7.745966692414834,0.34615384615384615,0.34736842105263155,0.46291004988627577
KRfYc,Ornithology,38,45,0.0,D,I,D minor,(224322),2,2,4,3,2,2,15,6-28,6,9,"[0, 2, 3, 6, 9, 10]","[0, 1, 4, 7, 8, 10]",88000.0,4.6,3.7416573867739413,0.23076923076923078,0.2421052631578947,0.22360679774997896
KRfYc,Ornithology,39,47,0.0,E,II,D minor,(111120),1,1,1,1,2,0,6,4-14A,4,5,"[1, 6, 8, 9]","[2, 4, 5, 9]",92000.0,1.5,4.358898943540674,0.057692307692307696,0.07894736842105263,0.26049403612586386
KRfYc,Ornithology,40,48,0.0,A,V,D minor,(544431),5,4,4,4,3,1,21,7-3B,7,8,"[0, 4, 7, 8, 9, 10, 11]","[0, 1, 2, 3, 7, 10, 11]",94000.0,7.8,6.708203932499369,0.34615384615384615,0.4105263157894737,0.4008918628686366
KRfYc,Ornithology,41,49,0.0,D,I,D minor,(435432),4,3,5,4,3,2,21,7-16B,7,10,"[0, 3, 4, 6, 7, 8, 9]","[1, 2, 4, 5, 6, 7, 10]",96000.0,7.1,2.0,0.34615384615384615,0.3736842105263158,0.11952286093343936
KRfYc,Ornithology,42,50,0.0,G,IV,D minor,(122230),1,2,2,2,3,0,10,5-27B,5,10,"[2, 4, 6, 7, 11]","[0, 4, 7, 9, 11]",98000.0,2.0,5.196152422706632,0.1346153846153846,0.10526315789473684,0.3105295017040594
KRfYc,Ornithology,43,52,0.0,G,IV,D minor,(233241),2,3,3,2,4,1,15,6-25B,6,11,"[2, 4, 5, 7, 9, 10]","[0, 2, 3, 7, 9, 10]",102000.0,4.3,2.23606797749979,0.23076923076923078,0.2263157894736842,0.1336306209562122
KRfYc,Ornithology,44,53,0.0,C,bVII,D minor,(011010),0,1,1,0,1,0,3,3-7B,3,4,"[4, 7, 9]","[4, 7, 9]",104000.0,0.5,5.0990195135927845,0.0,0.02631578947368421,0.304724700110022
KRfYc,Ornithology,45,54,0.0,F,bIII,D minor,(655552),6,5,5,5,5,2,28,8-4B,8,17,"[0, 1, 2, 3, 4, 5, 9, 10]","[0, 4, 5, 7, 8, 9, 10, 11]",106000.0,10.1,10.63014581273465,0.4807692307692308,0.531578947368421,0.6352727198388332
KRfYc,Ornithology,46,56,0.0,F,bIII,D minor,(100110),1,0,0,1,1,0,3,3-4A,3,4,"[0, 7, 8]","[2, 3, 7]",110000.0,1.0,10.535653752852738,0.0,0.05263157894736842,0.6296257391725432
KRfYc,Ornithology,47,57,0.0,B-,bVI,D minor,(212221),2,1,2,2,2,1,10,5-38B,5,6,"[1, 2, 3, 7, 10]","[0, 3, 4, 5, 9]",112000.0,3.3,3.0,0.1346153846153846,0.17368421052631577,0.17928429140015903
KRfYc,Ornithology,48,58,0.0,E-,bII,D minor,(222121),2,2,2,1,2,1,10,5-12,5,6,"[0, 1, 7, 8, 10]","[4, 5, 7, 9, 10]",114000.0,3.8,1.4142135623730951,0.1346153846153846,0.19999999999999998,0.08451542547285167
KRfYc,Ornithology,49,59,0.0,A,V,D minor,(111000),1,1,1,0,0,0,3,3-2B,3,5,"[7, 9, 10]","[0, 1, 10]",116000.0,1.5,3.0,0.0,0.07894736842105263,0.17928429140015903
KRfYc,Ornithology,50,59,2.0,D,I,D minor,(011010),0,1,1,0,1,0,3,3-7A,3,4,"[4, 6, 9]","[2, 4, 7]",117000.0,0.5,1.4142135623730951,0.0,0.02631578947368421,0.08451542547285167
KRfYc,Ornithology,51,60,0.0,G,IV,D minor,(212100),2,1,2,1,0,0,6,4-3,4,5,"[0, 2, 3, 11]","[4, 5, 7, 8]",118000.0,2.5,2.6457513110645907,0.057692307692307696,0.13157894736842105,0.15811388300841897
KRfYc,Ornithology,52,62,0.0,B,VI,D minor,(101100),1,0,1,1,0,0,3,3-3B,3,4,"[5, 8, 9]","[6, 9, 10]",122000.0,1.0,1.7320508075688772,0.0,0.05263157894736842,0.10350983390135313
KRfYc,Ornithology,53,62,2.0,E,II,D minor,(321000),3,2,1,0,0,0,6,4-1,4,4,"[1, 2, 3, 4]","[0, 9, 10, 11]",123000.0,4.0,3.0,0.057692307692307696,0.21052631578947367,0.17928429140015903
KRfYc,Ornithology,54,63,0.0,A,V,D minor,(102210),1,0,2,2,1,0,6,4-17,4,5,"[0, 3, 4, 7]","[3, 6, 7, 10]",124000.0,1.0,3.7416573867739413,0.057692307692307696,0.05263157894736842,0.22360679774997896
KRfYc,Ornithology,55,63,2.0,D,I,D minor,(111000),1,1,1,0,0,0,3,3-2B,3,3,"[0, 2, 3]","[0, 1, 10]",125000.0,1.5,2.6457513110645907,0.0,0.07894736842105263,0.15811388300841897
KRfYc,Ornithology,56,64,0.0,G,IV,D minor,(111000),1,1,1,0,0,0,3,3-2A,3,4,"[8, 9, 11]","[1, 2, 4]",126000.0,1.5,0.0,0.0,0.07894736842105263,0.0
KRfYc,Ornithology,57,64,2.0,E,II,D minor,(321000),3,2,1,0,0,0,6,4-1,4,5,"[2, 3, 4, 5]","[0, 1, 10, 11]",127000.0,4.0,2.23606797749979,0.057692307692307696,0.21052631578947367,0.1336306209562122
KRfYc,Ornithology,58,65,0.0,A,V,D minor,(122230),1,2,2,2,3,0,10,5-27A,5,5,"[0, 2, 4, 7, 11]","[2, 3, 5, 7, 10]",128000.0,2.0,4.242640687119285,0.1346153846153846,0.10526315789473684,0.25354627641855493
KRfYc,Ornithology,59,65,2.0,D,I,D minor,(011010),0,1,1,0,1,0,3,3-7B,3,3,"[2, 4, 11]","[0, 2, 9]",129000.0,0.5,3.3166247903554,0.0,0.02631578947368421,0.19820624179302296
LRfYc,My Little Suede Shoes,0,1,0.0,E-,I,Eb major,(001110),0,0,1,1,1,0,3,3-11B,3,3,"[3, 7, 10]","[0, 4, 7]",0.0,0.0,0.0,0.0,0.0,0.0
LRfYc,My Little Suede Shoes,1,2,2.0,B-,V,Eb major,(020100),0,2,0,1,0,0,3,3-6,3,3,"[3, 5, 7]","[5, 7, 9]",3000.0,1.0,2.449489742783178,0.0,0.05263157894736842,0.14638501094227996
LRfYc,My Little Suede Shoes,2,3,0.0,E-,I,Eb major,(001110),0,0,1,1,1,0,3,3-11B,3,3,"[3, 7, 10]","[0, 4, 7]",4000.0,0.0,2.449489742783178,0.0,0.0,0.14638501094227996
LRfYc,My Little Suede Shoes,3,5,0.0,E-,I,Eb major,(001110),0,0,1,1,1,0,3,3-11B,3,3,"[3, 7, 10]","[0, 4, 7]",8000.0,0.0,0.0,0.0,0.0,0.0
LRfYc,My Little Suede Shoes,4,6,2.0,B-,V,Eb major,(020100),0,2,0,1,0,0,3,3-6,3,3,"[3, 5, 7]","[5, 7, 9]",11000.0,1.0,2.449489742783178,0.0,0.05263157894736842,0.14638501094227996
LRfYc,My Little Suede Shoes,5,9,0.0,E-,I,Eb major,(001110),0,0,1,1,1,0,3,3-11B,3,3,"[3, 7, 10]","[0, 4, 7]",16000.0,0.0,2.449489742783178,0.0,0.0,0.14638501094227996
LRfYc,My Little Suede Shoes,6,10,2.0,B-,V,Eb major,(020100),0,2,0,1,0,0,3,3-6,3,3,"[3, 5, 7]","[5, 7, 9]",19000.0,1.0,2.449489742783178,0.0,0.05263157894736842,0.14638501094227996
LRfYc,My Little Suede Shoes,7,11,0.0,E-,I,Eb major,(001110),0,0,1,1,1,0,3,3-11B,3,3,"[3, 7, 10]","[0, 4, 7]",20000.0,0.0,2.449489742783178,0.0,0.0,0.14638501094227996
LRfYc,My Little Suede Shoes,8,13,0.0,E-,I,Eb major,(001110),0,0,1,1,1,0,3,3-11B,3,3,"[3, 7, 10]","[0, 4, 7]",24000.0,0.0,0.0,0.0,0.0,0.0
LRfYc,My Little Suede Shoes,9,14,2.0,B-,V,Eb major,(020100),0,2,0,1,0,0,3,3-6,3,3,"[3, 5, 7]","[5, 7, 9]",27000.0,1.0,2.449489742783178,0.0,0.05263157894736842,0.14638501094227996
LRfYc,My Little Suede Shoes,10,17,0.0,E-,I,Eb major,(020100),0,2,0,1,0,0,3,3-6,3,3,"[0, 2, 10]","[7, 9, 11]",32000.0,1.0,0.0,0.0,0.05263157894736842,0.0
LRfYc,My Little Suede Shoes,11,18,0.0,A-,IV,Eb major,(111111),1,1,1,1,1,1,6,4-29B,4,7,"[0, 2, 3, 8]","[0, 4, 6, 7]",34000.0,2.3,2.23606797749979,0.057692307692307696,0.12105263157894736,0.1336306209562122
LRfYc,My Little Suede Shoes,12,19,0.0,G,III,Eb major,(001110),0,0,1,1,1,0,3,3-11A,3,3,"[2, 7, 10]","[0, 3, 7]",36000.0,0.0,1.7320508075688772,0.0,0.0,0.10350983390135313
LRfYc,My Little Suede Shoes,13,20,0.0,F,II,Eb major,(021120),0,2,1,1,2,0,6,4-22B,4,7,"[0, 5, 8, 10]","[0, 3, 5, 7]",38000.0,1.0,2.23606797749979,0.057692307692307696,0.05263157894736842,0.1336306209562122
LRfYc,My Little Suede Shoes,14,21,0.0,E-,I,Eb major,(020100),0,2,0,1,0,0,3,3-6,3,4,"[0, 2, 10]","[7, 9, 11]",40000.0,1.0,2.23606797749979,0.0,0.05263157894736842,0.1336306209562122
LRfYc,My Little Suede Shoes,15,22,0.0,A-,IV,Eb major,(111111),1,1,1,1,1,1,6,4-29B,4,7,"[0, 2, 3, 8]","[0, 4, 6, 7]",42000.0,2.3,2.23606797749979,0.057692307692307696,0.12105263157894736,0.1336306209562122
LRfYc,My Little Suede Shoes,16,24,2.0,B-,V,Eb major,(121110),1,2,1,1,1,0,6,4-11B,4,4,"[3, 5, 7, 8]","[5, 7, 9, 10]",47000.0,2.0,1.4142135623730951,0.057692307692307696,0.10526315789473684,0.08451542547285167
LRfYc,My Little Suede Shoes,17,25,0.0,E-,I,Eb major,(001110),0,0,1,1,1,0,3,3-11B,3,4,"[3, 7, 10]","[0, 4, 7]",48000.0,0.0,2.23606797749979,0.0,0.0,0.1336306209562122
LRfYc,My Little Suede Shoes,18,26,2.0,B-,V,Eb major,(020100),0,2,0,1,0,0,3,3-6,3,3,"[3, 5, 7]","[5, 7, 9]",51000.0,1.0,2.449489742783178,0.0,0.05263157894736842,0.14638501094227996
LRfYc,My Little Suede Shoes,19,27,0.0,E-,I,Eb major,(001110),0,0,1,1,1,0,3,3-11B,3,3,"[3, 7, 10]","[0, 4, 7]",52000.0,0.0,2.449489742783178,0.0,0.0,0.14638501094227996
LRfYc,My Little Suede Shoes,20,29,0.0,E-,I,Eb major,(001110),0,0,1,1,1,0,3,3-11B,3,3,"[3, 7, 10]","[0, 4, 7]",56000.0,0.0,0.0,0.0,0.0,0.0
LRfYc,My Little Suede Shoes,21,30,2.0,B-,V,Eb major,(020100),0,2,0,1,0,0,3,3-6,3,3,"[3, 5, 7]","[5, 7, 9]",59000.0,1.0,2.449489742783178,0.0,0.05263157894736842,0.14638501094227996
LRfYc,My Little Suede Shoes,22,33,0.0,E-,I,Eb major,(001110),0,0,1,1,1,0,3,3-11A,3,4,"[0, 3, 7]","[0, 4, 9]",64000.0,0.0,2.449489742783178,0.0,0.0,0.14638501094227996
LRfYc,My Little Suede Shoes,23,34,0.0,F,II,Eb major,(212100),2,1,2,1,0,0,6,4-3,4,4,"[7, 8, 10, 11]","[2, 3, 5, 6]",66000.0,2.5,2.6457513110645907,0.057692307692307696,0.13157894736842105,0.15811388300841897
LRfYc,My Little Suede Shoes,24,34,2.0,B-,V,Eb major,(010101),0,1,0,1,0,1,3,3-8A,3,3,"[5, 7, 11]","[1, 7, 9]",67000.0,1.3,3.0,0.0,0.06842105263157895,0.17928429140015903
LRfYc,My Little Suede Shoes,25,35,0.0,E-,I,Eb major,(111000),1,1,1,0,0,0,3,3-2A,3,3,"[2, 3, 5]","[0, 2, 11]",68000.0,1.5,2.0,0.0,0.07894736842105263,0.11952286093343936
LRfYc,My Little Suede Shoes,26,36,0.0,F,II,Eb major,(012120),0,1,2,1,2,0,6,4-26,4,5,"[0, 3, 7, 10]","[2, 5, 7, 10]",70000.0,0.5,2.6457513110645907,0.057692307692307696,0.02631578947368421,0.15811388300841897
LRfYc,My Little Suede Shoes,27,36,2.0,B-,V,Eb major,(121110),1,2,1,1,1,0,6,4-11A,4,6,"[1, 8, 9, 11]","[1, 3, 10, 11]",71000.0,2.0,2.0,0.057692307692307696,0.10526315789473684,0.11952286093343936
LRfYc,My Little Suede Shoes,28,38,0.0,F,II,Eb major,(101310),1,0,1,3,1,0,6,4-19A,4,4,"[0, 4, 5, 8]","[0, 3, 7, 11]",74000.0,1.0,2.8284271247461903,0.057692307692307696,0.05263157894736842,0.16903085094570333
LRfYc,My Little Suede Shoes,29,38,2.0,B-,V,Eb major,(212100),2,1,2,1,0,0,6,4-3,4,4,"[0, 2, 3, 11]","[1, 2, 4, 5]",75000.0,2.5,2.8284271247461903,0.057692307692307696,0.13157894736842105,0.16903085094570333
LRfYc,My Little Suede Shoes,30,39,0.0,G,III,Eb major,(223111),2,2,3,1,1,1,10,5-10B,5,6,"[5, 7, 8, 10, 11]","[0, 1, 3, 4, 10]",76000.0,3.8,2.0,0.1346153846153846,0.19999999999999998,0.11952286093343936
LRfYc,My Little Suede Shoes,31,39,2.0,C,VI,Eb major,(004002),0,0,4,0,0,2,6,4-28,4,4,"[1, 4, 7, 10]","[1, 4, 7, 10]",77000.0,1.6,3.4641016151377544,0.057692307692307696,0.08421052631578947,0.20701966780270625
LRfYc,My Little Suede Shoes,32,40,0.0,F,II,Eb major,(012120),0,1,2,1,2,0,6,4-26,4,5,"[0, 3, 7, 10]","[2, 5, 7, 10]",78000.0,0.5,3.7416573867739413,0.057692307692307696,0.02631578947368421,0.22360679774997896
LRfYc,My Little Suede Shoes,33,40,2.0,B-,V,Eb major,(112101),1,1,2,1,0,1,6,4-12B,4,4,"[2, 3, 5, 11]","[1, 4, 5, 7]",79000.0,2.3,2.449489742783178,0.057692307692307696,0.12105263157894736,0.14638501094227996
LRfYc,My Little Suede Shoes,34,43,0.0,E-,I,Eb major,(777663),7,7,7,6,6,3,36,9-2B,9,13,"[1, 3, 4, 5, 6, 7, 8, 9, 10]","[0, 1, 2, 3, 4, 5, 6, 7, 10]",84000.0,12.9,12.727922061357855,0.6346153846153846,0.6789473684210526,0.7606388292556648
LRfYc,My Little Suede Shoes,35,44,0.0,F,II,Eb major,(654321),6,5,4,3,2,1,21,7-1,7,8,"[0, 6, 7, 8, 9, 10, 11]","[1, 2, 3, 4, 5, 6, 7]",86000.0,9.3,6.557438524302,0.34615384615384615,0.48947368421052634,0.3918819064098629
LRfYc,My Little Suede Shoes,36,44,2.0,B-,V,Eb major,(344433),3,4,4,4,3,3,21,7-28A,7,7,"[1, 2, 3, 5, 8, 9, 11]","[1, 3, 4, 5, 7, 10, 11]",87000.0,7.4,4.0,0.34615384615384615,0.38947368421052636,0.23904572186687872
LRfYc,My Little Suede Shoes,37,45,0.0,E-,I,Eb major,(546553),5,4,6,5,5,3,28,8-18B,8,12,"[0, 1, 4, 5, 7, 8, 10, 11]","[1, 2, 4, 5, 7, 8, 9, 10]",88000.0,9.4,3.605551275463989,0.4807692307692308,0.4947368421052632,0.21547290184283363
LRfYc,My Little Suede Shoes,38,46,0.0,F,II,Eb major,(032140),0,3,2,1,4,0,10,5-35,5,6,"[0, 3, 5, 7, 10]","[0, 2, 5, 7, 10]",90000.0,1.5,8.246211251235321,0.1346153846153846,0.07894736842105263,0.49280538030458115
LRfYc,My Little Suede Shoes,39,47,0.0,G,III,Eb major,(432100),4,3,2,1,0,0,10,5-1,5,8,"[0, 1, 9, 10, 11]","[2, 3, 4, 5, 6]",92000.0,5.5,5.656854249492381,0.1346153846153846,0.2894736842105263,0.33806170189140666
LRfYc,My Little Suede Shoes,40,47,2.0,C,VI,Eb major,(225222),2,2,5,2,2,2,15,6-27A,6,8,"[1, 4, 5, 7, 8, 10]","[1, 4, 5, 7, 8, 10]",93000.0,4.6,4.795831523312719,0.23076923076923078,0.2421052631578947,0.2866057521105554
LRfYc,My Little Suede Shoes,41,48,0.0,F,II,Eb major,(032140),0,3,2,1,4,0,10,5-35,5,8,"[0, 3, 5, 7, 10]","[0, 2, 5, 7, 10]",94000.0,1.5,4.795831523312719,0.1346153846153846,0.07894736842105263,0.2866057521105554
LRfYc,My Little Suede Shoes,42,48,2.0,B-,V,Eb major,(335442),3,3,5,4,4,2,21,7-32A,7,8,"[1, 2, 5, 6, 8, 9, 11]","[1, 3, 4, 7, 8, 10, 11]",95000.0,6.1,5.5677643628300215,0.34615384615384615,0.32105263157894737,0.33273756282434613
LRfYc,My Little Suede Shoes,43,49,2.0,E-,I,Eb major,(353442),3,5,3,4,4,2,21,7-24A,7,9,"[0, 1, 3, 5, 7, 10, 11]","[0, 2, 4, 7, 8, 9, 10]",97000.0,7.1,2.8284271247461903,0.34615384615384615,0.3736842105263158,0.16903085094570333
LRfYc,My Little Suede Shoes,44,50,0.0,A-,IV,Eb major,(143250),1,4,3,2,5,0,15,6-32,6,7,"[0, 3, 5, 7, 8, 10]","[0, 2, 4, 7, 9, 11]",98000.0,3.0,3.7416573867739413,0.23076923076923078,0.15789473684210525,0.22360679774997896
LRfYc,My Little Suede Shoes,45,51,0.0,G,III,Eb major,(020100),0,2,0,1,0,0,3,3-6,3,3,"[0, 2, 10]","[3, 5, 7]",100000.0,1.0,6.324555320336759,0.0,0.05263157894736842,0.37796447300922725
LRfYc,My Little Suede Shoes,46,51,2.0,C,VI,Eb major,(321000),3,2,1,0,0,0,6,4-1,4,4,"[0, 9, 10, 11]","[0, 9, 10, 11]",101000.0,4.0,3.3166247903554,0.057692307692307696,0.21052631578947367,0.19820624179302296
LRfYc,My Little Suede Shoes,47,52,0.0,F,II,Eb major,(111120),1,1,1,1,2,0,6,4-14A,4,4,"[0, 5, 7, 8]","[0, 2, 3, 7]",102000.0,1.5,3.1622776601683795,0.057692307692307696,0.07894736842105263,0.18898223650461363
LRfYc,My Little Suede Shoes,48,52,2.0,B-,V,Eb major,(111000),1,1,1,0,0,0,3,3-2B,3,5,"[8, 10, 11]","[0, 1, 10]",103000.0,1.5,2.23606797749979,0.0,0.07894736842105263,0.1336306209562122
LRfYc,My Little Suede Shoes,49,53,0.0,E-,I,Eb major,(032221),0,3,2,2,2,1,10,5-34,5,5,"[1, 3, 5, 7, 10]","[0, 2, 4, 7, 10]",104000.0,2.3,3.872983346207417,0.1346153846153846,0.12105263157894736,0.23145502494313788
LRfYc,My Little Suede Shoes,50,53,2.0,E-,I,Eb major,(222121),2,2,2,1,2,1,10,5-36B,5,5,"[0, 1, 2, 7, 10]","[4, 7, 9, 10, 11]",105000.0,3.8,2.449489742783178,0.1346153846153846,0.19999999999999998,0.14638501094227996
LRfYc,My Little Suede Shoes,51,55,2.0,C,VI,Eb major,(332110),3,3,2,1,1,0,10,5-2A,5,6,"[0, 7, 8, 9, 10]","[0, 7, 8, 9, 10]",109000.0,4.5,2.0,0.1346153846153846,0.23684210526315788,0.11952286093343936
LRfYc,My Little Suede Shoes,52,56,2.0,B-,V,Eb major,(021120),0,2,1,1,2,0,6,4-22B,4,4,"[0, 3, 5, 7]","[2, 5, 7, 9]",111000.0,1.0,3.4641016151377544,0.057692307692307696,0.05263157894736842,0.20701966780270625
LRfYc,My Little Suede Shoes,53,57,0.0,E-,I,Eb major,(354351),3,5,4,3,5,1,21,7-23A,7,7,"[0, 1, 2, 3, 5, 7, 10]","[0, 2, 4, 7, 9, 10, 11]",112000.0,6.3,6.4031242374328485,0.34615384615384615,0.33157894736842103,0.38265986388511064
LRfYc,My Little Suede Shoes,54,58,0.0,F,II,Eb major,(001110),0,0,1,1,1,0,3,3-11A,3,3,"[0, 5, 8]","[0, 3, 7]",114000.0,0.0,8.0,0.0,0.0,0.47809144373375745
LRfYc,My Little Suede Shoes,55,60,0.0,F,II,Eb major,(021030),0,2,1,0,3,0,6,4-23,4,5,"[0, 3, 5, 10]","[0, 5, 7, 10]",118000.0,1.0,3.0,0.057692307692307696,0.05263157894736842,0.17928429140015903
LRfYc,My Little Suede Shoes,56,60,2.0,B-,V,Eb major,(131221),1,3,1,2,2,1,10,5-24B,5,8,"[0, 2, 3, 8, 10]","[0, 2, 4, 5, 10]",119000.0,3.3,2.8284271247461903,0.1346153846153846,0.17368421052631577,0.16903085094570333
LRfYc,My Little Suede Shoes,57,61,0.0,E-,I,Eb major,(233331),2,3,3,3,3,1,15,6-24A,6,14,"[0, 4, 5, 7, 8, 10]","[1, 2, 4, 5, 7, 9]",120000.0,4.3,2.6457513110645907,0.23076923076923078,0.2263157894736842,0.15811388300841897
LRfYc,My Little Suede Shoes,58,62,0.0,F,II,Eb major,(111000),1,1,1,0,0,0,3,3-2B,3,4,"[0, 1, 10]","[5, 7, 8]",122000.0,1.5,5.291502622129181,0.0,0.07894736842105263,0.31622776601683794
LRfYc,My Little Suede Shoes,59,62,2.0,B-,V,Eb major,(021120),0,2,1,1,2,0,6,4-22B,4,6,"[0, 3, 5, 7]","[2, 5, 7, 9]",123000.0,1.0,2.6457513110645907,0.057692307692307696,0.05263157894736842,0.15811388300841897
LRfYc,My Little Suede Shoes,60,64,0.0,F,II,Eb major,(111000),1,1,1,0,0,0,3,3-2A,3,3,"[7, 8, 10]","[2, 3, 5]",126000.0,1.5,2.6457513110645907,0.0,0.07894736842105263,0.15811388300841897
LRfYc,My Little Suede Shoes,61,65,0.0,E-,I,Eb major,(321121),3,2,1,1,2,1,10,5-5B,5,5,"[3, 7, 8, 9, 10]","[0, 4, 5, 6, 7]",128000.0,4.8,3.3166247903554,0.1346153846153846,0.25263157894736843,0.19820624179302296
N3fYc,Visa,0,2,0.0,C,I,C major,(111120),1,1,1,1,2,0,6,4-14B,4,6,"[0, 4, 5, 7]","[0, 4, 5, 7]",2000.0,1.5,0.0,0.057692307692307696,0.07894736842105263,0.0
N3fYc,Visa,1,3,0.0,F,IV,C major,(321121),3,2,1,1,2,1,10,5-5B,5,7,"[0, 4, 5, 6, 7]","[0, 1, 2, 7, 11]",4000.0,4.8,2.449489742783178,0.1346153846153846,0.25263157894736843,0.14638501094227996
N3fYc,Visa,2,4,0.0,C,I,C major,(001110),0,0,1,1,1,0,3,3-11B,3,5,"[0, 4, 7]","[0, 4, 7]",6000.0,0.0,3.872983346207417,0.0,0.0,0.23145502494313788
N3fYc,Visa,3,5,0.0,C,I,C major,(453432),4,5,3,4,3,2,21,7-9B,7,9,"[0, 1, 2, 3, 4, 8, 10]","[0, 1, 2, 3, 4, 8, 10]",8000.0,8.1,7.874007874011811,0.34615384615384615,0.4263157894736842,0.4705619740571601
N3fYc,Visa,4,6,0.0,F,IV,C major,(112011),1,1,2,0,1,1,6,4-13B,4,5,"[0, 2, 3, 9]","[4, 7, 9, 10]",10000.0,2.3,6.855654600401044,0.057692307692307696,0.12105263157894736,0.4097037257057139
N3fYc,Visa,5,7,0.0,F,IV,C major,(211231),2,1,1,2,3,1,10,5-20B,5,6,"[0, 2, 3, 7, 8]","[2, 3, 7, 9, 10]",12000.0,3.3,3.1622776601683795,0.1346153846153846,0.17368421052631577,0.18898223650461363
N3fYc,Visa,6,8,0.0,C,I,C major,(021120),0,2,1,1,2,0,6,4-22A,4,7,"[0, 2, 4, 7]","[0, 2, 4, 7]",14000.0,1.0,2.8284271247461903,0.057692307692307696,0.05263157894736842,0.16903085094570333
N3fYc,Visa,7,9,0.0,A,VI,C major,(111120),1,1,1,1,2,0,6,4-14B,4,5,"[0, 5, 9, 10]","[0, 1, 3, 8]",16000.0,1.5,1.4142135623730951,0.057692307692307696,0.07894736842105263,0.08451542547285167
N3fYc,Visa,8,10,0.0,D,II,C major,(123121),1,2,3,1,2,1,10,5-25A,5,7,"[0, 2, 5, 9, 11]","[0, 3, 7, 9, 10]",18000.0,2.8,2.449489742783178,0.1346153846153846,0.14736842105263157,0.14638501094227996
N3fYc,Visa,9,12,0.0,C,I,C major,(212100),2,1,2,1,0,0,6,4-3,4,5,"[0, 8, 9, 11]","[0, 8, 9, 11]",22000.0,2.5,2.8284271247461903,0.057692307692307696,0.13157894736842105,0.16903085094570333
N3fYc,Visa,10,13,0.0,G,V,C major,(232201),2,3,2,2,0,1,10,5-8,5,5,"[5, 7, 8, 9, 11]","[0, 1, 2, 4, 10]",24000.0,4.3,2.449489742783178,0.1346153846153846,0.2263157894736842,0.14638501094227996
N3fYc,Visa,11,14,0.0,C,I,C major,(111120),1,1,1,1,2,0,6,4-14B,4,6,"[0, 4, 5, 7]","[0, 4, 5, 7]",26000.0,1.5,3.4641016151377544,0.057692307692307696,0.07894736842105263,0.20701966780270625
N3fYc,Visa,12,15,0.0,F,IV,C major,(321121),3,2,1,1,2,1,10,5-5B,5,7,"[0, 4, 5, 6, 7]","[0, 1, 2, 7, 11]",28000.0,4.8,2.449489742783178,0.1346153846153846,0.25263157894736843,0.14638501094227996
N3fYc,Visa,13,16,0.0,C,I,C major,(001110),0,0,1,1,1,0,3,3-11B,3,5,"[0, 4, 7]","[0, 4, 7]",30000.0,0.0,3.872983346207417,0.0,0.0,0.23145502494313788
N3fYc,Visa,14,17,0.0,C,I,C major,(453432),4,5,3,4,3,2,21,7-9B,7,9,"[0, 1, 2, 3, 4, 8, 10]","[0, 1, 2, 3, 4, 8, 10]",32000.0,8.1,7.874007874011811,0.34615384615384615,0.4263157894736842,0.4705619740571601
N3fYc,Visa,15,18,0.0,F,IV,C major,(112011),1,1,2,0,1,1,6,4-13B,4,5,"[0, 2, 3, 9]","[4, 7, 9, 10]",34000.0,2.3,6.855654600401044,0.057692307692307696,0.12105263157894736,0.4097037257057139
N3fYc,Visa,16,19,0.0,F,IV,C major,(211231),2,1,1,2,3,1,10,5-20B,5,6,"[0, 2, 3, 7, 8]","[2, 3, 7, 9, 10]",36000.0,3.3,3.1622776601683795,0.1346153846153846,0.17368421052631577,0.18898223650461363
N3fYc,Visa,17,20,0.0,C,I,C major,(021120),0,2,1,1,2,0,6,4-22A,4,7,"[0, 2, 4, 7]","[0, 2, 4, 7]",38000.0,1.0,2.8284271247461903,0.057692307692307696,0.05263157894736842,0.16903085094570333
N3fYc,Visa,18,21,0.0,A,VI,C major,(111120),1,1,1,1,2,0,6,4-14B,4,5,"[0, 5, 9, 10]","[0, 1, 3, 8]",40000.0,1.5,1.4142135623730951,0.057692307692307696,0.07894736842105263,0.08451542547285167
N3fYc,Visa,19,22,0.0,D,II,C major,(123121),1,2,3,1,2,1,10,5-25A,5,7,"[0, 2, 5, 9, 11]","[0, 3, 7, 9, 10]",42000.0,2.8,2.449489742783178,0.1346153846153846,0.14736842105263157,0.14638501094227996
N3fYc,Visa,20,24,0.0,C,I,C major,(212100),2,1,2,1,0,0,6,4-3,4,5,"[0, 8, 9, 11]","[0, 8, 9, 11]",46000.0,2.5,2.8284271247461903,0.057692307692307696,0.13157894736842105,0.16903085094570333
N3fYc,Visa,21,25,0.0,G,V,C major,(335442),3,3,5,4,4,2,21,7-32A,7,7,"[0, 2, 4, 5, 8, 9, 11]","[1, 2, 4, 5, 7, 9, 10]",48000.0,6.1,6.557438524302,0.34615384615384615,0.32105263157894737,0.3918819064098629
N3fYc,Visa,22,26,0.0,C,I,C major,(143241),1,4,3,2,4,1,15,6-33A,6,8,"[2, 4, 5, 7, 9, 11]","[2, 4, 5, 7, 9, 11]",50000.0,3.8,3.7416573867739413,0.23076923076923078,0.19999999999999998,0.22360679774997896
N3fYc,Visa,23,27,0.0,F,IV,C major,(566452),5,6,6,4,5,2,28,8-10,8,10,"[0, 3, 5, 6, 7, 8, 9, 10]","[0, 1, 2, 3, 4, 5, 7, 10]",52000.0,9.6,5.916079783099616,0.4807692307692308,0.5052631578947369,0.3535533905932738
N3fYc,Visa,24,28,0.0,C,I,C major,(333231),3,3,3,2,3,1,15,6-40A,6,7,"[2, 3, 4, 5, 7, 10]","[2, 3, 4, 5, 7, 10]",54000.0,5.3,5.5677643628300215,0.23076923076923078,0.2789473684210526,0.33273756282434613
N3fYc,Visa,25,30,0.0,F,IV,C major,(011010),0,1,1,0,1,0,3,3-7B,3,6,"[0, 3, 5]","[0, 7, 10]",58000.0,0.5,5.0990195135927845,0.0,0.02631578947368421,0.304724700110022
N3fYc,Visa,26,31,0.0,F,IV,C major,(143241),1,4,3,2,4,1,15,6-33B,6,9,"[0, 3, 5, 7, 9, 10]","[0, 2, 4, 5, 7, 10]",60000.0,3.8,5.291502622129181,0.23076923076923078,0.19999999999999998,0.31622776601683794
N3fYc,Visa,27,32,0.0,C,I,C major,(332110),3,3,2,1,1,0,10,5-2B,5,8,"[2, 4, 5, 6, 7]","[2, 4, 5, 6, 7]",62000.0,4.5,4.123105625617661,0.1346153846153846,0.23684210526315788,0.24640269015229058
N3fYc,Visa,28,33,0.0,A,VI,C major,(435432),4,3,5,4,3,2,21,7-16B,7,9,"[1, 4, 5, 7, 8, 9, 10]","[0, 1, 4, 7, 8, 10, 11]",64000.0,7.1,5.196152422706632,0.34615384615384615,0.3736842105263158,0.3105295017040594
N3fYc,Visa,29,35,0.0,G,V,C major,(10101010105),10,10,10,10,10,5,55,11-1,11,13,"[0, 1, 2, 3, 4, 5, 6, 7, 8, 9, 10]","[0, 1, 2, 3, 5, 6, 7, 8, 9, 10, 11]",68000.0,19.0,14.2828568570857,1.0,1.0,0.8535639569308375
N3fYc,Visa,30,36,0.0,C,I,C major,(254361),2,5,4,3,6,1,21,7-35,7,14,"[0, 2, 4, 5, 7, 9, 11]","[0, 2, 4, 5, 7, 9, 11]",70000.0,5.3,14.352700094407323,0.34615384615384615,0.2789473684210526,0.8577378887016043
N3fYc,Visa,31,37,0.0,D,II,C major,(131221),1,3,1,2,2,1,10,5-24A,5,6,"[0, 2, 4, 6, 11]","[0, 2, 4, 9, 10]",72000.0,3.3,5.5677643628300215,0.1346153846153846,0.17368421052631577,0.33273756282434613
N3fYc,Visa,32,38,0.0,C,I,C major,(465562),4,6,5,5,6,2,28,8-22A,8,9,"[0, 2, 4, 5, 6, 7, 9, 10]","[0, 2, 4, 5, 6, 7, 9, 10]",74000.0,8.6,7.745966692414834,0.4807692307692308,0.4526315789473684,0.46291004988627577
N3fYc,Visa,33,39,0.0,F,IV,C major,(233331),2,3,3,3,3,1,15,6-46A,6,7,"[0, 2, 5, 8, 9, 10]","[0, 3, 4, 5, 7, 9]",76000.0,4.3,5.5677643628300215,0.23076923076923078,0.2263157894736842,0.33273756282434613
N3fYc,Visa,34,40,0.0,C,I,C major,(565552),5,6,5,5,5,2,28,8-11B,8,8,"[1, 3, 5, 6, 7, 8, 9, 10]","[1, 3, 5, 6, 7, 8, 9, 10]",78000.0,9.6,5.5677643628300215,0.4807692307692308,0.5052631578947369,0.33273756282434613
N3fYc,Visa,35,42,0.0,F,IV,C major,(121110),1,2,1,1,1,0,6,4-11B,4,8,"[0, 2, 3, 10]","[5, 7, 9, 10]",82000.0,2.0,9.16515138991168,0.057692307692307696,0.10526315789473684,0.5477225575051661
N3fYc,Visa,36,43,0.0,F,IV,C major,(122131),1,2,2,1,3,1,10,5-29A,5,7,"[0, 4, 5, 7, 10]","[0, 2, 5, 7, 11]",84000.0,2.8,2.449489742783178,0.1346153846153846,0.14736842105263157,0.14638501094227996
N3fYc,Visa,37,44,0.0,C,I,C major,(321000),3,2,1,0,0,0,6,4-1,4,6,"[4, 5, 6, 7]","[4, 5, 6, 7]",86000.0,4.0,4.0,0.057692307692307696,0.21052631578947367,0.23904572186687872
N3fYc,Visa,38,45,0.0,C,I,C major,(212320),2,1,2,3,2,0,10,5-37,5,6,"[2, 3, 4, 7, 11]","[2, 3, 4, 7, 11]",88000.0,2.5,4.0,0.1346153846153846,0.13157894736842105,0.23904572186687872
N3fYc,Visa,39,46,0.0,D,II,C major,(333231),3,3,3,2,3,1,15,6-40B,6,6,"[0, 2, 3, 4, 5, 9]","[0, 1, 2, 3, 7, 10]",90000.0,5.3,3.0,0.23076923076923078,0.2789473684210526,0.17928429140015903
N3fYc,Visa,40,47,0.0,G,V,C major,(354351),3,5,4,3,5,1,21,7-23B,7,10,"[0, 1, 2, 3, 5, 8, 10]","[1, 3, 5, 6, 7, 8, 10]",92000.0,6.3,3.1622776601683795,0.34615384615384615,0.33157894736842103,0.18898223650461363
N3fYc,Visa,41,48,0.0,C,I,C major,(143250),1,4,3,2,5,0,15,6-32,6,7,"[0, 2, 4, 5, 7, 9]","[0, 2, 4, 5, 7, 9]",94000.0,3.0,2.8284271247461903,0.23076923076923078,0.15789473684210525,0.16903085094570333
N3fYc,Visa,42,50,0.0,C,I,C major,(113221),1,1,3,2,2,1,10,5-32A,5,7,"[0, 3, 4, 7, 9]","[0, 3, 4, 7, 9]",98000.0,2.3,4.358898943540674,0.1346153846153846,0.12105263157894736,0.26049403612586386
N3fYc,Visa,43,51,0.0,F,IV,C major,(225222),2,2,5,2,2,2,15,6-27B,6,6,"[0, 3, 5, 6, 8, 9]","[0, 1, 3, 4, 7, 10]",100000.0,4.6,2.6457513110645907,0.23076923076923078,0.2421052631578947,0.15811388300841897
N3fYc,Visa,44,52,0.0,C,I,C major,(566452),5,6,6,4,5,2,28,8-10,8,14,"[0, 1, 2, 3, 4, 5, 7, 10]","[0, 1, 2, 3, 4, 5, 7, 10]",102000.0,9.6,6.244997998398398,0.4807692307692308,0.5052631578947369,0.37321001364608947
N3fYc,Visa,45,53,0.0,G,V,C major,(233241),2,3,3,2,4,1,15,6-25B,6,8,"[2, 4, 5, 7, 9, 10]","[0, 2, 3, 7, 9, 10]",104000.0,4.3,5.744562646538029,0.23076923076923078,0.2263157894736842,0.34330328116279757
N3fYc,Visa,46,54,0.0,F,IV,C major,(254361),2,5,4,3,6,1,21,7-35,7,10,"[0, 2, 3, 5, 7, 9, 10]","[0, 2, 4, 5, 7, 9, 10]",106000.0,5.3,3.1622776601683795,0.34615384615384615,0.2789473684210526,0.18898223650461363
N3fYc,Visa,47,56,0.0,C,I,C major,(421242),4,2,1,2,4,2,15,6-38,6,7,"[0, 4, 5, 6, 7, 11]","[0, 4, 5, 6, 7, 11]",110000.0,6.6,5.291502622129181,0.23076923076923078,0.34736842105263155,0.31622776601683794
N3fYc,Visa,48,57,0.0,C,I,C major,(111000),1,1,1,0,0,0,3,3-2A,3,4,"[1, 2, 4]","[1, 2, 4]",112000.0,1.5,5.830951894845301,0.0,0.07894736842105263,0.3484660262185848
N3fYc,Visa,49,57,2.0,A,VI,C major,(111000),1,1,1,0,0,0,3,3-2B,3,4,"[7, 9, 10]","[0, 1, 10]",113000.0,1.5,0.0,0.0,0.07894736842105263,0.0
N3fYc,Visa,50,58,0.0,D,II,C major,(233241),2,3,3,2,4,1,15,6-25B,6,10,"[0, 2, 4, 5, 9, 11]","[0, 2, 3, 7, 9, 10]",114000.0,4.3,5.477225575051661,0.23076923076923078,0.2263157894736842,0.32732683535398854
N3fYc,Visa,51,59,0.0,G,V,C major,(114112),1,1,4,1,1,2,10,5-31B,5,9,"[2, 5, 7, 8, 11]","[0, 1, 4, 7, 10]",116000.0,3.1,4.123105625617661,0.1346153846153846,0.1631578947368421,0.24640269015229058
N3fYc,Visa,52,60,0.0,C,I,C major,(233241),2,3,3,2,4,1,15,6-25A,6,8,"[0, 2, 4, 5, 7, 11]","[0, 2, 4, 5, 7, 11]",118000.0,4.3,4.123105625617661,0.23076923076923078,0.2263157894736842,0.24640269015229058
N3fYc,Visa,53,61,2.0,G,V,C major,(021120),0,2,1,1,2,0,6,4-22B,4,4,"[0, 3, 5, 7]","[0, 5, 8, 10]",121000.0,1.0,3.872983346207417,0.057692307692307696,0.05263157894736842,0.23145502494313788
N3fYc,Visa,54,62,0.0,C,I,C major,(021120),0,2,1,1,2,0,6,4-22A,4,7,"[0, 2, 4, 7]","[0, 2, 4, 7]",122000.0,1.0,0.0,0.057692307692307696,0.05263157894736842,0.0
N8swc,Kim (No. 1),0,2,0.0,B-,I,Bb major,(122230),1,2,2,2,3,0,10,5-27A,5,7,"[0, 2, 5, 9, 10]","[0, 2, 4, 7, 11]",2000.0,2.0,0.0,0.1346153846153846,0.10526315789473684,0.0
N8swc,Kim (No. 1),1,3,0.0,C,II,Bb major,(030201),0,3,0,2,0,1,6,4-21,4,4,"[3, 5, 7, 9]","[3, 5, 7, 9]",4000.0,2.3,4.0,0.057692307692307696,0.12105263157894736,0.23904572186687872
N8swc,Kim (No. 1),2,3,2.0,F,V,Bb major,(001110),0,0,1,1,1,0,3,3-11B,3,4,"[2, 5, 10]","[0, 5, 9]",5000.0,0.0,3.605551275463989,0.0,0.0,0.21547290184283363
N8swc,Kim (No. 1),3,4,0.0,D,III,Bb major,(102111),1,0,2,1,1,1,6,4-18B,4,4,"[0, 3, 6, 7]","[1, 4, 5, 10]",6000.0,1.8,1.7320508075688772,0.057692307692307696,0.09473684210526316,0.10350983390135313
N8swc,Kim (No. 1),4,6,2.0,B-,I,Bb major,(122010),1,2,2,0,1,0,6,4-10,4,4,"[0, 2, 3, 5]","[2, 4, 5, 7]",11000.0,2.0,2.449489742783178,0.057692307692307696,0.10526315789473684,0.14638501094227996
N8swc,Kim (No. 1),5,7,0.0,E-,IV,Bb major,(111000),1,1,1,0,0,0,3,3-2A,3,4,"[7, 8, 10]","[4, 5, 7]",12000.0,1.5,1.7320508075688772,0.0,0.07894736842105263,0.10350983390135313
N8swc,Kim (No. 1),6,7,2.0,C-,bII,Bb major,(101220),1,0,1,2,2,0,6,4-20,4,4,"[3, 6, 10, 11]","[0, 4, 7, 11]",13000.0,1.0,3.0,0.057692307692307696,0.05263157894736842,0.17928429140015903
N8swc,Kim (No. 1),7,8,0.0,D,III,Bb major,(122010),1,2,2,0,1,0,6,4-10,4,4,"[0, 1, 3, 10]","[1, 8, 10, 11]",14000.0,2.0,3.1622776601683795,0.057692307692307696,0.10526315789473684,0.18898223650461363
N8swc,Kim (No. 1),8,10,0.0,B-,I,Bb major,(344451),3,4,4,4,5,1,21,7-27B,7,8,"[0, 2, 3, 5, 6, 7, 10]","[0, 2, 4, 5, 7, 8, 9]",18000.0,5.8,6.708203932499369,0.34615384615384615,0.30526315789473685,0.4008918628686366
N8swc,Kim (No. 1),9,11,0.0,C,II,Bb major,(212100),2,1,2,1,0,0,6,4-3,4,4,"[6, 7, 9, 10]","[6, 7, 9, 10]",20000.0,2.5,7.0,0.057692307692307696,0.13157894736842105,0.4183300132670378
N8swc,Kim (No. 1),10,11,2.0,F,V,Bb major,(111111),1,1,1,1,1,1,6,4-29A,4,5,"[2, 3, 5, 9]","[0, 4, 9, 10]",21000.0,2.3,2.0,0.057692307692307696,0.12105263157894736,0.11952286093343936
N8swc,Kim (No. 1),11,13,0.0,C,II,Bb major,(011010),0,1,1,0,1,0,3,3-7A,3,5,"[0, 3, 10]","[0, 3, 10]",24000.0,0.5,1.7320508075688772,0.0,0.02631578947368421,0.10350983390135313
N8swc,Kim (No. 1),12,13,2.0,F,V,Bb major,(012111),0,1,2,1,1,1,6,4-27A,4,4,"[0, 3, 7, 9]","[2, 4, 7, 10]",25000.0,1.3,1.7320508075688772,0.057692307692307696,0.06842105263157895,0.10350983390135313
N8swc,Kim (No. 1),13,14,0.0,F,V,Bb major,(111000),1,1,1,0,0,0,3,3-2B,3,4,"[5, 7, 8]","[0, 2, 3]",26000.0,1.5,2.23606797749979,0.0,0.07894736842105263,0.1336306209562122
N8swc,Kim (No. 1),14,14,2.0,B-,I,Bb major,(122010),1,2,2,0,1,0,6,4-10,4,4,"[0, 2, 3, 5]","[2, 4, 5, 7]",27000.0,2.0,1.7320508075688772,0.057692307692307696,0.10526315789473684,0.10350983390135313
N8swc,Kim (No. 1),15,15,0.0,E-,IV,Bb major,(012120),0,1,2,1,2,0,6,4-26,4,4,"[0, 3, 7, 10]","[0, 4, 7, 9]",28000.0,0.5,2.0,0.057692307692307696,0.02631578947368421,0.11952286093343936
N8swc,Kim (No. 1),16,15,2.0,C-,bII,Bb major,(101220),1,0,1,2,2,0,6,4-20,4,4,"[3, 6, 10, 11]","[0, 4, 7, 11]",29000.0,1.0,2.0,0.057692307692307696,0.05263157894736842,0.11952286093343936
N8swc,Kim (No. 1),17,16,0.0,B-,I,Bb major,(332110),3,3,2,1,1,0,10,5-2B,5,5,"[0, 1, 2, 3, 10]","[0, 2, 3, 4, 5]",30000.0,4.5,4.0,0.1346153846153846,0.23684210526315788,0.23904572186687872
N8swc,Kim (No. 1),18,18,0.0,D,III,Bb major,(254361),2,5,4,3,6,1,21,7-35,7,9,"[0, 2, 4, 5, 7, 9, 11]","[0, 2, 3, 5, 7, 9, 10]",34000.0,5.3,6.244997998398398,0.34615384615384615,0.2789473684210526,0.37321001364608947
N8swc,Kim (No. 1),19,19,0.0,D,III,Bb major,(432321),4,3,2,3,2,1,15,6-37,6,9,"[0, 1, 2, 3, 7, 11]","[0, 1, 5, 9, 10, 11]",36000.0,6.3,5.291502622129181,0.23076923076923078,0.33157894736842103,0.31622776601683794
N8swc,Kim (No. 1),20,20,0.0,G,VI,Bb major,(032221),0,3,2,2,2,1,10,5-34,5,6,"[2, 5, 7, 9, 11]","[0, 2, 4, 7, 10]",38000.0,2.3,4.123105625617661,0.1346153846153846,0.12105263157894736,0.24640269015229058
N8swc,Kim (No. 1),21,21,0.0,G,VI,Bb major,(101310),1,0,1,3,1,0,6,4-19A,4,4,"[2, 6, 7, 10]","[0, 3, 7, 11]",40000.0,1.0,3.7416573867739413,0.057692307692307696,0.05263157894736842,0.22360679774997896
N8swc,Kim (No. 1),22,22,0.0,C,II,Bb major,(543210),5,4,3,2,1,0,15,6-1,6,8,"[0, 1, 2, 3, 4, 5]","[0, 1, 2, 3, 4, 5]",42000.0,7.0,6.082762530298219,0.23076923076923078,0.3684210526315789,0.3635145899999849
N8swc,Kim (No. 1),23,23,0.0,C,II,Bb major,(233241),2,3,3,2,4,1,15,6-25B,6,8,"[2, 4, 5, 7, 9, 10]","[2, 4, 5, 7, 9, 10]",44000.0,4.3,4.47213595499958,0.23076923076923078,0.2263157894736842,0.2672612419124244
N8swc,Kim (No. 1),24,24,0.0,C,II,Bb major,(554331),5,5,4,3,3,1,21,7-2B,7,8,"[0, 5, 7, 8, 9, 10, 11]","[0, 5, 7, 8, 9, 10, 11]",46000.0,8.3,4.0,0.34615384615384615,0.4368421052631579,0.23904572186687872
N8swc,Kim (No. 1),25,25,0.0,F,V,Bb major,(335442),3,3,5,4,4,2,21,7-32A,7,9,"[0, 2, 3, 6, 7, 9, 10]","[1, 2, 4, 5, 7, 9, 10]",48000.0,6.1,3.4641016151377544,0.34615384615384615,0.32105263157894737,0.20701966780270625
N8swc,Kim (No. 1),26,26,0.0,B-,I,Bb major,(021120),0,2,1,1,2,0,6,4-22A,4,4,"[3, 5, 7, 10]","[0, 5, 7, 9]",50000.0,1.0,6.557438524302,0.057692307692307696,0.05263157894736842,0.3918819064098629
N8swc,Kim (No. 1),27,27,0.0,C,II,Bb major,(011010),0,1,1,0,1,0,3,3-7A,3,3,"[0, 7, 9]","[0, 7, 9]",52000.0,0.5,1.7320508075688772,0.0,0.02631578947368421,0.10350983390135313
N8swc,Kim (No. 1),28,27,2.0,F,V,Bb major,(122010),1,2,2,0,1,0,6,4-10,4,4,"[0, 2, 3, 5]","[0, 7, 9, 10]",53000.0,2.0,1.7320508075688772,0.057692307692307696,0.10526315789473684,0.10350983390135313
N8swc,Kim (No. 1),29,28,0.0,D,III,Bb major,(111000),1,1,1,0,0,0,3,3-2A,3,4,"[0, 9, 10]","[7, 8, 10]",54000.0,1.5,1.7320508075688772,0.0,0.07894736842105263,0.10350983390135313
N8swc,Kim (No. 1),30,28,2.0,G,VI,Bb major,(112101),1,1,2,1,0,1,6,4-12A,4,4,"[5, 7, 8, 11]","[0, 1, 4, 10]",55000.0,2.3,1.7320508075688772,0.057692307692307696,0.12105263157894736,0.10350983390135313
N8swc,Kim (No. 1),31,29,0.0,C,II,Bb major,(101220),1,0,1,2,2,0,6,4-20,4,4,"[2, 3, 7, 10]","[2, 3, 7, 10]",56000.0,1.0,2.8284271247461903,0.057692307692307696,0.05263157894736842,0.16903085094570333
N8swc,Kim (No. 1),32,29,2.0,F,V,Bb major,(114112),1,1,4,1,1,2,10,5-31A,5,6,"[0, 3, 6, 9, 10]","[1, 4, 5, 7, 10]",57000.0,3.1,4.0,0.1346153846153846,0.1631578947368421,0.23904572186687872
N8swc,Kim (No. 1),33,30,0.0,B-,I,Bb major,(100110),1,0,0,1,1,0,3,3-4B,3,3,"[5, 9, 10]","[0, 7, 11]",58000.0,1.0,4.58257569495584,0.0,0.05263157894736842,0.27386127875258304
N8swc,Kim (No. 1),34,31,0.0,E-,IV,Bb major,(111000),1,1,1,0,0,0,3,3-2A,3,4,"[0, 9, 10]","[6, 7, 9]",60000.0,1.5,2.0,0.0,0.07894736842105263,0.11952286093343936
N8swc,Kim (No. 1),35,33,2.0,F,V,Bb major,(100011),1,0,0,0,1,1,3,3-5B,3,3,"[3, 4, 10]","[5, 10, 11]",65000.0,1.8,2.0,0.0,0.09473684210526316,0.11952286093343936
N8swc,Kim (No. 1),36,35,0.0,C,II,Bb major,(111000),1,1,1,0,0,0,3,3-2A,3,4,"[0, 1, 3]","[0, 1, 3]",68000.0,1.5,2.0,0.0,0.07894736842105263,0.11952286093343936
N8swc,Kim (No. 1),37,35,2.0,F,V,Bb major,(122010),1,2,2,0,1,0,6,4-10,4,4,"[5, 7, 8, 10]","[0, 2, 3, 5]",69000.0,2.0,1.7320508075688772,0.057692307692307696,0.10526315789473684,0.10350983390135313
N8swc,Kim (No. 1),38,36,0.0,D,III,Bb major,(012111),0,1,2,1,1,1,6,4-27B,4,4,"[1, 3, 7, 10]","[1, 5, 8, 11]",70000.0,1.3,2.0,0.057692307692307696,0.06842105263157895,0.11952286093343936
N8swc,Kim (No. 1),39,36,2.0,G,VI,Bb major,(004002),0,0,4,0,0,2,6,4-28,4,4,"[0, 3, 6, 9]","[2, 5, 8, 11]",71000.0,1.6,2.8284271247461903,0.057692307692307696,0.08421052631578947,0.16903085094570333
N8swc,Kim (No. 1),40,37,0.0,C,II,Bb major,(210000),2,1,0,0,0,0,3,3-1,3,3,"[3, 4, 5]","[3, 4, 5]",72000.0,2.5,5.0,0.0,0.13157894736842105,0.2988071523335984
N8swc,Kim (No. 1),41,37,2.0,F,V,Bb major,(101100),1,0,1,1,0,0,3,3-3A,3,3,"[0, 1, 4]","[7, 8, 11]",73000.0,1.0,2.0,0.0,0.05263157894736842,0.11952286093343936
N8swc,Kim (No. 1),42,38,0.0,F,V,Bb major,(321000),3,2,1,0,0,0,6,4-1,4,4,"[0, 1, 2, 11]","[6, 7, 8, 9]",74000.0,4.0,3.0,0.057692307692307696,0.21052631578947367,0.17928429140015903
N8swc,Kim (No. 1),43,38,2.0,B-,I,Bb major,(221100),2,2,1,1,0,0,6,4-2A,4,4,"[0, 8, 9, 10]","[0, 2, 10, 11]",75000.0,3.0,1.4142135623730951,0.057692307692307696,0.15789473684210525,0.08451542547285167
N8swc,Kim (No. 1),44,39,0.0,E-,IV,Bb major,(021120),0,2,1,1,2,0,6,4-22B,4,4,"[0, 2, 7, 10]","[4, 7, 9, 11]",76000.0,1.0,2.8284271247461903,0.057692307692307696,0.05263157894736842,0.16903085094570333
N8swc,Kim (No. 1),45,39,2.0,E-,IV,Bb major,(111120),1,1,1,1,2,0,6,4-14A,4,4,"[3, 5, 6, 10]","[0, 2, 3, 7]",77000.0,1.5,1.4142135623730951,0.057692307692307696,0.07894736842105263,0.08451542547285167
N8swc,Kim (No. 1),46,40,0.0,D,III,Bb major,(121110),1,2,1,1,1,0,6,4-11A,4,4,"[0, 1, 3, 5]","[1, 3, 10, 11]",78000.0,2.0,1.4142135623730951,0.057692307692307696,0.10526315789473684,0.08451542547285167
N8swc,Kim (No. 1),47,41,2.0,F,V,Bb major,(210000),2,1,0,0,0,0,3,3-1,3,4,"[6, 7, 8]","[1, 2, 3]",81000.0,2.5,2.23606797749979,0.0,0.13157894736842105,0.1336306209562122
N8swc,Kim (No. 1),48,42,0.0,B-,I,Bb major,(445332),4,4,5,3,3,2,21,7-10A,7,8,"[1, 2, 3, 4, 5, 7, 10]","[0, 3, 4, 5, 6, 7, 9]",82000.0,7.6,7.745966692414834,0.34615384615384615,0.39999999999999997,0.46291004988627577
N8swc,Kim (No. 1),49,43,0.0,C,II,Bb major,(111000),1,1,1,0,0,0,3,3-2A,3,4,"[6, 7, 9]","[6, 7, 9]",84000.0,1.5,7.483314773547883,0.0,0.07894736842105263,0.4472135954999579
N8swc,Kim (No. 1),50,43,2.0,F,V,Bb major,(111000),1,1,1,0,0,0,3,3-2A,3,4,"[0, 1, 3]","[7, 8, 10]",85000.0,1.5,0.0,0.0,0.07894736842105263,0.0
N8swc,Kim (No. 1),51,44,0.0,D,III,Bb major,(112101),1,1,2,1,0,1,6,4-12B,4,4,"[0, 2, 8, 11]","[0, 6, 9, 10]",86000.0,2.3,1.7320508075688772,0.057692307692307696,0.12105263157894736,0.10350983390135313
N8swc,Kim (No. 1),52,44,2.0,G,VI,Bb major,(020100),0,2,0,1,0,0,3,3-6,3,4,"[3, 5, 7]","[0, 8, 10]",87000.0,1.0,2.6457513110645907,0.0,0.05263157894736842,0.15811388300841897
N8swc,Kim (No. 1),53,45,0.0,C,II,Bb major,(020100),0,2,0,1,0,0,3,3-6,3,4,"[0, 2, 10]","[0, 2, 10]",88000.0,1.0,0.0,0.0,0.05263157894736842,0.0
N8swc,Kim (No. 1),54,45,2.0,F,V,Bb major,(112011),1,1,2,0,1,1,6,4-13A,4,4,"[3, 4, 6, 9]","[1, 4, 10, 11]",89000.0,2.3,3.0,0.057692307692307696,0.12105263157894736,0.17928429140015903
N8swc,Kim (No. 1),55,46,0.0,F,V,Bb major,(111000),1,1,1,0,0,0,3,3-2B,3,4,"[5, 7, 8]","[0, 2, 3]",90000.0,1.5,1.7320508075688772,0.0,0.07894736842105263,0.10350983390135313
N8swc,Kim (No. 1),56,46,2.0,B-,I,Bb major,(122010),1,2,2,0,1,0,6,4-10,4,4,"[0, 2, 3, 5]","[2, 4, 5, 7]",91000.0,2.0,1.7320508075688772,0.057692307692307696,0.10526315789473684,0.10350983390135313
N8swc,Kim (No. 1),57,47,0.0,E-,IV,Bb major,(012120),0,1,2,1,2,0,6,4-26,4,4,"[0, 3, 7, 10]","[0, 4, 7, 9]",92000.0,0.5,2.0,0.057692307692307696,0.02631578947368421,0.11952286093343936
N8swc,Kim (No. 1),58,47,2.0,C-,bII,Bb major,(101220),1,0,1,2,2,0,6,4-20,4,4,"[3, 6, 10, 11]","[0, 4, 7, 11]",93000.0,1.0,2.0,0.057692307692307696,0.05263157894736842,0.11952286093343936
N8swc,Kim (No. 1),59,48,0.0,B-,I,Bb major,(433221),4,3,3,2,2,1,15,6-3B,6,6,"[0, 1, 2, 3, 9, 10]","[0, 2, 3, 4, 5, 11]",94000.0,6.3,4.795831523312719,0.23076923076923078,0.33157894736842103,0.2866057521105554
N8swc,Kim (No. 1),60,50,0.0,D,III,Bb major,(654321),6,5,4,3,2,1,21,7-1,7,9,"[0, 1, 2, 3, 9, 10, 11]","[0, 1, 7, 8, 9, 10, 11]",98000.0,9.3,3.1622776601683795,0.34615384615384615,0.48947368421052634,0.18898223650461363
N8swc,Kim (No. 1),61,51,0.0,D,III,Bb major,(344352),3,4,4,3,5,2,21,7-29B,7,8,"[0, 1, 3, 5, 6, 7, 10]","[1, 3, 4, 5, 8, 10, 11]",100000.0,6.6,4.47213595499958,0.34615384615384615,0.34736842105263155,0.2672612419124244
N8swc,Kim (No. 1),62,52,0.0,G,VI,Bb major,(123121),1,2,3,1,2,1,10,5-25A,5,6,"[0, 2, 5, 9, 11]","[2, 4, 5, 7, 10]",102000.0,2.8,4.795831523312719,0.1346153846153846,0.14736842105263157,0.2866057521105554
N8swc,Kim (No. 1),63,53,0.0,G,VI,Bb major,(101310),1,0,1,3,1,0,6,4-19A,4,4,"[2, 6, 7, 10]","[0, 3, 7, 11]",104000.0,1.0,3.7416573867739413,0.057692307692307696,0.05263157894736842,0.22360679774997896
N8swc,Kim (No. 1),64,54,0.0,C,II,Bb major,(765442),7,6,5,4,4,2,28,8-1,8,10,"[0, 1, 2, 3, 4, 5, 10, 11]","[0, 1, 2, 3, 4, 5, 10, 11]",106000.0,11.6,10.099504938362077,0.4807692307692308,0.6105263157894737,0.6035608621222174
N8swc,Kim (No. 1),65,56,0.0,C,II,Bb major,(444342),4,4,4,3,4,2,21,7-36A,7,7,"[0, 4, 5, 6, 7, 9, 10]","[0, 4, 5, 6, 7, 9, 10]",110000.0,7.6,3.872983346207417,0.34615384615384615,0.39999999999999997,0.23145502494313788
N8swc,Kim (No. 1),66,57,0.0,F,V,Bb major,(223431),2,2,3,4,3,1,15,6-31B,6,8,"[0, 2, 3, 6, 7, 10]","[1, 2, 5, 7, 9, 10]",112000.0,3.8,3.4641016151377544,0.23076923076923078,0.19999999999999998,0.20701966780270625
N8swc,Kim (No. 1),67,58,0.0,B-,I,Bb major,(433221),4,3,3,2,2,1,15,6-36A,6,8,"[2, 3, 4, 5, 6, 9]","[4, 5, 6, 7, 8, 11]",114000.0,6.3,3.1622776601683795,0.23076923076923078,0.33157894736842103,0.18898223650461363
N8swc,Kim (No. 1),68,59,0.0,C,II,Bb major,(111000),1,1,1,0,0,0,3,3-2A,3,4,"[0, 9, 10]","[0, 9, 10]",116000.0,1.5,5.0990195135927845,0.0,0.07894736842105263,0.304724700110022
N8swc,Kim (No. 1),69,59,2.0,F,V,Bb major,(021120),0,2,1,1,2,0,6,4-22B,4,4,"[2, 5, 7, 9]","[0, 2, 4, 9]",117000.0,1.0,2.6457513110645907,0.057692307692307696,0.05263157894736842,0.15811388300841897
N8swc,Kim (No. 1),70,60,0.0,D,III,Bb major,(122010),1,2,2,0,1,0,6,4-10,4,4,"[0, 7, 9, 10]","[5, 7, 8, 10]",118000.0,2.0,2.0,0.057692307692307696,0.10526315789473684,0.11952286093343936
N8swc,Kim (No. 1),71,63,0.0,E-,IV,Bb major,(122230),1,2,2,2,3,0,10,5-27B,5,10,"[0, 1, 5, 8, 10]","[2, 5, 7, 9, 10]",124000.0,2.0,2.8284271247461903,0.1346153846153846,0.10526315789473684,0.16903085094570333
N8swc,Kim (No. 1),72,64,0.0,B-,I,Bb major,(001110),0,0,1,1,1,0,3,3-11B,3,4,"[1, 5, 8]","[3, 7, 10]",126000.0,0.0,3.3166247903554,0.0,0.0,0.19820624179302296
N8swc,Kim (No. 1),73,64,2.0,G,VI,Bb major,(122230),1,2,2,2,3,0,10,5-27B,5,7,"[0, 1, 5, 8, 10]","[1, 3, 5, 6, 10]",127000.0,2.0,3.3166247903554,0.1346153846153846,0.10526315789473684,0.19820624179302296
N8swc,Kim (No. 1),74,66,0.0,B-,I,Bb major,(354351),3,5,4,3,5,1,21,7-23B,7,9,"[0, 1, 2, 3, 5, 8, 10]","[0, 2, 3, 4, 5, 7, 10]",130000.0,6.3,4.795831523312719,0.34615384615384615,0.33157894736842103,0.2866057521105554
N8swc,Kim (No. 1),75,67,0.0,C,II,Bb major,(011010),0,1,1,0,1,0,3,3-7B,3,4,"[0, 7, 10]","[0, 7, 10]",132000.0,0.5,7.745966692414834,0.0,0.02631578947368421,0.46291004988627577
N8swc,Kim (No. 1),76,67,2.0,F,V,Bb major,(004002),0,0,4,0,0,2,6,4-28,4,4,"[0, 3, 6, 9]","[1, 4, 7, 10]",133000.0,1.6,3.872983346207417,0.057692307692307696,0.08421052631578947,0.23145502494313788
N8swc,Kim (No. 1),77,68,0.0,D,III,Bb major,(210000),2,1,0,0,0,0,3,3-1,3,3,"[3, 4, 5]","[1, 2, 3]",134000.0,2.5,5.0,0.0,0.13157894736842105,0.2988071523335984
N8swc,Kim (No. 1),78,69,2.0,F,V,Bb major,(011010),0,1,1,0,1,0,3,3-7B,3,3,"[2, 5, 7]","[0, 2, 9]",137000.0,0.5,2.449489742783178,0.0,0.02631578947368421,0.14638501094227996
N8swc,Kim (No. 1),79,70,0.0,B-,I,Bb major,(254361),2,5,4,3,6,1,21,7-35,7,8,"[0, 2, 3, 5, 7, 8, 10]","[0, 2, 4, 5, 7, 9, 10]",138000.0,5.3,8.0,0.34615384615384615,0.2789473684210526,0.47809144373375745
N8swc,Kim (No. 1),80,71,0.0,E-,IV,Bb major,(011010),0,1,1,0,1,0,3,3-7B,3,4,"[0, 7, 10]","[4, 7, 9]",140000.0,0.5,8.0,0.0,0.02631578947368421,0.47809144373375745
N8swc,Kim (No. 1),81,71,2.0,C-,bII,Bb major,(101220),1,0,1,2,2,0,6,4-20,4,4,"[3, 6, 10, 11]","[0, 4, 7, 11]",141000.0,1.0,2.6457513110645907,0.057692307692307696,0.05263157894736842,0.15811388300841897
N8swc,Kim (No. 1),82,72,0.0,B-,I,Bb major,(332110),3,3,2,1,1,0,10,5-2B,5,5,"[0, 1, 2, 3, 10]","[0, 2, 3, 4, 5]",142000.0,4.5,4.0,0.1346153846153846,0.23684210526315788,0.23904572186687872
N8swc,Kim (No. 1),83,74,0.0,B-,I,Bb major,(335442),3,3,5,4,4,2,21,7-32A,7,8,"[1, 2, 4, 5, 7, 9, 10]","[0, 3, 4, 6, 7, 9, 11]",146000.0,6.1,5.5677643628300215,0.34615384615384615,0.32105263157894737,0.33273756282434613
N8swc,Kim (No. 1),84,75,0.0,C,II,Bb major,(004002),0,0,4,0,0,2,6,4-28,4,4,"[0, 3, 6, 9]","[0, 3, 6, 9]",148000.0,1.6,7.14142842854285,0.057692307692307696,0.08421052631578947,0.42678197846541877
N8swc,Kim (No. 1),85,75,2.0,F,V,Bb major,(210000),2,1,0,0,0,0,3,3-1,3,4,"[0, 1, 2]","[7, 8, 9]",149000.0,2.5,5.0,0.0,0.13157894736842105,0.2988071523335984
N8swc,Kim (No. 1),86,76,0.0,D,III,Bb major,(021030),0,2,1,0,3,0,6,4-23,4,4,"[0, 2, 5, 7]","[0, 3, 5, 10]",150000.0,1.0,3.872983346207417,0.057692307692307696,0.05263157894736842,0.23145502494313788
N8swc,Kim (No. 1),87,76,2.0,G,VI,Bb major,(122010),1,2,2,0,1,0,6,4-10,4,5,"[5, 7, 8, 10]","[0, 1, 3, 10]",151000.0,2.0,2.449489742783178,0.057692307692307696,0.10526315789473684,0.14638501094227996
N8swc,Kim (No. 1),88,77,0.0,C,II,Bb major,(101220),1,0,1,2,2,0,6,4-20,4,4,"[2, 3, 7, 10]","[2, 3, 7, 10]",152000.0,1.0,3.1622776601683795,0.057692307692307696,0.05263157894736842,0.18898223650461363
N8swc,Kim (No. 1),89,77,2.0,F,V,Bb major,(012111),0,1,2,1,1,1,6,4-27A,4,5,"[0, 3, 7, 9]","[2, 4, 7, 10]",153000.0,1.3,2.449489742783178,0.057692307692307696,0.06842105263157895,0.14638501094227996
N8swc,Kim (No. 1),90,78,2.0,B-,I,Bb major,(221100),2,2,1,1,0,0,6,4-2B,4,4,"[0, 8, 10, 11]","[0, 1, 2, 10]",155000.0,3.0,2.8284271247461903,0.057692307692307696,0.15789473684210525,0.16903085094570333
N8swc,Kim (No. 1),91,79,0.0,E-,IV,Bb major,(121110),1,2,1,1,1,0,6,4-11A,4,4,"[2, 3, 5, 7]","[0, 2, 4, 11]",156000.0,2.0,1.4142135623730951,0.057692307692307696,0.10526315789473684,0.08451542547285167
N8swc,Kim (No. 1),92,79,2.0,C-,bII,Bb major,(101220),1,0,1,2,2,0,6,4-20,4,4,"[3, 6, 10, 11]","[0, 4, 7, 11]",157000.0,1.0,2.449489742783178,0.057692307692307696,0.05263157894736842,0.14638501094227996
N8swc,Kim (No. 1),93,80,0.0,B-,I,Bb major,(332110),3,3,2,1,1,0,10,5-2B,5,5,"[0, 1, 2, 3, 10]","[0, 2, 3, 4, 5]",158000.0,4.5,4.0,0.1346153846153846,0.23684210526315788,0.23904572186687872
N8swc,Kim (No. 1),94,82,0.0,D,III,Bb major,(212221),2,1,2,2,2,1,10,5-38A,5,8,"[0, 3, 6, 10, 11]","[1, 4, 8, 9, 10]",162000.0,3.3,2.8284271247461903,0.1346153846153846,0.17368421052631577,0.16903085094570333
N8swc,Kim (No. 1),95,83,0.0,D,III,Bb major,(224223),2,2,4,2,2,3,15,6-30A,6,8,"[0, 1, 3, 6, 7, 9]","[1, 4, 5, 7, 10, 11]",164000.0,5.4,3.0,0.23076923076923078,0.28421052631578947,0.17928429140015903
N8swc,Kim (No. 1),96,84,0.0,G,VI,Bb major,(323421),3,2,3,4,2,1,15,6-15A,6,9,"[0, 2, 3, 6, 10, 11]","[3, 4, 5, 7, 8, 11]",166000.0,4.8,3.1622776601683795,0.23076923076923078,0.25263157894736843,0.18898223650461363
N8swc,Kim (No. 1),97,86,0.0,C,II,Bb major,(544431),5,4,4,4,3,1,21,7-3A,7,8,"[2, 3, 4, 5, 6, 7, 10]","[2, 3, 4, 5, 6, 7, 10]",170000.0,7.8,3.1622776601683795,0.34615384615384615,0.4105263157894737,0.18898223650461363
N8swc,Kim (No. 1),98,87,0.0,C,II,Bb major,(344451),3,4,4,4,5,1,21,7-27B,7,8,"[0, 1, 2, 5, 7, 9, 10]","[0, 1, 2, 5, 7, 9, 10]",172000.0,5.8,2.8284271247461903,0.34615384615384615,0.30526315789473685,0.16903085094570333
N8swc,Kim (No. 1),99,88,0.0,C,II,Bb major,(233241),2,3,3,2,4,1,15,6-25B,6,7,"[0, 2, 3, 7, 9, 10]","[0, 2, 3, 7, 9, 10]",174000.0,4.3,2.8284271247461903,0.23076923076923078,0.2263157894736842,0.16903085094570333
N8swc,Kim (No. 1),100,90,0.0,B-,I,Bb major,(344451),3,4,4,4,5,1,21,7-27B,7,8,"[0, 2, 3, 5, 6, 7, 10]","[0, 2, 4, 5, 7, 8, 9]",178000.0,5.8,2.8284271247461903,0.34615384615384615,0.30526315789473685,0.16903085094570333
N8swc,Kim (No. 1),101,91,0.0,C,II,Bb major,(021120),0,2,1,1,2,0,6,4-22A,4,4,"[3, 5, 7, 10]","[3, 5, 7, 10]",180000.0,1.0,6.4031242374328485,0.057692307692307696,0.05263157894736842,0.38265986388511064
N8swc,Kim (No. 1),102,91,2.0,F,V,Bb major,(112011),1,1,2,0,1,1,6,4-13A,4,4,"[0, 1, 3, 6]","[1, 7, 8, 10]",181000.0,2.3,2.449489742783178,0.057692307692307696,0.12105263157894736,0.14638501094227996
N8swc,Kim (No. 1),103,92,0.0,D,III,Bb major,(111120),1,1,1,1,2,0,6,4-14A,4,4,"[2, 7, 9, 10]","[0, 5, 7, 8]",182000.0,1.5,2.0,0.057692307692307696,0.07894736842105263,0.11952286093343936
N8swc,Kim (No. 1),104,92,2.0,G,VI,Bb major,(111000),1,1,1,0,0,0,3,3-2A,3,4,"[0, 9, 10]","[2, 3, 5]",183000.0,1.5,2.23606797749979,0.0,0.07894736842105263,0.1336306209562122
N8swc,Kim (No. 1),105,93,0.0,C,II,Bb major,(021120),0,2,1,1,2,0,6,4-22B,4,4,"[2, 5, 7, 9]","[2, 5, 7, 9]",184000.0,1.0,2.6457513110645907,0.057692307692307696,0.05263157894736842,0.15811388300841897
N8swc,Kim (No. 1),106,93,2.0,F,V,Bb major,(122010),1,2,2,0,1,0,6,4-10,4,4,"[0, 7, 9, 10]","[2, 4, 5, 7]",185000.0,2.0,2.0,0.057692307692307696,0.10526315789473684,0.11952286093343936
N8swc,Kim (No. 1),107,94,0.0,F,V,Bb major,(210000),2,1,0,0,0,0,3,3-1,3,3,"[0, 1, 2]","[7, 8, 9]",186000.0,2.5,2.6457513110645907,0.0,0.13157894736842105,0.15811388300841897
N8swc,Kim (No. 1),108,95,0.0,E-,IV,Bb major,(132130),1,3,2,1,3,0,10,5-23B,5,8,"[0, 1, 3, 8, 10]","[0, 5, 7, 9, 10]",188000.0,2.5,4.358898943540674,0.1346153846153846,0.13157894736842105,0.26049403612586386
N8swc,Kim (No. 1),109,96,0.0,B-,I,Bb major,(221131),2,2,1,1,3,1,10,5-14B,5,5,"[3, 5, 8, 9, 10]","[0, 5, 7, 10, 11]",190000.0,3.8,2.0,0.1346153846153846,0.19999999999999998,0.11952286093343936
N8swc,Kim (No. 1),110,97,0.0,C,II,Bb major,(111000),1,1,1,0,0,0,3,3-2A,3,3,"[2, 3, 5]","[2, 3, 5]",192000.0,1.5,3.605551275463989,0.0,0.07894736842105263,0.21547290184283363
N8swc,Kim (No. 1),111,97,2.0,F,V,Bb major,(111120),1,1,1,1,2,0,6,4-14A,4,4,"[2, 7, 9, 10]","[2, 4, 5, 9]",193000.0,1.5,2.23606797749979,0.057692307692307696,0.07894736842105263,0.1336306209562122
N8swc,Kim (No. 1),112,98,0.0,B-,I,Bb major,(121110),1,2,1,1,1,0,6,4-11A,4,6,"[0, 2, 9, 10]","[0, 2, 4, 11]",194000.0,2.0,1.4142135623730951,0.057692307692307696,0.10526315789473684,0.08451542547285167
Nqn4c,Au Privave (No. 2),0,1,0.0,F,I,F major,(021030),0,2,1,0,3,0,6,4-23,4,4,"[0, 2, 5, 7]","[0, 2, 7, 9]",0.0,1.0,0.0,0.057692307692307696,0.05263157894736842,0.0
Nqn4c,Au Privave (No. 2),1,2,0.0,F,I,F major,(111120),1,1,1,1,2,0,6,4-14B,4,9,"[0, 5, 9, 10]","[0, 4, 5, 7]",2000.0,1.5,2.0,0.057692307692307696,0.07894736842105263,0.11952286093343936
Nqn4c,Au Privave (No. 2),2,5,0.0,B-,IV,F major,(122131),1,2,2,1,3,1,10,5-29B,5,7,"[0, 2, 5, 7, 8]","[2, 4, 7, 9, 10]",8000.0,2.8,2.0,0.1346153846153846,0.14736842105263157,0.11952286093343936
Nqn4c,Au Privave (No. 2),3,6,0.0,B-,IV,F major,(122230),1,2,2,2,3,0,10,5-27B,5,6,"[0, 2, 4, 5, 9]","[2, 4, 6, 7, 11]",10000.0,2.0,1.4142135623730951,0.1346153846153846,0.10526315789473684,0.08451542547285167
Nqn4c,Au Privave (No. 2),4,7,0.0,F,I,F major,(212320),2,1,2,3,2,0,10,5-17,5,9,"[0, 1, 5, 9, 10]","[0, 4, 5, 7, 8]",12000.0,2.5,2.0,0.1346153846153846,0.13157894736842105,0.11952286093343936
Nqn4c,Au Privave (No. 2),5,8,0.0,A,III,F major,(122010),1,2,2,0,1,0,6,4-10,4,4,"[0, 7, 9, 10]","[0, 1, 3, 10]",14000.0,2.0,3.4641016151377544,0.057692307692307696,0.10526315789473684,0.20701966780270625
Nqn4c,Au Privave (No. 2),6,8,2.0,D,VI,F major,(112011),1,1,2,0,1,1,6,4-13A,4,4,"[0, 1, 3, 6]","[1, 4, 10, 11]",15000.0,2.3,1.4142135623730951,0.057692307692307696,0.12105263157894736,0.08451542547285167
Nqn4c,Au Privave (No. 2),7,9,0.0,G,II,F major,(333231),3,3,3,2,3,1,15,6-40A,6,10,"[0, 2, 5, 9, 10, 11]","[2, 3, 4, 5, 7, 10]",16000.0,5.3,4.123105625617661,0.23076923076923078,0.2789473684210526,0.24640269015229058
Nqn4c,Au Privave (No. 2),8,10,0.0,C,V,F major,(555553),5,5,5,5,5,3,28,8-15B,8,10,"[0, 1, 4, 5, 7, 9, 10, 11]","[0, 1, 4, 5, 7, 9, 10, 11]",18000.0,9.9,5.385164807134504,0.4807692307692308,0.5210526315789474,0.3218251521733945
Nqn4c,Au Privave (No. 2),9,13,0.0,F,I,F major,(111120),1,1,1,1,2,0,6,4-14B,4,5,"[0, 5, 9, 10]","[0, 4, 5, 7]",24000.0,1.5,9.055385138137417,0.057692307692307696,0.07894736842105263,0.5411627692821661
Nqn4c,Au Privave (No. 2),10,14,0.0,F,I,F major,(122010),1,2,2,0,1,0,6,4-10,4,6,"[0, 7, 9, 10]","[2, 4, 5, 7]",26000.0,2.0,2.0,0.057692307692307696,0.10526315789473684,0.11952286093343936
Nqn4c,Au Privave (No. 2),11,15,0.0,F,I,F major,(343230),3,4,3,2,3,0,15,6-8,6,6,"[0, 2, 3, 4, 5, 7]","[0, 2, 7, 9, 10, 11]",28000.0,5.0,4.123105625617661,0.23076923076923078,0.2631578947368421,0.24640269015229058
Nqn4c,Au Privave (No. 2),12,16,2.0,F,I,F major,(221311),2,2,1,3,1,1,10,5-13A,5,6,"[2, 6, 7, 8, 10]","[1, 2, 3, 5, 9]",31000.0,3.8,3.872983346207417,0.1346153846153846,0.19999999999999998,0.23145502494313788
Nqn4c,Au Privave (No. 2),13,17,0.0,B-,IV,F major,(322210),3,2,2,2,1,0,10,5-3B,5,6,"[2, 3, 5, 6, 7]","[4, 5, 7, 8, 9]",32000.0,4.0,2.0,0.1346153846153846,0.21052631578947367,0.11952286093343936
Nqn4c,Au Privave (No. 2),14,18,0.0,B-,IV,F major,(445332),4,4,5,3,3,2,21,7-10B,7,9,"[0, 1, 2, 5, 8, 10, 11]","[0, 1, 2, 3, 4, 7, 10]",34000.0,7.6,4.795831523312719,0.34615384615384615,0.39999999999999997,0.2866057521105554
Nqn4c,Au Privave (No. 2),15,19,0.0,F,I,F major,(123121),1,2,3,1,2,1,10,5-25B,5,10,"[0, 4, 7, 9, 10]","[2, 4, 5, 7, 11]",36000.0,2.8,4.795831523312719,0.1346153846153846,0.14736842105263157,0.2866057521105554
Nqn4c,Au Privave (No. 2),16,20,0.0,D,VI,F major,(100011),1,0,0,0,1,1,3,3-5A,3,4,"[0, 6, 7]","[4, 5, 10]",38000.0,1.8,3.872983346207417,0.0,0.09473684210526316,0.23145502494313788
Nqn4c,Au Privave (No. 2),17,21,0.0,G,II,F major,(132130),1,3,2,1,3,0,10,5-23A,5,6,"[0, 2, 7, 9, 10]","[0, 2, 3, 5, 7]",40000.0,2.5,4.358898943540674,0.1346153846153846,0.13157894736842105,0.26049403612586386
Nqn4c,Au Privave (No. 2),18,22,0.0,C,V,F major,(335442),3,3,5,4,4,2,21,7-32B,7,12,"[0, 1, 4, 5, 7, 9, 10]","[0, 1, 4, 5, 7, 9, 10]",42000.0,6.1,5.196152422706632,0.34615384615384615,0.32105263157894737,0.3105295017040594
Nqn4c,Au Privave (No. 2),19,23,0.0,F,I,F major,(233331),2,3,3,3,3,1,15,6-24B,6,10,"[0, 1, 5, 7, 9, 10]","[0, 2, 4, 5, 7, 8]",44000.0,4.3,2.8284271247461903,0.23076923076923078,0.2263157894736842,0.16903085094570333
Nqn4c,Au Privave (No. 2),20,24,0.0,C,V,F major,(020100),0,2,0,1,0,0,3,3-6,3,3,"[0, 2, 4]","[0, 2, 4]",46000.0,1.0,5.291502622129181,0.0,0.05263157894736842,0.31622776601683794
Nqn4c,Au Privave (No. 2),21,25,0.0,F,I,F major,(222121),2,2,2,1,2,1,10,5-12,5,7,"[4, 5, 7, 9, 10]","[0, 2, 4, 5, 11]",48000.0,3.8,3.605551275463989,0.1346153846153846,0.19999999999999998,0.21547290184283363
Nqn4c,Au Privave (No. 2),22,26,0.0,F,I,F major,(122230),1,2,2,2,3,0,10,5-27A,5,9,"[0, 2, 5, 9, 10]","[0, 4, 5, 7, 9]",50000.0,2.0,2.0,0.1346153846153846,0.10526315789473684,0.11952286093343936
Nqn4c,Au Privave (No. 2),23,29,0.0,B-,IV,F major,(101220),1,0,1,2,2,0,6,4-20,4,4,"[2, 5, 9, 10]","[0, 4, 7, 11]",56000.0,1.0,2.449489742783178,0.057692307692307696,0.05263157894736842,0.14638501094227996
Nqn4c,Au Privave (No. 2),24,30,0.0,B-,IV,F major,(332232),3,3,2,2,3,2,15,6-12A,6,7,"[1, 2, 3, 5, 7, 8]","[3, 4, 5, 7, 9, 10]",58000.0,6.1,4.358898943540674,0.23076923076923078,0.32105263157894737,0.26049403612586386
Nqn4c,Au Privave (No. 2),25,31,0.0,F,I,F major,(123121),1,2,3,1,2,1,10,5-25B,5,9,"[0, 4, 7, 9, 10]","[2, 4, 5, 7, 11]",60000.0,2.8,3.0,0.1346153846153846,0.14736842105263157,0.17928429140015903
Nqn4c,Au Privave (No. 2),26,32,0.0,D,VI,F major,(112101),1,1,2,1,0,1,6,4-12B,4,4,"[0, 6, 9, 10]","[4, 7, 8, 10]",62000.0,2.3,2.449489742783178,0.057692307692307696,0.12105263157894736,0.14638501094227996
Nqn4c,Au Privave (No. 2),27,33,0.0,G,II,F major,(232341),2,3,2,3,4,1,15,6-48,6,7,"[0, 2, 5, 6, 7, 10]","[0, 3, 5, 7, 10, 11]",64000.0,4.3,5.0,0.23076923076923078,0.2263157894736842,0.2988071523335984
Nqn4c,Au Privave (No. 2),28,34,0.0,C,V,F major,(233241),2,3,3,2,4,1,15,6-25B,6,8,"[2, 4, 5, 7, 9, 10]","[2, 4, 5, 7, 9, 10]",66000.0,4.3,1.4142135623730951,0.23076923076923078,0.2263157894736842,0.08451542547285167
Nqn4c,Au Privave (No. 2),29,35,0.0,F,I,F major,(111000),1,1,1,0,0,0,3,3-2A,3,8,"[0, 9, 10]","[4, 5, 7]",68000.0,1.5,5.477225575051661,0.0,0.07894736842105263,0.32732683535398854
Nqn4c,Au Privave (No. 2),30,37,0.0,F,I,F major,(443211),4,4,3,2,1,1,15,6-2B,6,7,"[0, 1, 2, 3, 9, 11]","[4, 6, 7, 8, 9, 10]",72000.0,6.8,5.291502622129181,0.23076923076923078,0.35789473684210527,0.31622776601683794
Nqn4c,Au Privave (No. 2),31,38,0.0,B-,IV,F major,(122010),1,2,2,0,1,0,6,4-10,4,4,"[5, 7, 8, 10]","[0, 7, 9, 10]",74000.0,2.0,4.358898943540674,0.057692307692307696,0.10526315789473684,0.26049403612586386
Nqn4c,Au Privave (No. 2),32,39,0.0,F,I,F major,(556453),5,5,6,4,5,3,28,8-13B,8,11,"[0, 1, 2, 3, 4, 7, 9, 10]","[2, 4, 5, 7, 8, 9, 10, 11]",76000.0,9.9,9.055385138137417,0.4807692307692308,0.5210526315789474,0.5411627692821661
Nqn4c,Au Privave (No. 2),33,40,0.0,C,V,F major,(221100),2,2,1,1,0,0,6,4-2A,4,4,"[3, 4, 5, 7]","[3, 4, 5, 7]",78000.0,3.0,9.273618495495704,0.057692307692307696,0.15789473684210525,0.5542047068934521
Nqn4c,Au Privave (No. 2),34,40,2.0,F,I,F major,(122010),1,2,2,0,1,0,6,4-10,4,4,"[0, 2, 3, 5]","[0, 7, 9, 10]",79000.0,2.0,2.0,0.057692307692307696,0.10526315789473684,0.11952286093343936
Nqn4c,Au Privave (No. 2),35,41,0.0,B-,IV,F major,(114112),1,1,4,1,1,2,10,5-31B,5,8,"[2, 4, 5, 8, 11]","[1, 4, 6, 7, 10]",80000.0,3.1,3.1622776601683795,0.1346153846153846,0.1631578947368421,0.18898223650461363
Nqn4c,Au Privave (No. 2),36,42,0.0,B-,IV,F major,(021120),0,2,1,1,2,0,6,4-22B,4,5,"[0, 2, 7, 10]","[0, 2, 4, 9]",82000.0,1.0,4.0,0.057692307692307696,0.05263157894736842,0.23904572186687872
Nqn4c,Au Privave (No. 2),37,43,0.0,F,I,F major,(233241),2,3,3,2,4,1,15,6-25A,6,11,"[0, 4, 5, 7, 9, 10]","[0, 2, 4, 5, 7, 11]",84000.0,4.3,3.872983346207417,0.23076923076923078,0.2263157894736842,0.23145502494313788
Nqn4c,Au Privave (No. 2),38,44,0.0,F,I,F major,(111000),1,1,1,0,0,0,3,3-2A,3,4,"[6, 7, 9]","[1, 2, 4]",86000.0,1.5,5.477225575051661,0.0,0.07894736842105263,0.32732683535398854
Nqn4c,Au Privave (No. 2),39,44,2.0,D,VI,F major,(112011),1,1,2,0,1,1,6,4-13B,4,4,"[0, 2, 3, 9]","[0, 1, 7, 10]",87000.0,2.3,1.7320508075688772,0.057692307692307696,0.12105263157894736,0.10350983390135313
Nqn4c,Au Privave (No. 2),40,46,0.0,G,II,F major,(122010),1,2,2,0,1,0,6,4-10,4,4,"[0, 7, 9, 10]","[0, 2, 3, 5]",90000.0,2.0,1.4142135623730951,0.057692307692307696,0.10526315789473684,0.08451542547285167
Nqn4c,Au Privave (No. 2),41,46,2.0,C,V,F major,(335442),3,3,5,4,4,2,21,7-32B,7,8,"[0, 1, 4, 5, 7, 9, 10]","[0, 1, 4, 5, 7, 9, 10]",91000.0,6.1,6.557438524302,0.34615384615384615,0.32105263157894737,0.3918819064098629
Nqn4c,Au Privave (No. 2),42,47,0.0,F,I,F major,(677673),6,7,7,6,7,3,36,9-7A,9,16,"[0, 1, 2, 4, 5, 7, 9, 10, 11]","[0, 2, 4, 5, 6, 7, 8, 9, 11]",92000.0,11.9,6.557438524302,0.6346153846153846,0.6263157894736843,0.3918819064098629
Nqn4c,Au Privave (No. 2),43,48,2.0,C,V,F major,(142422),1,4,2,4,2,2,15,6-34A,6,6,"[0, 2, 4, 7, 8, 10]","[0, 2, 4, 7, 8, 10]",95000.0,4.6,9.433981132056603,0.23076923076923078,0.2421052631578947,0.5637882074477462
PRfYc,Now's The Time (No. 1),0,2,0.0,F,I,F major,(443211),4,4,3,2,1,1,15,6-2B,6,6,"[5, 7, 8, 9, 10, 11]","[0, 2, 3, 4, 5, 6]",2000.0,6.8,0.0,0.23076923076923078,0.35789473684210527,0.0
PRfYc,Now's The Time (No. 1),1,3,0.0,F,I,F major,(122230),1,2,2,2,3,0,10,5-27A,5,9,"[0, 2, 5, 9, 10]","[0, 4, 5, 7, 9]",4000.0,2.0,4.358898943540674,0.1346153846153846,0.10526315789473684,0.26049403612586386
PRfYc,Now's The Time (No. 1),2,7,0.0,B-,IV,F major,(143250),1,4,3,2,5,0,15,6-32,6,10,"[0, 3, 5, 7, 8, 10]","[0, 2, 5, 7, 9, 10]",12000.0,3.0,3.0,0.23076923076923078,0.15789473684210525,0.17928429140015903
PRfYc,Now's The Time (No. 1),3,8,0.0,F,I,F major,(122010),1,2,2,0,1,0,6,4-10,4,9,"[0, 7, 9, 10]","[2, 4, 5, 7]",14000.0,2.0,5.0,0.057692307692307696,0.10526315789473684,0.2988071523335984
PRfYc,Now's The Time (No. 1),4,9,0.0,D,VI,F major,(122311),1,2,2,3,1,1,10,5-26B,5,8,"[0, 2, 6, 9, 10]","[0, 4, 7, 8, 10]",16000.0,2.8,3.1622776601683795,0.1346153846153846,0.14736842105263157,0.18898223650461363
PRfYc,Now's The Time (No. 1),5,11,0.0,C,V,F major,(677673),6,7,7,6,7,3,36,9-7B,9,13,"[0, 1, 2, 3, 4, 5, 7, 9, 10]","[0, 1, 2, 3, 4, 5, 7, 9, 10]",20000.0,11.9,11.135528725660043,0.6346153846153846,0.6263157894736843,0.6654751256486923
PRfYc,Now's The Time (No. 1),6,12,0.0,F,I,F major,(254361),2,5,4,3,6,1,21,7-35,7,9,"[0, 2, 4, 5, 7, 9, 10]","[0, 2, 4, 5, 7, 9, 11]",22000.0,5.3,6.557438524302,0.34615384615384615,0.2789473684210526,0.3918819064098629
PRfYc,Now's The Time (No. 1),7,15,0.0,F,I,F major,(111000),1,1,1,0,0,0,3,3-2A,3,10,"[0, 9, 10]","[4, 5, 7]",28000.0,1.5,8.48528137423857,0.0,0.07894736842105263,0.5070925528371099
PRfYc,Now's The Time (No. 1),8,16,0.0,F,I,F major,(111000),1,1,1,0,0,0,3,3-2A,3,5,"[0, 9, 10]","[4, 5, 7]",30000.0,1.5,0.0,0.0,0.07894736842105263,0.0
PRfYc,Now's The Time (No. 1),9,17,0.0,F,I,F major,(112011),1,1,2,0,1,1,6,4-13B,4,8,"[5, 8, 10, 11]","[0, 3, 5, 6]",32000.0,2.3,1.7320508075688772,0.057692307692307696,0.12105263157894736,0.10350983390135313
PRfYc,Now's The Time (No. 1),10,18,0.0,B-,IV,F major,(344451),3,4,4,4,5,1,21,7-27B,7,10,"[0, 3, 5, 7, 8, 10, 11]","[0, 1, 2, 5, 7, 9, 10]",34000.0,5.8,7.0,0.34615384615384615,0.30526315789473685,0.4183300132670378
PRfYc,Now's The Time (No. 1),11,20,0.0,F,I,F major,(333231),3,3,3,2,3,1,15,6-40A,6,11,"[0, 4, 5, 6, 7, 9]","[0, 1, 2, 4, 7, 11]",38000.0,5.3,3.1622776601683795,0.23076923076923078,0.2789473684210526,0.18898223650461363
PRfYc,Now's The Time (No. 1),12,21,0.0,A,III,F major,(001110),0,0,1,1,1,0,3,3-11A,3,4,"[0, 4, 9]","[0, 3, 7]",40000.0,0.0,5.291502622129181,0.0,0.0,0.31622776601683794
PRfYc,Now's The Time (No. 1),13,21,2.0,D,VI,F major,(100110),1,0,0,1,1,0,3,3-4A,3,4,"[3, 10, 11]","[1, 8, 9]",41000.0,1.0,1.4142135623730951,0.0,0.05263157894736842,0.08451542547285167
PRfYc,Now's The Time (No. 1),14,22,0.0,G,II,F major,(677673),6,7,7,6,7,3,36,9-7A,9,16,"[0, 2, 3, 4, 5, 6, 7, 9, 10]","[0, 2, 3, 5, 7, 8, 9, 10, 11]",42000.0,11.9,13.892443989449804,0.6346153846153846,0.6263157894736843,0.8302323254883022
PRfYc,Now's The Time (No. 1),15,23,0.0,C,V,F major,(224322),2,2,4,3,2,2,15,6-28,6,8,"[1, 4, 5, 7, 9, 10]","[1, 4, 5, 7, 9, 10]",44000.0,4.6,9.219544457292887,0.23076923076923078,0.2421052631578947,0.5509731650193397
PRfYc,Now's The Time (No. 1),16,24,0.0,F,I,F major,(233241),2,3,3,2,4,1,15,6-25A,6,9,"[0, 4, 5, 7, 9, 10]","[0, 2, 4, 5, 7, 11]",46000.0,4.3,2.8284271247461903,0.23076923076923078,0.2263157894736842,0.16903085094570333
PRfYc,Now's The Time (No. 1),17,26,0.0,F,I,F major,(012120),0,1,2,1,2,0,6,4-26,4,9,"[0, 2, 5, 9]","[0, 4, 7, 9]",50000.0,0.5,3.872983346207417,0.057692307692307696,0.02631578947368421,0.23145502494313788
PRfYc,Now's The Time (No. 1),18,27,0.0,B-,IV,F major,(111111),1,1,1,1,1,1,6,4-15A,4,6,"[0, 2, 8, 9]","[2, 4, 10, 11]",52000.0,2.3,2.0,0.057692307692307696,0.12105263157894736,0.11952286093343936
PRfYc,Now's The Time (No. 1),19,28,0.0,F,I,F major,(032140),0,3,2,1,4,0,10,5-35,5,9,"[0, 2, 5, 7, 9]","[0, 2, 4, 7, 9]",54000.0,1.5,4.0,0.1346153846153846,0.07894736842105263,0.23904572186687872
PRfYc,Now's The Time (No. 1),20,29,0.0,F,I,F major,(123121),1,2,3,1,2,1,10,5-25B,5,6,"[0, 2, 3, 5, 9]","[0, 4, 7, 9, 10]",56000.0,2.8,2.8284271247461903,0.1346153846153846,0.14736842105263157,0.16903085094570333
PRfYc,Now's The Time (No. 1),21,30,0.0,B-,IV,F major,(123121),1,2,3,1,2,1,10,5-25B,5,7,"[2, 5, 7, 8, 10]","[0, 4, 7, 9, 10]",58000.0,2.8,0.0,0.1346153846153846,0.14736842105263157,0.0
PRfYc,Now's The Time (No. 1),22,31,0.0,B-,IV,F major,(223111),2,2,3,1,1,1,10,5-10B,5,5,"[2, 4, 5, 7, 8]","[4, 6, 7, 9, 10]",60000.0,3.8,1.4142135623730951,0.1346153846153846,0.19999999999999998,0.08451542547285167
PRfYc,Now's The Time (No. 1),23,32,0.0,F,I,F major,(465562),4,6,5,5,6,2,28,8-22B,8,10,"[0, 1, 2, 3, 5, 7, 9, 10]","[0, 2, 4, 5, 7, 8, 9, 10]",62000.0,8.6,8.12403840463596,0.4807692307692308,0.4526315789473684,0.4855041562276123
PRfYc,Now's The Time (No. 1),24,33,0.0,A,III,F major,(122010),1,2,2,0,1,0,6,4-10,4,4,"[0, 7, 9, 10]","[0, 1, 3, 10]",64000.0,2.0,9.38083151964686,0.057692307692307696,0.10526315789473684,0.5606119105813882
PRfYc,Now's The Time (No. 1),25,33,2.0,D,VI,F major,(004002),0,0,4,0,0,2,6,4-28,4,4,"[0, 3, 6, 9]","[1, 4, 7, 10]",65000.0,1.6,3.7416573867739413,0.057692307692307696,0.08421052631578947,0.22360679774997896
PRfYc,Now's The Time (No. 1),26,34,0.0,G,II,F major,(132130),1,3,2,1,3,0,10,5-23A,5,7,"[0, 2, 7, 9, 10]","[0, 2, 3, 5, 7]",66000.0,2.5,5.291502622129181,0.1346153846153846,0.13157894736842105,0.31622776601683794
PRfYc,Now's The Time (No. 1),27,36,0.0,F,I,F major,(112011),1,1,2,0,1,1,6,4-13B,4,9,"[5, 8, 10, 11]","[0, 3, 5, 6]",70000.0,2.3,3.1622776601683795,0.057692307692307696,0.12105263157894736,0.18898223650461363
PRfYc,Now's The Time (No. 1),28,38,0.0,F,I,F major,(122230),1,2,2,2,3,0,10,5-27A,5,7,"[0, 2, 5, 9, 10]","[0, 4, 5, 7, 9]",74000.0,2.0,3.1622776601683795,0.1346153846153846,0.10526315789473684,0.18898223650461363
PRfYc,Now's The Time (No. 1),29,39,0.0,B-,IV,F major,(032221),0,3,2,2,2,1,10,5-34,5,10,"[0, 2, 5, 8, 10]","[0, 2, 4, 7, 10]",76000.0,2.3,2.0,0.1346153846153846,0.12105263157894736,0.11952286093343936
PRfYc,Now's The Time (No. 1),30,40,0.0,F,I,F major,(122230),1,2,2,2,3,0,10,5-27A,5,7,"[0, 2, 5, 9, 10]","[0, 4, 5, 7, 9]",78000.0,2.0,2.0,0.1346153846153846,0.10526315789473684,0.11952286093343936
PRfYc,Now's The Time (No. 1),31,41,0.0,F,I,F major,(143250),1,4,3,2,5,0,15,6-32,6,9,"[0, 3, 5, 7, 8, 10]","[0, 2, 3, 5, 7, 10]",80000.0,3.0,3.0,0.23076923076923078,0.15789473684210525,0.17928429140015903
PRfYc,Now's The Time (No. 1),32,42,0.0,B-,IV,F major,(122010),1,2,2,0,1,0,6,4-10,4,8,"[5, 7, 8, 10]","[0, 7, 9, 10]",82000.0,2.0,5.0,0.057692307692307696,0.10526315789473684,0.2988071523335984
PRfYc,Now's The Time (No. 1),33,44,0.0,F,I,F major,(321121),3,2,1,1,2,1,10,5-5B,5,8,"[0, 4, 5, 6, 7]","[0, 1, 2, 7, 11]",86000.0,4.8,2.8284271247461903,0.1346153846153846,0.25263157894736843,0.16903085094570333
PRfYc,Now's The Time (No. 1),34,45,0.0,A-,bIII,F major,(143250),1,4,3,2,5,0,15,6-32,6,7,"[1, 3, 6, 8, 10, 11]","[0, 2, 3, 5, 7, 10]",88000.0,3.0,4.795831523312719,0.23076923076923078,0.15789473684210525,0.2866057521105554
PRfYc,Now's The Time (No. 1),35,46,0.0,G,II,F major,(333321),3,3,3,3,2,1,15,6-39A,6,8,"[2, 4, 5, 6, 7, 10]","[0, 3, 7, 9, 10, 11]",90000.0,5.3,4.0,0.23076923076923078,0.2789473684210526,0.23904572186687872
PRfYc,Now's The Time (No. 1),36,47,0.0,C,V,F major,(323430),3,2,3,4,3,0,15,6-14A,6,9,"[0, 1, 2, 5, 9, 10]","[0, 1, 2, 5, 9, 10]",92000.0,4.0,2.0,0.23076923076923078,0.21052631578947367,0.11952286093343936
PRfYc,Now's The Time (No. 1),37,48,0.0,F,I,F major,(241422),2,4,1,4,2,2,15,6-22B,6,7,"[0, 1, 5, 7, 9, 11]","[0, 2, 4, 6, 7, 8]",94000.0,5.6,3.7416573867739413,0.23076923076923078,0.29473684210526313,0.22360679774997896
PRfYc,Now's The Time (No. 1),38,49,0.0,C,V,F major,(100011),1,0,0,0,1,1,3,3-5A,3,3,"[0, 5, 11]","[0, 5, 11]",96000.0,1.8,6.0,0.0,0.09473684210526316,0.35856858280031806
PRfYc,Now's The Time (No. 1),39,51,0.0,F,I,F major,(344352),3,4,4,3,5,2,21,7-29A,7,9,"[1, 2, 3, 5, 7, 8, 10]","[0, 2, 3, 5, 8, 9, 10]",100000.0,6.6,7.874007874011811,0.34615384615384615,0.34736842105263155,0.4705619740571601
PRfYc,Now's The Time (No. 1),40,52,0.0,F,I,F major,(665542),6,6,5,5,4,2,28,8-2B,8,10,"[0, 1, 2, 3, 7, 9, 10, 11]","[2, 4, 5, 6, 7, 8, 9, 10]",102000.0,10.6,4.358898943540674,0.4807692307692308,0.5578947368421052,0.26049403612586386
PRfYc,Now's The Time (No. 1),41,53,0.0,C,V,F major,(012120),0,1,2,1,2,0,6,4-26,4,4,"[0, 3, 7, 10]","[0, 3, 7, 10]",104000.0,0.5,9.695359714832659,0.057692307692307696,0.02631578947368421,0.5794085654478071
PRfYc,Now's The Time (No. 1),42,53,2.0,F,I,F major,(332110),3,3,2,1,1,0,10,5-2B,5,6,"[6, 8, 9, 10, 11]","[1, 3, 4, 5, 6]",105000.0,4.5,3.7416573867739413,0.1346153846153846,0.23684210526315788,0.22360679774997896
PRfYc,Now's The Time (No. 1),43,54,0.0,B-,IV,F major,(332110),3,3,2,1,1,0,10,5-2B,5,5,"[0, 1, 2, 3, 10]","[0, 2, 3, 4, 5]",106000.0,4.5,0.0,0.1346153846153846,0.23684210526315788,0.0
PRfYc,Now's The Time (No. 1),44,55,0.0,B-,IV,F major,(321000),3,2,1,0,0,0,6,4-1,4,6,"[4, 5, 6, 7]","[6, 7, 8, 9]",108000.0,4.0,2.0,0.057692307692307696,0.21052631578947367,0.11952286093343936
PRfYc,Now's The Time (No. 1),45,57,0.0,F,I,F major,(111000),1,1,1,0,0,0,3,3-2A,3,4,"[1, 2, 4]","[8, 9, 11]",112000.0,1.5,2.23606797749979,0.0,0.07894736842105263,0.1336306209562122
PRfYc,Now's The Time (No. 1),46,58,0.0,G,II,F major,(143250),1,4,3,2,5,0,15,6-32,6,8,"[0, 2, 5, 7, 9, 10]","[0, 2, 3, 5, 7, 10]",114000.0,3.0,6.48074069840786,0.23076923076923078,0.15789473684210525,0.3872983346207417
PRfYc,Now's The Time (No. 1),47,59,0.0,C,V,F major,(224232),2,2,4,2,3,2,15,6-29,6,10,"[0, 1, 4, 5, 7, 10]","[0, 1, 4, 5, 7, 10]",116000.0,4.6,3.7416573867739413,0.23076923076923078,0.2421052631578947,0.22360679774997896
PRfYc,Now's The Time (No. 1),48,60,0.0,F,I,F major,(132130),1,3,2,1,3,0,10,5-23B,5,8,"[0, 5, 7, 9, 10]","[0, 2, 4, 5, 7]",118000.0,2.5,3.3166247903554,0.1346153846153846,0.13157894736842105,0.19820624179302296
PRfYc,Now's The Time (No. 1),49,61,0.0,G,II,F major,(111120),1,1,1,1,2,0,6,4-14A,4,4,"[2, 7, 9, 10]","[0, 2, 3, 7]",120000.0,1.5,2.449489742783178,0.057692307692307696,0.07894736842105263,0.14638501094227996
PRfYc,Now's The Time (No. 1),50,61,2.0,C,V,F major,(012111),0,1,2,1,1,1,6,4-27B,4,4,"[2, 4, 8, 11]","[2, 4, 8, 11]",121000.0,1.3,2.0,0.057692307692307696,0.06842105263157895,0.11952286093343936
Pq3yc,Bird Gets the Worm,0,1,0.0,A-,bIII,F minor,(121110),1,2,1,1,1,0,6,4-11B,4,5,"[3, 5, 7, 8]","[0, 7, 9, 11]",0.0,2.0,0.0,0.057692307692307696,0.10526315789473684,0.0
Pq3yc,Bird Gets the Worm,1,2,0.0,A-,bIII,F minor,(122230),1,2,2,2,3,0,10,5-27A,5,6,"[0, 3, 7, 8, 10]","[0, 2, 4, 7, 11]",2000.0,2.0,2.449489742783178,0.1346153846153846,0.10526315789473684,0.14638501094227996
Pq3yc,Bird Gets the Worm,2,3,0.0,G,II,F minor,(101310),1,0,1,3,1,0,6,4-19A,4,4,"[2, 6, 7, 10]","[0, 3, 7, 11]",4000.0,1.0,3.1622776601683795,0.057692307692307696,0.05263157894736842,0.18898223650461363
Pq3yc,Bird Gets the Worm,3,4,0.0,C,V,F minor,(543210),5,4,3,2,1,0,15,6-1,6,8,"[0, 1, 2, 3, 4, 5]","[0, 1, 2, 3, 4, 5]",6000.0,7.0,6.082762530298219,0.23076923076923078,0.3684210526315789,0.3635145899999849
Pq3yc,Bird Gets the Worm,4,5,0.0,F,I,F minor,(225222),2,2,5,2,2,2,15,6-27A,6,8,"[1, 4, 5, 7, 8, 10]","[0, 2, 3, 5, 8, 11]",8000.0,4.6,4.69041575982343,0.23076923076923078,0.2421052631578947,0.2803059552906941
Pq3yc,Bird Gets the Worm,5,6,0.0,F,I,F minor,(433221),4,3,3,2,2,1,15,6-36B,6,6,"[0, 5, 8, 9, 10, 11]","[0, 3, 4, 5, 6, 7]",10000.0,6.3,3.1622776601683795,0.23076923076923078,0.33157894736842103,0.18898223650461363
Pq3yc,Bird Gets the Worm,6,7,0.0,F,I,F minor,(012120),0,1,2,1,2,0,6,4-26,4,4,"[2, 5, 7, 10]","[0, 2, 5, 9]",12000.0,0.5,4.795831523312719,0.057692307692307696,0.02631578947368421,0.2866057521105554
Pq3yc,Bird Gets the Worm,7,8,0.0,F,I,F minor,(321121),3,2,1,1,2,1,10,5-5A,5,5,"[4, 5, 6, 7, 11]","[0, 1, 2, 6, 11]",14000.0,4.8,3.4641016151377544,0.1346153846153846,0.25263157894736843,0.20701966780270625
Pq3yc,Bird Gets the Worm,8,9,0.0,A-,bIII,F minor,(234222),2,3,4,2,2,2,15,6-23,6,8,"[0, 1, 3, 7, 9, 10]","[1, 2, 4, 5, 7, 11]",16000.0,5.1,3.605551275463989,0.23076923076923078,0.26842105263157895,0.21547290184283363
Pq3yc,Bird Gets the Worm,9,10,0.0,A-,bIII,F minor,(012120),0,1,2,1,2,0,6,4-26,4,4,"[2, 6, 9, 11]","[1, 3, 6, 10]",18000.0,0.5,4.123105625617661,0.057692307692307696,0.02631578947368421,0.24640269015229058
Pq3yc,Bird Gets the Worm,10,11,0.0,B-,IV,F minor,(021120),0,2,1,1,2,0,6,4-22B,4,4,"[0, 5, 8, 10]","[0, 2, 7, 10]",20000.0,1.0,1.4142135623730951,0.057692307692307696,0.05263157894736842,0.08451542547285167
Pq3yc,Bird Gets the Worm,11,12,0.0,E-,bVII,F minor,(123121),1,2,3,1,2,1,10,5-25B,5,5,"[1, 5, 8, 10, 11]","[2, 5, 7, 8, 10]",22000.0,2.8,2.449489742783178,0.1346153846153846,0.14736842105263157,0.14638501094227996
Pq3yc,Bird Gets the Worm,12,13,2.0,A-,bIII,F minor,(111000),1,1,1,0,0,0,3,3-2A,3,4,"[0, 1, 3]","[4, 5, 7]",25000.0,1.5,3.3166247903554,0.0,0.07894736842105263,0.19820624179302296
Pq3yc,Bird Gets the Worm,13,14,0.0,D-,bVI,F minor,(001110),0,0,1,1,1,0,3,3-11A,3,4,"[3, 6, 10]","[2, 5, 9]",26000.0,0.0,2.0,0.0,0.0,0.11952286093343936
Pq3yc,Bird Gets the Worm,14,14,2.0,D-,bVI,F minor,(012120),0,1,2,1,2,0,6,4-26,4,4,"[1, 5, 8, 10]","[0, 4, 7, 9]",27000.0,0.5,1.7320508075688772,0.057692307692307696,0.02631578947368421,0.10350983390135313
Pq3yc,Bird Gets the Worm,15,17,0.0,A-,bIII,F minor,(443211),4,4,3,2,1,1,15,6-2B,6,6,"[1, 3, 4, 5, 6, 7]","[5, 7, 8, 9, 10, 11]",32000.0,6.8,5.385164807134504,0.23076923076923078,0.35789473684210527,0.3218251521733945
Pq3yc,Bird Gets the Worm,16,18,0.0,A-,bIII,F minor,(143250),1,4,3,2,5,0,15,6-32,6,8,"[0, 3, 5, 7, 8, 10]","[0, 2, 4, 7, 9, 11]",34000.0,3.0,5.0990195135927845,0.23076923076923078,0.15789473684210525,0.304724700110022
Pq3yc,Bird Gets the Worm,17,19,0.0,G,II,F minor,(224322),2,2,4,3,2,2,15,6-28,6,8,"[0, 1, 4, 7, 8, 10]","[0, 1, 3, 5, 6, 9]",36000.0,4.6,4.47213595499958,0.23076923076923078,0.2421052631578947,0.2672612419124244
Pq3yc,Bird Gets the Worm,18,20,0.0,C,V,F minor,(224232),2,2,4,2,3,2,15,6-29,6,8,"[0, 1, 4, 5, 7, 10]","[0, 1, 4, 5, 7, 10]",38000.0,4.6,1.4142135623730951,0.23076923076923078,0.2421052631578947,0.08451542547285167
Pq3yc,Bird Gets the Worm,19,21,0.0,F,I,F minor,(001110),0,0,1,1,1,0,3,3-11A,3,5,"[0, 5, 8]","[0, 3, 7]",40000.0,0.0,5.0990195135927845,0.0,0.0,0.304724700110022
Pq3yc,Bird Gets the Worm,20,22,0.0,F,I,F minor,(233241),2,3,3,2,4,1,15,6-25B,6,8,"[0, 1, 5, 7, 8, 10]","[0, 2, 3, 5, 7, 8]",42000.0,4.3,5.291502622129181,0.23076923076923078,0.2263157894736842,0.31622776601683794
Pq3yc,Bird Gets the Worm,21,23,0.0,F,I,F minor,(224232),2,2,4,2,3,2,15,6-29,6,8,"[0, 1, 4, 5, 7, 10]","[0, 2, 5, 7, 8, 11]",44000.0,4.6,2.0,0.23076923076923078,0.2421052631578947,0.11952286093343936
Pq3yc,Bird Gets the Worm,22,24,0.0,F,I,F minor,(101220),1,0,1,2,2,0,6,4-20,4,5,"[0, 3, 7, 8]","[2, 3, 7, 10]",46000.0,1.0,4.358898943540674,0.057692307692307696,0.05263157894736842,0.26049403612586386
Pq3yc,Bird Gets the Worm,23,25,0.0,A-,bIII,F minor,(544332),5,4,4,3,3,2,21,7-4B,7,9,"[0, 1, 3, 4, 5, 6, 7]","[4, 5, 7, 8, 9, 10, 11]",48000.0,8.6,6.855654600401044,0.34615384615384615,0.4526315789473684,0.4097037257057139
Pq3yc,Bird Gets the Worm,24,26,0.0,A-,bIII,F minor,(111000),1,1,1,0,0,0,3,3-2A,3,4,"[0, 9, 10]","[1, 2, 4]",50000.0,1.5,7.483314773547883,0.0,0.07894736842105263,0.4472135954999579
Pq3yc,Bird Gets the Worm,25,26,2.0,F,I,F minor,(111000),1,1,1,0,0,0,3,3-2B,3,4,"[3, 5, 6]","[0, 1, 10]",51000.0,1.5,0.0,0.0,0.07894736842105263,0.0
Pq3yc,Bird Gets the Worm,26,27,0.0,B-,IV,F minor,(123121),1,2,3,1,2,1,10,5-25B,5,8,"[0, 1, 3, 7, 10]","[0, 2, 3, 5, 9]",52000.0,2.8,3.3166247903554,0.1346153846153846,0.14736842105263157,0.19820624179302296
Pq3yc,Bird Gets the Worm,27,28,0.0,E-,bVII,F minor,(234222),2,3,4,2,2,2,15,6-45,6,8,"[1, 4, 6, 7, 8, 10]","[1, 3, 4, 5, 7, 10]",54000.0,5.1,2.23606797749979,0.23076923076923078,0.26842105263157895,0.1336306209562122
Pq3yc,Bird Gets the Worm,28,29,2.0,A-,bIII,F minor,(212100),2,1,2,1,0,0,6,4-3,4,4,"[0, 1, 3, 4]","[4, 5, 7, 8]",57000.0,2.5,4.123105625617661,0.057692307692307696,0.13157894736842105,0.24640269015229058
Pq3yc,Bird Gets the Worm,29,30,0.0,D-,bVI,F minor,(111000),1,1,1,0,0,0,3,3-2A,3,5,"[0, 1, 3]","[0, 2, 11]",58000.0,1.5,1.7320508075688772,0.0,0.07894736842105263,0.10350983390135313
Pq3yc,Bird Gets the Worm,30,31,0.0,A-,bIII,F minor,(211231),2,1,1,2,3,1,10,5-20A,5,6,"[0, 1, 3, 7, 8]","[0, 4, 5, 7, 11]",60000.0,3.3,3.872983346207417,0.1346153846153846,0.17368421052631577,0.23145502494313788
Pq3yc,Bird Gets the Worm,31,32,0.0,G,II,F minor,(122010),1,2,2,0,1,0,6,4-10,4,4,"[5, 7, 8, 10]","[0, 1, 3, 10]",62000.0,2.0,3.4641016151377544,0.057692307692307696,0.10526315789473684,0.20701966780270625
Pq3yc,Bird Gets the Worm,32,32,2.0,C,V,F minor,(004002),0,0,4,0,0,2,6,4-28,4,4,"[1, 4, 7, 10]","[1, 4, 7, 10]",63000.0,1.6,3.7416573867739413,0.057692307692307696,0.08421052631578947,0.22360679774997896
Pq3yc,Bird Gets the Worm,33,33,0.0,F,I,F minor,(335442),3,3,5,4,4,2,21,7-32A,7,8,"[0, 1, 4, 5, 7, 8, 10]","[0, 2, 3, 5, 7, 8, 11]",64000.0,6.1,7.14142842854285,0.34615384615384615,0.32105263157894737,0.42678197846541877
Pq3yc,Bird Gets the Worm,34,35,0.0,B-,IV,F minor,(143250),1,4,3,2,5,0,15,6-32,6,8,"[0, 1, 3, 5, 8, 10]","[0, 2, 3, 5, 7, 10]",68000.0,3.0,4.242640687119285,0.23076923076923078,0.15789473684210525,0.25354627641855493
Pq3yc,Bird Gets the Worm,35,37,0.0,C,V,F minor,(321000),3,2,1,0,0,0,6,4-1,4,6,"[4, 5, 6, 7]","[4, 5, 6, 7]",72000.0,4.0,6.4031242374328485,0.057692307692307696,0.21052631578947367,0.38265986388511064
Pq3yc,Bird Gets the Worm,36,38,0.0,C,V,F minor,(114112),1,1,4,1,1,2,10,5-31B,5,7,"[0, 1, 4, 7, 10]","[0, 1, 4, 7, 10]",74000.0,3.1,4.47213595499958,0.1346153846153846,0.1631578947368421,0.2672612419124244
Pq3yc,Bird Gets the Worm,37,39,0.0,D-,bVI,F minor,(333231),3,3,3,2,3,1,15,6-11B,6,7,"[0, 5, 7, 8, 10, 11]","[4, 6, 7, 9, 10, 11]",76000.0,5.3,3.872983346207417,0.23076923076923078,0.2789473684210526,0.23145502494313788
Pq3yc,Bird Gets the Worm,38,40,0.0,C,V,F minor,(445332),4,4,5,3,3,2,21,7-10B,7,8,"[0, 1, 4, 7, 9, 10, 11]","[0, 1, 4, 7, 9, 10, 11]",78000.0,7.6,2.8284271247461903,0.34615384615384615,0.39999999999999997,0.16903085094570333
Pq3yc,Bird Gets the Worm,39,41,0.0,F,I,F minor,(212320),2,1,2,3,2,0,10,5-17,5,8,"[0, 4, 5, 7, 8]","[0, 2, 3, 7, 11]",80000.0,2.5,5.196152422706632,0.1346153846153846,0.13157894736842105,0.3105295017040594
Pq3yc,Bird Gets the Worm,40,42,0.0,F,I,F minor,(444342),4,4,4,3,4,2,21,7-36B,7,8,"[0, 1, 5, 7, 8, 10, 11]","[0, 2, 3, 5, 6, 7, 8]",82000.0,7.6,5.0,0.34615384615384615,0.39999999999999997,0.2988071523335984
Pq3yc,Bird Gets the Worm,41,43,0.0,B-,IV,F minor,(132130),1,3,2,1,3,0,10,5-23A,5,8,"[0, 5, 7, 8, 10]","[0, 2, 7, 9, 10]",84000.0,2.5,4.795831523312719,0.1346153846153846,0.13157894736842105,0.2866057521105554
Pq3yc,Bird Gets the Worm,42,45,0.0,B-,IV,F minor,(012120),0,1,2,1,2,0,6,4-26,4,4,"[0, 3, 5, 8]","[2, 5, 7, 10]",88000.0,0.5,2.449489742783178,0.057692307692307696,0.02631578947368421,0.14638501094227996
Pq3yc,Bird Gets the Worm,43,46,0.0,B-,IV,F minor,(456562),4,5,6,5,6,2,28,8-26,8,8,"[0, 2, 3, 5, 7, 8, 10, 11]","[0, 1, 2, 4, 5, 7, 9, 10]",90000.0,8.1,9.16515138991168,0.4807692307692308,0.4263157894736842,0.5477225575051661
Pq3yc,Bird Gets the Worm,44,47,0.0,B-,IV,F minor,(102210),1,0,2,2,1,0,6,4-17,4,4,"[1, 4, 5, 8]","[3, 6, 7, 10]",92000.0,1.0,9.38083151964686,0.057692307692307696,0.05263157894736842,0.5606119105813882
Pq3yc,Bird Gets the Worm,45,49,0.0,A-,bIII,F minor,(223431),2,2,3,4,3,1,15,6-31B,6,6,"[0, 3, 5, 7, 8, 11]","[0, 3, 4, 7, 9, 11]",96000.0,3.8,3.872983346207417,0.23076923076923078,0.19999999999999998,0.23145502494313788
Pq3yc,Bird Gets the Worm,46,50,0.0,A-,bIII,F minor,(122230),1,2,2,2,3,0,10,5-27A,5,6,"[0, 3, 7, 8, 10]","[0, 2, 4, 7, 11]",98000.0,2.0,2.6457513110645907,0.1346153846153846,0.10526315789473684,0.15811388300841897
Pq3yc,Bird Gets the Worm,47,51,0.0,G,II,F minor,(101310),1,0,1,3,1,0,6,4-19A,4,4,"[2, 6, 7, 10]","[0, 3, 7, 11]",100000.0,1.0,3.1622776601683795,0.057692307692307696,0.05263157894736842,0.18898223650461363
Pq3yc,Bird Gets the Worm,48,52,0.0,C,V,F minor,(543210),5,4,3,2,1,0,15,6-1,6,8,"[0, 1, 2, 3, 4, 5]","[0, 1, 2, 3, 4, 5]",102000.0,7.0,6.082762530298219,0.23076923076923078,0.3684210526315789,0.3635145899999849
Pq3yc,Bird Gets the Worm,49,53,0.0,F,I,F minor,(225222),2,2,5,2,2,2,15,6-27A,6,8,"[1, 4, 5, 7, 8, 10]","[0, 2, 3, 5, 8, 11]",104000.0,4.6,4.69041575982343,0.23076923076923078,0.2421052631578947,0.2803059552906941
Pq3yc,Bird Gets the Worm,50,54,0.0,F,I,F minor,(433221),4,3,3,2,2,1,15,6-36B,6,6,"[0, 5, 8, 9, 10, 11]","[0, 3, 4, 5, 6, 7]",106000.0,6.3,3.1622776601683795,0.23076923076923078,0.33157894736842103,0.18898223650461363
Pq3yc,Bird Gets the Worm,51,55,0.0,F,I,F minor,(335442),3,3,5,4,4,2,21,7-32B,7,8,"[0, 1, 3, 5, 6, 8, 9]","[0, 1, 3, 4, 7, 8, 10]",108000.0,6.1,3.7416573867739413,0.34615384615384615,0.32105263157894737,0.22360679774997896
Pq3yc,Bird Gets the Worm,52,56,0.0,F,I,F minor,(224232),2,2,4,2,3,2,15,6-29,6,8,"[0, 3, 5, 6, 9, 10]","[0, 1, 4, 5, 7, 10]",110000.0,4.6,2.8284271247461903,0.23076923076923078,0.2421052631578947,0.16903085094570333
Pq3yc,Bird Gets the Worm,53,57,0.0,B-,IV,F minor,(212320),2,1,2,3,2,0,10,5-17,5,8,"[0, 1, 5, 9, 10]","[0, 2, 3, 7, 11]",112000.0,2.5,3.3166247903554,0.1346153846153846,0.13157894736842105,0.19820624179302296
Pq3yc,Bird Gets the Worm,54,58,0.0,B-,IV,F minor,(344451),3,4,4,4,5,1,21,7-27A,7,8,"[0, 1, 3, 5, 8, 9, 10]","[0, 2, 3, 5, 7, 10, 11]",114000.0,5.8,5.0,0.34615384615384615,0.30526315789473685,0.2988071523335984
Pq3yc,Bird Gets the Worm,55,59,0.0,B-,IV,F minor,(011010),0,1,1,0,1,0,3,3-7A,3,4,"[0, 3, 10]","[0, 2, 5]",116000.0,0.5,7.745966692414834,0.0,0.02631578947368421,0.46291004988627577
Pq3yc,Bird Gets the Worm,56,61,0.0,A-,bIII,F minor,(111120),1,1,1,1,2,0,6,4-14B,4,4,"[0, 1, 3, 8]","[0, 4, 5, 7]",120000.0,1.5,1.7320508075688772,0.057692307692307696,0.07894736842105263,0.10350983390135313
Pq3yc,Bird Gets the Worm,57,63,0.0,A-,bIII,F minor,(546652),5,4,6,6,5,2,28,8-17,8,8,"[0, 2, 3, 4, 5, 7, 8, 11]","[0, 3, 4, 6, 7, 8, 9, 11]",124000.0,8.6,9.38083151964686,0.4807692307692308,0.4526315789473684,0.5606119105813882
Pq3yc,Bird Gets the Worm,58,64,0.0,B-,IV,F minor,(321000),3,2,1,0,0,0,6,4-1,4,4,"[0, 1, 10, 11]","[0, 1, 2, 3]",126000.0,4.0,9.899494936611665,0.057692307692307696,0.21052631578947367,0.5916079783099616
Pq3yc,Bird Gets the Worm,59,64,2.0,E-,bVII,F minor,(321000),3,2,1,0,0,0,6,4-1,4,4,"[7, 8, 9, 10]","[4, 5, 6, 7]",127000.0,4.0,0.0,0.057692307692307696,0.21052631578947367,0.0
Pq3yc,Bird Gets the Worm,60,65,0.0,A-,bIII,F minor,(342231),3,4,2,2,3,1,15,6-9B,6,8,"[1, 3, 4, 5, 6, 11]","[3, 5, 7, 8, 9, 10]",128000.0,5.8,4.358898943540674,0.23076923076923078,0.30526315789473685,0.26049403612586386
Q6Ryc,Billie's Bounce,0,2,0.0,F,V,Bb major,(225222),2,2,5,2,2,2,15,6-27A,6,8,"[0, 2, 5, 8, 9, 11]","[0, 3, 4, 6, 7, 9]",2000.0,4.6,0.0,0.23076923076923078,0.2421052631578947,0.0
Q6Ryc,Billie's Bounce,1,5,0.0,F,V,Bb major,(222121),2,2,2,1,2,1,10,5-36B,5,10,"[2, 5, 7, 8, 9]","[0, 2, 3, 4, 9]",8000.0,3.8,3.3166247903554,0.1346153846153846,0.19999999999999998,0.19820624179302296
Q6Ryc,Billie's Bounce,2,6,0.0,B-,I,Bb major,(211110),2,1,1,1,1,0,6,4-4B,4,4,"[5, 8, 9, 10]","[0, 7, 10, 11]",10000.0,2.5,2.0,0.057692307692307696,0.13157894736842105,0.11952286093343936
Q6Ryc,Billie's Bounce,3,7,0.0,B-,I,Bb major,(032140),0,3,2,1,4,0,10,5-35,5,7,"[0, 3, 5, 8, 10]","[0, 2, 5, 7, 10]",12000.0,1.5,4.242640687119285,0.1346153846153846,0.07894736842105263,0.25354627641855493
Q6Ryc,Billie's Bounce,4,8,0.0,F,V,Bb major,(100110),1,0,0,1,1,0,3,3-4B,3,3,"[0, 4, 5]","[0, 7, 11]",14000.0,1.0,4.795831523312719,0.0,0.05263157894736842,0.2866057521105554
Q6Ryc,Billie's Bounce,5,9,2.0,D,III,Bb major,(112011),1,1,2,0,1,1,6,4-13A,4,4,"[0, 1, 3, 6]","[1, 4, 10, 11]",17000.0,2.3,2.6457513110645907,0.057692307692307696,0.12105263157894736,0.15811388300841897
Q6Ryc,Billie's Bounce,6,10,0.0,G,VI,Bb major,(212320),2,1,2,3,2,0,10,5-37,5,8,"[2, 5, 6, 7, 10]","[0, 3, 7, 10, 11]",18000.0,2.5,3.4641016151377544,0.1346153846153846,0.13157894736842105,0.20701966780270625
Q6Ryc,Billie's Bounce,7,11,0.0,C,II,Bb major,(111000),1,1,1,0,0,0,3,3-2B,3,6,"[2, 4, 5]","[2, 4, 5]",20000.0,1.5,3.872983346207417,0.0,0.07894736842105263,0.23145502494313788
Q6Ryc,Billie's Bounce,8,14,0.0,F,V,Bb major,(225222),2,2,5,2,2,2,15,6-27A,6,8,"[0, 2, 5, 8, 9, 11]","[0, 3, 4, 6, 7, 9]",26000.0,4.6,5.477225575051661,0.23076923076923078,0.2421052631578947,0.32732683535398854
Q6Ryc,Billie's Bounce,9,17,0.0,F,V,Bb major,(222121),2,2,2,1,2,1,10,5-36B,5,10,"[2, 5, 7, 8, 9]","[0, 2, 3, 4, 9]",32000.0,3.8,3.3166247903554,0.1346153846153846,0.19999999999999998,0.19820624179302296
Q6Ryc,Billie's Bounce,10,18,0.0,B-,I,Bb major,(211110),2,1,1,1,1,0,6,4-4B,4,4,"[5, 8, 9, 10]","[0, 7, 10, 11]",34000.0,2.5,2.0,0.057692307692307696,0.13157894736842105,0.11952286093343936
Q6Ryc,Billie's Bounce,11,19,0.0,B-,I,Bb major,(032140),0,3,2,1,4,0,10,5-35,5,7,"[0, 3, 5, 8, 10]","[0, 2, 5, 7, 10]",36000.0,1.5,4.242640687119285,0.1346153846153846,0.07894736842105263,0.25354627641855493
Q6Ryc,Billie's Bounce,12,20,0.0,F,V,Bb major,(100110),1,0,0,1,1,0,3,3-4B,3,3,"[0, 4, 5]","[0, 7, 11]",38000.0,1.0,4.795831523312719,0.0,0.05263157894736842,0.2866057521105554
Q6Ryc,Billie's Bounce,13,21,2.0,D,III,Bb major,(112011),1,1,2,0,1,1,6,4-13A,4,4,"[0, 1, 3, 6]","[1, 4, 10, 11]",41000.0,2.3,2.6457513110645907,0.057692307692307696,0.12105263157894736,0.15811388300841897
Q6Ryc,Billie's Bounce,14,22,0.0,G,VI,Bb major,(212320),2,1,2,3,2,0,10,5-37,5,8,"[2, 5, 6, 7, 10]","[0, 3, 7, 10, 11]",42000.0,2.5,3.4641016151377544,0.1346153846153846,0.13157894736842105,0.20701966780270625
Q6Ryc,Billie's Bounce,15,23,0.0,C,II,Bb major,(111000),1,1,1,0,0,0,3,3-2B,3,6,"[2, 4, 5]","[2, 4, 5]",44000.0,1.5,3.872983346207417,0.0,0.07894736842105263,0.23145502494313788
Q6Ryc,Billie's Bounce,16,26,0.0,F,V,Bb major,(443211),4,4,3,2,1,1,15,6-2B,6,6,"[5, 7, 8, 9, 10, 11]","[0, 2, 3, 4, 5, 6]",50000.0,6.8,5.291502622129181,0.23076923076923078,0.35789473684210527,0.31622776601683794
Q6Ryc,Billie's Bounce,17,27,0.0,F,V,Bb major,(122230),1,2,2,2,3,0,10,5-27A,5,9,"[0, 2, 5, 9, 10]","[0, 4, 5, 7, 9]",52000.0,2.0,4.358898943540674,0.1346153846153846,0.10526315789473684,0.26049403612586386
Q6Ryc,Billie's Bounce,18,28,0.0,F,V,Bb major,(030201),0,3,0,2,0,1,6,4-21,4,7,"[3, 5, 7, 9]","[0, 2, 4, 10]",54000.0,2.3,4.0,0.057692307692307696,0.12105263157894736,0.23904572186687872
Q6Ryc,Billie's Bounce,19,30,0.0,B-,I,Bb major,(254361),2,5,4,3,6,1,21,7-35,7,9,"[0, 2, 3, 5, 7, 8, 10]","[0, 2, 4, 5, 7, 9, 10]",58000.0,5.3,7.810249675906654,0.34615384615384615,0.2789473684210526,0.46675169293441543
Q6Ryc,Billie's Bounce,20,31,0.0,B-,I,Bb major,(433221),4,3,3,2,2,1,15,6-36B,6,7,"[0, 5, 8, 9, 10, 11]","[0, 1, 2, 7, 10, 11]",60000.0,6.3,5.0990195135927845,0.23076923076923078,0.33157894736842103,0.304724700110022
Q6Ryc,Billie's Bounce,21,32,0.0,F,V,Bb major,(021120),0,2,1,1,2,0,6,4-22B,4,8,"[0, 2, 4, 9]","[4, 7, 9, 11]",62000.0,1.0,4.795831523312719,0.057692307692307696,0.05263157894736842,0.2866057521105554
Q6Ryc,Billie's Bounce,22,34,0.0,G,VI,Bb major,(225222),2,2,5,2,2,2,15,6-27A,6,7,"[1, 2, 4, 5, 7, 10]","[0, 3, 6, 7, 9, 10]",66000.0,4.6,5.0,0.23076923076923078,0.2421052631578947,0.2988071523335984
Q6Ryc,Billie's Bounce,23,35,0.0,C,II,Bb major,(122230),1,2,2,2,3,0,10,5-27A,5,9,"[0, 2, 5, 9, 10]","[0, 2, 5, 9, 10]",68000.0,2.0,3.872983346207417,0.1346153846153846,0.10526315789473684,0.23145502494313788
Q6Ryc,Billie's Bounce,24,36,0.0,F,V,Bb major,(020100),0,2,0,1,0,0,3,3-6,3,5,"[5, 7, 9]","[0, 2, 4]",70000.0,1.0,3.872983346207417,0.0,0.05263157894736842,0.23145502494313788
Q6Ryc,Billie's Bounce,25,38,0.0,F,V,Bb major,(112011),1,1,2,0,1,1,6,4-13B,4,7,"[5, 8, 10, 11]","[0, 3, 5, 6]",74000.0,2.3,3.0,0.057692307692307696,0.12105263157894736,0.17928429140015903
Q6Ryc,Billie's Bounce,26,39,0.0,F,V,Bb major,(112011),1,1,2,0,1,1,6,4-13B,4,6,"[5, 8, 10, 11]","[0, 3, 5, 6]",76000.0,2.3,0.0,0.057692307692307696,0.12105263157894736,0.0
Q6Ryc,Billie's Bounce,27,40,0.0,F,V,Bb major,(322111),3,2,2,1,1,1,10,5-4B,5,5,"[5, 8, 9, 10, 11]","[0, 3, 4, 5, 6]",78000.0,4.8,2.449489742783178,0.1346153846153846,0.25263157894736843,0.14638501094227996
Q6Ryc,Billie's Bounce,28,41,0.0,C,II,Bb major,(123121),1,2,3,1,2,1,10,5-25B,5,6,"[0, 2, 3, 5, 9]","[0, 2, 3, 5, 9]",80000.0,2.8,2.449489742783178,0.1346153846153846,0.14736842105263157,0.14638501094227996
Q6Ryc,Billie's Bounce,29,42,0.0,B-,I,Bb major,(123121),1,2,3,1,2,1,10,5-25B,5,7,"[2, 5, 7, 8, 10]","[0, 4, 7, 9, 10]",82000.0,2.8,0.0,0.1346153846153846,0.14736842105263157,0.0
Q6Ryc,Billie's Bounce,30,44,0.0,F,V,Bb major,(111000),1,1,1,0,0,0,3,3-2A,3,8,"[0, 9, 10]","[4, 5, 7]",86000.0,1.5,3.3166247903554,0.0,0.07894736842105263,0.19820624179302296
Q6Ryc,Billie's Bounce,31,46,0.0,G,VI,Bb major,(777663),7,7,7,6,6,3,36,9-2B,9,12,"[0, 1, 2, 3, 4, 5, 6, 7, 10]","[0, 3, 5, 6, 7, 8, 9, 10, 11]",90000.0,12.9,13.74772708486752,0.6346153846153846,0.6789473684210526,0.8215838362577492
Q6Ryc,Billie's Bounce,32,47,0.0,C,II,Bb major,(456562),4,5,6,5,6,2,28,8-26,8,17,"[0, 1, 2, 4, 5, 7, 9, 10]","[0, 1, 2, 4, 5, 7, 9, 10]",92000.0,8.1,4.0,0.4807692307692308,0.4263157894736842,0.23904572186687872
Q6Ryc,Billie's Bounce,33,48,0.0,F,V,Bb major,(121110),1,2,1,1,1,0,6,4-11A,4,5,"[0, 1, 3, 5]","[0, 7, 8, 10]",94000.0,2.0,9.38083151964686,0.057692307692307696,0.10526315789473684,0.5606119105813882
Q6Ryc,Billie's Bounce,34,49,0.0,C,II,Bb major,(001110),0,0,1,1,1,0,3,3-11B,3,5,"[0, 5, 9]","[0, 5, 9]",96000.0,0.0,2.23606797749979,0.0,0.0,0.1336306209562122
Q6Ryc,Billie's Bounce,35,50,0.0,F,V,Bb major,(456562),4,5,6,5,6,2,28,8-26,8,8,"[0, 2, 3, 5, 6, 7, 9, 10]","[0, 1, 2, 4, 5, 7, 9, 10]",98000.0,8.1,10.535653752852738,0.4807692307692308,0.4263157894736842,0.6296257391725432
Q6Ryc,Billie's Bounce,36,51,0.0,B-,I,Bb major,(444441),4,4,4,4,4,1,21,7-11A,7,9,"[0, 1, 2, 3, 5, 9, 10]","[0, 2, 3, 4, 5, 7, 11]",100000.0,6.8,3.3166247903554,0.34615384615384615,0.35789473684210527,0.19820624179302296
Q6Ryc,Billie's Bounce,37,52,0.0,F,V,Bb major,(465472),4,6,5,4,7,2,28,8-23,8,12,"[0, 2, 3, 5, 7, 8, 9, 10]","[0, 2, 3, 4, 5, 7, 9, 10]",102000.0,8.6,3.872983346207417,0.4807692307692308,0.4526315789473684,0.23145502494313788
Q6Ryc,Billie's Bounce,38,53,0.0,C,II,Bb major,(211110),2,1,1,1,1,0,6,4-4A,4,4,"[0, 1, 2, 5]","[0, 1, 2, 5]",104000.0,2.5,9.695359714832659,0.057692307692307696,0.13157894736842105,0.5794085654478071
Q6Ryc,Billie's Bounce,39,55,0.0,B-,I,Bb major,(143250),1,4,3,2,5,0,15,6-32,6,8,"[0, 3, 5, 7, 8, 10]","[0, 2, 5, 7, 9, 10]",108000.0,3.0,5.5677643628300215,0.23076923076923078,0.15789473684210525,0.33273756282434613
Q6Ryc,Billie's Bounce,40,56,0.0,F,V,Bb major,(111000),1,1,1,0,0,0,3,3-2A,3,3,"[0, 9, 10]","[4, 5, 7]",110000.0,1.5,6.48074069840786,0.0,0.07894736842105263,0.3872983346207417
Q6Ryc,Billie's Bounce,41,57,0.0,D,III,Bb major,(335442),3,3,5,4,4,2,21,7-32A,7,10,"[0, 2, 3, 6, 7, 9, 10]","[0, 1, 4, 5, 7, 8, 10]",112000.0,6.1,7.745966692414834,0.34615384615384615,0.32105263157894737,0.46291004988627577
Q6Ryc,Billie's Bounce,42,58,0.0,G,VI,Bb major,(131221),1,3,1,2,2,1,10,5-24B,5,7,"[0, 2, 4, 5, 10]","[3, 5, 7, 9, 10]",114000.0,3.3,5.385164807134504,0.1346153846153846,0.17368421052631577,0.3218251521733945
Q6Ryc,Billie's Bounce,43,59,0.0,C,II,Bb major,(456553),4,5,6,5,5,3,28,8-27B,8,10,"[0, 1, 3, 4, 5, 7, 9, 10]","[0, 1, 3, 4, 5, 7, 9, 10]",116000.0,8.9,7.745966692414834,0.4807692307692308,0.46842105263157896,0.46291004988627577
Q6Ryc,Billie's Bounce,44,60,0.0,F,V,Bb major,(111000),1,1,1,0,0,0,3,3-2A,3,4,"[0, 9, 10]","[4, 5, 7]",118000.0,1.5,10.44030650891055,0.0,0.07894736842105263,0.6239276514834988
Q6Ryc,Billie's Bounce,45,62,0.0,F,V,Bb major,(343230),3,4,3,2,3,0,15,6-8,6,7,"[0, 5, 7, 8, 9, 10]","[0, 2, 3, 4, 5, 7]",122000.0,5.0,5.477225575051661,0.23076923076923078,0.2631578947368421,0.32732683535398854
Q6Ryc,Billie's Bounce,46,63,0.0,B-,I,Bb major,(323430),3,2,3,4,3,0,15,6-14B,6,8,"[0, 3, 4, 5, 7, 8]","[2, 5, 6, 7, 9, 10]",124000.0,4.0,2.8284271247461903,0.23076923076923078,0.21052631578947367,0.16903085094570333
Q6Ryc,Billie's Bounce,47,64,0.0,F,V,Bb major,(021120),0,2,1,1,2,0,6,4-22B,4,6,"[0, 3, 5, 7]","[0, 2, 7, 10]",126000.0,1.0,4.795831523312719,0.057692307692307696,0.05263157894736842,0.2866057521105554
Q6Ryc,Billie's Bounce,48,66,0.0,B-,I,Bb major,(021120),0,2,1,1,2,0,6,4-22B,4,6,"[0, 5, 8, 10]","[0, 2, 7, 10]",130000.0,1.0,0.0,0.057692307692307696,0.05263157894736842,0.0
Q6Ryc,Billie's Bounce,49,67,0.0,B-,I,Bb major,(032221),0,3,2,2,2,1,10,5-34,5,7,"[0, 2, 5, 8, 10]","[0, 2, 4, 7, 10]",132000.0,2.3,2.0,0.1346153846153846,0.12105263157894736,0.11952286093343936
Q6Ryc,Billie's Bounce,50,68,0.0,F,V,Bb major,(122230),1,2,2,2,3,0,10,5-27B,5,6,"[0, 2, 4, 5, 9]","[0, 4, 7, 9, 11]",134000.0,2.0,2.0,0.1346153846153846,0.10526315789473684,0.11952286093343936
Q6Ryc,Billie's Bounce,51,69,0.0,F,V,Bb major,(020100),0,2,0,1,0,0,3,3-6,3,5,"[0, 2, 10]","[5, 7, 9]",136000.0,1.0,3.872983346207417,0.0,0.05263157894736842,0.23145502494313788
Q6Ryc,Billie's Bounce,52,69,2.0,D,III,Bb major,(111000),1,1,1,0,0,0,3,3-2A,3,4,"[6, 7, 9]","[4, 5, 7]",137000.0,1.5,2.0,0.0,0.07894736842105263,0.11952286093343936
Q6Ryc,Billie's Bounce,53,70,0.0,G,VI,Bb major,(121321),1,2,1,3,2,1,10,5-30A,5,10,"[0, 2, 6, 7, 10]","[0, 3, 5, 7, 11]",138000.0,2.8,3.872983346207417,0.1346153846153846,0.14736842105263157,0.23145502494313788
Q6Ryc,Billie's Bounce,54,71,0.0,C,II,Bb major,(221131),2,2,1,1,3,1,10,5-14B,5,5,"[0, 3, 4, 5, 10]","[0, 3, 4, 5, 10]",140000.0,3.8,2.449489742783178,0.1346153846153846,0.19999999999999998,0.14638501094227996
Q6Ryc,Billie's Bounce,55,72,0.0,F,V,Bb major,(111120),1,1,1,1,2,0,6,4-14B,4,8,"[0, 5, 9, 10]","[0, 4, 5, 7]",142000.0,1.5,2.0,0.057692307692307696,0.07894736842105263,0.11952286093343936
Q6Ryc,Billie's Bounce,56,73,2.0,C,II,Bb major,(021030),0,2,1,0,3,0,6,4-23,4,4,"[0, 2, 5, 7]","[0, 2, 5, 7]",145000.0,1.0,2.0,0.057692307692307696,0.05263157894736842,0.11952286093343936
QRfYc,Perhaps,0,1,0.0,C,I,C major,(232341),2,3,2,3,4,1,15,6-26,6,7,"[0, 4, 5, 7, 9, 11]","[0, 4, 5, 7, 9, 11]",0.0,4.3,0.0,0.23076923076923078,0.2263157894736842,0.0
QRfYc,Perhaps,1,2,0.0,C,I,C major,(232341),2,3,2,3,4,1,15,6-26,6,8,"[0, 4, 5, 7, 9, 11]","[0, 4, 5, 7, 9, 11]",2000.0,4.3,0.0,0.23076923076923078,0.2263157894736842,0.0
QRfYc,Perhaps,2,3,0.0,C,I,C major,(132130),1,3,2,1,3,0,10,5-23A,5,8,"[2, 4, 5, 7, 9]","[2, 4, 5, 7, 9]",4000.0,2.5,2.6457513110645907,0.1346153846153846,0.13157894736842105,0.15811388300841897
QRfYc,Perhaps,3,5,0.0,F,IV,C major,(111120),1,1,1,1,2,0,6,4-14B,4,6,"[0, 4, 5, 7]","[0, 2, 7, 11]",8000.0,1.5,2.449489742783178,0.057692307692307696,0.07894736842105263,0.14638501094227996
QRfYc,Perhaps,4,6,0.0,F,IV,C major,(020301),0,2,0,3,0,1,6,4-24,4,6,"[3, 7, 9, 11]","[2, 4, 6, 10]",10000.0,1.8,3.4641016151377544,0.057692307692307696,0.09473684210526316,0.20701966780270625
QRfYc,Perhaps,5,7,0.0,C,I,C major,(111111),1,1,1,1,1,1,6,4-15B,4,6,"[2, 4, 7, 8]","[2, 4, 7, 8]",12000.0,2.3,2.8284271247461903,0.057692307692307696,0.12105263157894736,0.16903085094570333
QRfYc,Perhaps,6,8,0.0,E,III,C major,(102111),1,0,2,1,1,1,6,4-18B,4,4,"[4, 7, 10, 11]","[0, 3, 6, 7]",14000.0,1.8,1.4142135623730951,0.057692307692307696,0.09473684210526316,0.08451542547285167
QRfYc,Perhaps,7,9,0.0,D,II,C major,(021120),0,2,1,1,2,0,6,4-22B,4,6,"[0, 2, 4, 9]","[0, 2, 7, 10]",16000.0,1.0,2.8284271247461903,0.057692307692307696,0.05263157894736842,0.16903085094570333
QRfYc,Perhaps,8,10,0.0,G,V,C major,(111000),1,1,1,0,0,0,3,3-2B,3,6,"[5, 7, 8]","[0, 1, 10]",18000.0,1.5,2.6457513110645907,0.0,0.07894736842105263,0.15811388300841897
QRfYc,Perhaps,9,11,0.0,C,I,C major,(121110),1,2,1,1,1,0,6,4-11A,4,4,"[4, 5, 7, 9]","[4, 5, 7, 9]",20000.0,2.0,1.7320508075688772,0.057692307692307696,0.10526315789473684,0.10350983390135313
QRfYc,Perhaps,10,12,0.0,D,II,C major,(111120),1,1,1,1,2,0,6,4-14B,4,5,"[0, 2, 7, 11]","[0, 5, 9, 10]",22000.0,1.5,1.4142135623730951,0.057692307692307696,0.07894736842105263,0.08451542547285167
QRfYc,Perhaps,11,12,2.0,G,V,C major,(111000),1,1,1,0,0,0,3,3-2A,3,4,"[0, 2, 11]","[4, 5, 7]",23000.0,1.5,2.23606797749979,0.0,0.07894736842105263,0.1336306209562122
QRfYc,Perhaps,12,14,0.0,C,I,C major,(132130),1,3,2,1,3,0,10,5-23B,5,9,"[0, 2, 7, 9, 11]","[0, 2, 7, 9, 11]",26000.0,2.5,3.872983346207417,0.1346153846153846,0.13157894736842105,0.23145502494313788
QRfYc,Perhaps,13,15,0.0,C,I,C major,(345342),3,4,5,3,4,2,21,7-25A,7,8,"[0, 1, 2, 4, 5, 7, 10]","[0, 1, 2, 4, 5, 7, 10]",28000.0,6.6,4.795831523312719,0.34615384615384615,0.34736842105263155,0.2866057521105554
QRfYc,Perhaps,14,16,0.0,G,V,C major,(122230),1,2,2,2,3,0,10,5-27A,5,6,"[0, 2, 5, 9, 10]","[2, 3, 5, 7, 10]",30000.0,2.0,4.795831523312719,0.1346153846153846,0.10526315789473684,0.2866057521105554
QRfYc,Perhaps,15,16,2.0,C,I,C major,(000300),0,0,0,3,0,0,3,3-12,3,4,"[0, 4, 8]","[0, 4, 8]",31000.0,0.0,4.358898943540674,0.0,0.0,0.26049403612586386
QRfYc,Perhaps,16,17,0.0,F,IV,C major,(132130),1,3,2,1,3,0,10,5-23A,5,7,"[0, 2, 3, 5, 7]","[0, 2, 7, 9, 10]",32000.0,2.5,5.196152422706632,0.1346153846153846,0.13157894736842105,0.3105295017040594
QRfYc,Perhaps,17,19,0.0,C,I,C major,(222121),2,2,2,1,2,1,10,5-12,5,8,"[0, 2, 4, 5, 11]","[0, 2, 4, 5, 11]",36000.0,3.8,2.0,0.1346153846153846,0.19999999999999998,0.11952286093343936
QRfYc,Perhaps,18,20,0.0,C,I,C major,(122010),1,2,2,0,1,0,6,4-10,4,4,"[2, 4, 5, 7]","[2, 4, 5, 7]",38000.0,2.0,2.0,0.057692307692307696,0.10526315789473684,0.11952286093343936
QRfYc,Perhaps,19,20,2.0,A,VI,C major,(102111),1,0,2,1,1,1,6,4-18A,4,4,"[1, 4, 9, 10]","[0, 1, 4, 7]",39000.0,1.8,2.449489742783178,0.057692307692307696,0.09473684210526316,0.14638501094227996
QRfYc,Perhaps,20,21,0.0,D,II,C major,(143250),1,4,3,2,5,0,15,6-32,6,8,"[0, 2, 4, 5, 7, 9]","[0, 2, 3, 5, 7, 10]",40000.0,3.0,5.916079783099616,0.23076923076923078,0.15789473684210525,0.3535533905932738
QRfYc,Perhaps,21,22,0.0,G,V,C major,(143250),1,4,3,2,5,0,15,6-32,6,8,"[0, 3, 5, 7, 8, 10]","[0, 1, 3, 5, 8, 10]",42000.0,3.0,0.0,0.23076923076923078,0.15789473684210525,0.0
QRfYc,Perhaps,22,24,2.0,G,V,C major,(100011),1,0,0,0,1,1,3,3-5A,3,3,"[0, 6, 7]","[0, 5, 11]",47000.0,1.8,6.782329983125268,0.0,0.09473684210526316,0.4053217416888888
QRfYc,Perhaps,23,25,0.0,C,I,C major,(111000),1,1,1,0,0,0,3,3-2A,3,8,"[0, 2, 11]","[0, 2, 11]",48000.0,1.5,2.0,0.0,0.07894736842105263,0.11952286093343936
QRfYc,Perhaps,24,26,0.0,C,I,C major,(543210),5,4,3,2,1,0,15,6-1,6,6,"[0, 7, 8, 9, 10, 11]","[0, 7, 8, 9, 10, 11]",50000.0,7.0,5.830951894845301,0.23076923076923078,0.3684210526315789,0.3484660262185848
QRfYc,Perhaps,25,27,0.0,C,I,C major,(444441),4,4,4,4,4,1,21,7-11A,7,8,"[0, 2, 3, 4, 5, 7, 11]","[0, 2, 3, 4, 5, 7, 11]",52000.0,6.8,4.0,0.34615384615384615,0.35789473684210527,0.23904572186687872
QRfYc,Perhaps,26,28,0.0,G,V,C major,(102111),1,0,2,1,1,1,6,4-18B,4,4,"[1, 2, 7, 10]","[0, 3, 6, 7]",54000.0,1.8,6.855654600401044,0.057692307692307696,0.09473684210526316,0.4097037257057139
QRfYc,Perhaps,27,28,2.0,C,I,C major,(112101),1,1,2,1,0,1,6,4-12A,4,4,"[1, 7, 9, 10]","[1, 7, 9, 10]",55000.0,2.3,1.4142135623730951,0.057692307692307696,0.12105263157894736,0.08451542547285167
QRfYc,Perhaps,28,29,0.0,F,IV,C major,(122010),1,2,2,0,1,0,6,4-10,4,5,"[0, 2, 3, 5]","[0, 7, 9, 10]",56000.0,2.0,2.0,0.057692307692307696,0.10526315789473684,0.11952286093343936
QRfYc,Perhaps,29,31,0.0,C,I,C major,(223111),2,2,3,1,1,1,10,5-10B,5,10,"[2, 4, 5, 7, 8]","[2, 4, 5, 7, 8]",60000.0,3.8,2.0,0.1346153846153846,0.19999999999999998,0.11952286093343936
QRfYc,Perhaps,30,32,0.0,A,VI,C major,(225222),2,2,5,2,2,2,15,6-27B,6,9,"[0, 1, 4, 7, 9, 10]","[0, 1, 3, 4, 7, 10]",62000.0,4.6,2.6457513110645907,0.23076923076923078,0.2421052631578947,0.15811388300841897
QRfYc,Perhaps,31,33,0.0,D,II,C major,(122230),1,2,2,2,3,0,10,5-27A,5,6,"[0, 4, 5, 7, 9]","[2, 3, 5, 7, 10]",64000.0,2.0,3.872983346207417,0.1346153846153846,0.10526315789473684,0.23145502494313788
QRfYc,Perhaps,32,34,0.0,G,V,C major,(142422),1,4,2,4,2,2,15,6-34A,6,7,"[0, 2, 4, 6, 8, 11]","[1, 4, 5, 7, 9, 11]",66000.0,4.6,3.605551275463989,0.23076923076923078,0.2421052631578947,0.21547290184283363
QRfYc,Perhaps,33,35,0.0,C,I,C major,(343230),3,4,3,2,3,0,15,6-8,6,7,"[0, 2, 3, 4, 5, 7]","[0, 2, 3, 4, 5, 7]",68000.0,5.0,3.7416573867739413,0.23076923076923078,0.2631578947368421,0.22360679774997896
QRfYc,Perhaps,34,37,0.0,C,I,C major,(122131),1,2,2,1,3,1,10,5-29B,5,6,"[0, 2, 3, 7, 9]","[0, 2, 3, 7, 9]",72000.0,2.8,3.3166247903554,0.1346153846153846,0.14736842105263157,0.19820624179302296
QRfYc,Perhaps,35,38,0.0,C,I,C major,(132130),1,3,2,1,3,0,10,5-23B,5,9,"[0, 5, 7, 9, 10]","[0, 5, 7, 9, 10]",74000.0,2.5,1.4142135623730951,0.1346153846153846,0.13157894736842105,0.08451542547285167
QRfYc,Perhaps,36,39,0.0,C,I,C major,(321121),3,2,1,1,2,1,10,5-5B,5,7,"[0, 4, 5, 6, 7]","[0, 4, 5, 6, 7]",76000.0,4.8,2.8284271247461903,0.1346153846153846,0.25263157894736843,0.16903085094570333
QRfYc,Perhaps,37,40,0.0,C,I,C major,(544431),5,4,4,4,3,1,21,7-3B,7,10,"[0, 1, 2, 6, 9, 10, 11]","[0, 1, 2, 6, 9, 10, 11]",78000.0,7.8,5.196152422706632,0.34615384615384615,0.4105263157894737,0.3105295017040594
QRfYc,Perhaps,38,41,0.0,F,IV,C major,(465472),4,6,5,4,7,2,28,8-23,8,10,"[0, 2, 3, 4, 5, 7, 9, 10]","[0, 2, 4, 5, 7, 9, 10, 11]",80000.0,8.6,4.795831523312719,0.4807692307692308,0.4526315789473684,0.2866057521105554
QRfYc,Perhaps,39,43,0.0,C,I,C major,(342231),3,4,2,2,3,1,15,6-9B,6,8,"[0, 2, 4, 5, 6, 7]","[0, 2, 4, 5, 6, 7]",84000.0,5.8,5.916079783099616,0.23076923076923078,0.30526315789473685,0.3535533905932738
QRfYc,Perhaps,40,44,0.0,A,VI,C major,(225222),2,2,5,2,2,2,15,6-27B,6,9,"[0, 1, 4, 7, 9, 10]","[0, 1, 3, 4, 7, 10]",86000.0,4.6,4.0,0.23076923076923078,0.2421052631578947,0.23904572186687872
QRfYc,Perhaps,41,45,0.0,D,II,C major,(132130),1,3,2,1,3,0,10,5-23B,5,6,"[0, 2, 4, 5, 7]","[0, 2, 3, 5, 10]",88000.0,2.5,4.123105625617661,0.1346153846153846,0.13157894736842105,0.24640269015229058
QRfYc,Perhaps,42,46,0.0,G,V,C major,(123121),1,2,3,1,2,1,10,5-25A,5,6,"[0, 2, 5, 9, 11]","[2, 4, 5, 7, 10]",90000.0,2.8,2.0,0.1346153846153846,0.14736842105263157,0.11952286093343936
QRfYc,Perhaps,43,47,0.0,C,I,C major,(132130),1,3,2,1,3,0,10,5-23B,5,6,"[0, 2, 4, 5, 7]","[0, 2, 4, 5, 7]",92000.0,2.5,2.0,0.1346153846153846,0.13157894736842105,0.11952286093343936
QRfYc,Perhaps,44,48,0.0,G,V,C major,(114112),1,1,4,1,1,2,10,5-31B,5,8,"[2, 5, 7, 8, 11]","[0, 1, 4, 7, 10]",94000.0,3.1,4.0,0.1346153846153846,0.1631578947368421,0.23904572186687872
Qrqyc,Blues For Alice,0,1,0.0,F,I,F major,(101220),1,0,1,2,2,0,6,4-20,4,6,"[0, 4, 5, 9]","[0, 4, 7, 11]",0.0,1.0,0.0,0.057692307692307696,0.05263157894736842,0.0
Qrqyc,Blues For Alice,1,2,0.0,E,VII,F major,(011010),0,1,1,0,1,0,3,3-7B,3,4,"[2, 4, 11]","[0, 7, 10]",2000.0,0.5,2.6457513110645907,0.0,0.02631578947368421,0.15811388300841897
Qrqyc,Blues For Alice,2,2,2.0,A,III,F major,(112101),1,1,2,1,0,1,6,4-12A,4,4,"[1, 7, 9, 10]","[0, 1, 4, 10]",3000.0,2.3,2.23606797749979,0.057692307692307696,0.12105263157894736,0.1336306209562122
Qrqyc,Blues For Alice,3,3,0.0,D,VI,F major,(001110),0,0,1,1,1,0,3,3-11A,3,3,"[2, 5, 9]","[0, 3, 7]",4000.0,0.0,2.23606797749979,0.0,0.0,0.1336306209562122
Qrqyc,Blues For Alice,4,3,2.0,G,II,F major,(121110),1,2,1,1,1,0,6,4-11A,4,4,"[4, 5, 7, 9]","[0, 2, 9, 10]",5000.0,2.0,2.23606797749979,0.057692307692307696,0.10526315789473684,0.1336306209562122
Qrqyc,Blues For Alice,5,4,0.0,C,V,F major,(212221),2,1,2,2,2,1,10,5-38B,5,5,"[1, 2, 3, 7, 10]","[1, 2, 3, 7, 10]",6000.0,3.3,2.449489742783178,0.1346153846153846,0.17368421052631577,0.14638501094227996
Qrqyc,Blues For Alice,6,5,0.0,B-,IV,F major,(132130),1,3,2,1,3,0,10,5-23A,5,6,"[0, 5, 7, 8, 10]","[0, 2, 7, 9, 10]",8000.0,2.5,2.8284271247461903,0.1346153846153846,0.13157894736842105,0.16903085094570333
Qrqyc,Blues For Alice,7,6,0.0,B-,IV,F major,(121110),1,2,1,1,1,0,6,4-11A,4,4,"[1, 3, 10, 11]","[0, 1, 3, 5]",10000.0,2.0,2.449489742783178,0.057692307692307696,0.10526315789473684,0.14638501094227996
Qrqyc,Blues For Alice,8,6,2.0,E-,bVII,F major,(021120),0,2,1,1,2,0,6,4-22A,4,4,"[0, 5, 7, 9]","[2, 4, 6, 9]",11000.0,1.0,1.4142135623730951,0.057692307692307696,0.05263157894736842,0.08451542547285167
Qrqyc,Blues For Alice,9,7,0.0,A,III,F major,(021120),0,2,1,1,2,0,6,4-22B,4,4,"[0, 2, 4, 9]","[0, 3, 5, 7]",12000.0,1.0,0.0,0.057692307692307696,0.05263157894736842,0.0
Qrqyc,Blues For Alice,10,8,0.0,A-,bIII,F major,(010020),0,1,0,0,2,0,3,3-9,3,3,"[1, 6, 11]","[3, 5, 10]",14000.0,0.5,1.7320508075688772,0.0,0.02631578947368421,0.10350983390135313
Qrqyc,Blues For Alice,11,9,0.0,G,II,F major,(012120),0,1,2,1,2,0,6,4-26,4,7,"[2, 5, 7, 10]","[0, 3, 7, 10]",16000.0,0.5,2.23606797749979,0.057692307692307696,0.02631578947368421,0.1336306209562122
Qrqyc,Blues For Alice,12,10,0.0,C,V,F major,(123121),1,2,3,1,2,1,10,5-25A,5,5,"[0, 3, 7, 9, 10]","[0, 3, 7, 9, 10]",18000.0,2.8,2.0,0.1346153846153846,0.14736842105263157,0.11952286093343936
Qrqyc,Blues For Alice,13,11,0.0,F,I,F major,(032140),0,3,2,1,4,0,10,5-35,5,5,"[0, 2, 5, 7, 9]","[0, 2, 4, 7, 9]",20000.0,1.5,2.8284271247461903,0.1346153846153846,0.07894736842105263,0.16903085094570333
Qrqyc,Blues For Alice,14,12,0.0,G,II,F major,(001110),0,0,1,1,1,0,3,3-11A,3,3,"[2, 7, 10]","[0, 3, 7]",22000.0,0.0,4.358898943540674,0.0,0.0,0.26049403612586386
Qrqyc,Blues For Alice,15,13,0.0,F,I,F major,(322242),3,2,2,2,4,2,15,6-18B,6,9,"[0, 4, 5, 7, 10, 11]","[0, 2, 5, 6, 7, 11]",24000.0,5.6,5.291502622129181,0.23076923076923078,0.29473684210526313,0.31622776601683794
Qrqyc,Blues For Alice,16,14,0.0,E,VII,F major,(123121),1,2,3,1,2,1,10,5-25A,5,5,"[1, 2, 4, 7, 11]","[0, 3, 7, 9, 10]",26000.0,2.8,3.3166247903554,0.1346153846153846,0.14736842105263157,0.19820624179302296
Qrqyc,Blues For Alice,17,14,2.0,A,III,F major,(111120),1,1,1,1,2,0,6,4-14B,4,5,"[0, 5, 9, 10]","[0, 1, 3, 8]",27000.0,1.5,2.449489742783178,0.057692307692307696,0.07894736842105263,0.14638501094227996
Qrqyc,Blues For Alice,18,15,0.0,D,VI,F major,(111120),1,1,1,1,2,0,6,4-14A,4,4,"[0, 2, 3, 7]","[0, 1, 5, 10]",28000.0,1.5,0.0,0.057692307692307696,0.07894736842105263,0.0
Qrqyc,Blues For Alice,19,17,0.0,B-,IV,F major,(100011),1,0,0,0,1,1,3,3-5B,3,6,"[5, 10, 11]","[0, 1, 7]",32000.0,1.8,2.23606797749979,0.0,0.09473684210526316,0.1336306209562122
Qrqyc,Blues For Alice,20,18,0.0,B-,IV,F major,(111000),1,1,1,0,0,0,3,3-2B,3,5,"[5, 7, 8]","[7, 9, 10]",34000.0,1.5,2.0,0.0,0.07894736842105263,0.11952286093343936
Qrqyc,Blues For Alice,21,18,2.0,E-,bVII,F major,(021030),0,2,1,0,3,0,6,4-23,4,6,"[0, 3, 5, 10]","[0, 2, 7, 9]",35000.0,1.0,3.3166247903554,0.057692307692307696,0.05263157894736842,0.19820624179302296
Qrqyc,Blues For Alice,22,19,0.0,A,III,F major,(354351),3,5,4,3,5,1,21,7-23A,7,8,"[0, 2, 3, 4, 5, 7, 9]","[0, 3, 5, 6, 7, 8, 10]",36000.0,6.3,6.4031242374328485,0.34615384615384615,0.33157894736842103,0.38265986388511064
Qrqyc,Blues For Alice,23,21,0.0,G,II,F major,(122010),1,2,2,0,1,0,6,4-10,4,7,"[0, 7, 9, 10]","[0, 2, 3, 5]",40000.0,2.0,6.557438524302,0.057692307692307696,0.10526315789473684,0.3918819064098629
Qrqyc,Blues For Alice,24,22,0.0,C,V,F major,(777663),7,7,7,6,6,3,36,9-2B,9,14,"[0, 1, 2, 3, 4, 5, 6, 7, 10]","[0, 1, 2, 3, 4, 5, 6, 7, 10]",42000.0,12.9,12.489995996796797,0.6346153846153846,0.6789473684210526,0.7464200272921789
Qrqyc,Blues For Alice,25,23,0.0,F,I,F major,(233331),2,3,3,3,3,1,15,6-24B,6,9,"[0, 1, 5, 7, 9, 10]","[0, 2, 4, 5, 7, 8]",44000.0,4.3,8.888194417315589,0.23076923076923078,0.2263157894736842,0.5311712126450916
Qrqyc,Blues For Alice,26,25,0.0,F,I,F major,(354351),3,5,4,3,5,1,21,7-23B,7,12,"[0, 2, 4, 5, 6, 7, 9]","[0, 1, 2, 4, 7, 9, 11]",48000.0,6.3,3.1622776601683795,0.34615384615384615,0.33157894736842103,0.18898223650461363
Qrqyc,Blues For Alice,27,26,0.0,E,VII,F major,(012111),0,1,2,1,1,1,6,4-27B,4,4,"[1, 4, 7, 9]","[0, 3, 5, 9]",50000.0,1.3,7.0,0.057692307692307696,0.06842105263157895,0.4183300132670378
Qrqyc,Blues For Alice,28,26,2.0,A,III,F major,(111120),1,1,1,1,2,0,6,4-14B,4,5,"[0, 5, 9, 10]","[0, 1, 3, 8]",51000.0,1.5,2.0,0.057692307692307696,0.07894736842105263,0.11952286093343936
Qrqyc,Blues For Alice,29,27,0.0,D,VI,F major,(112011),1,1,2,0,1,1,6,4-13B,4,6,"[2, 5, 7, 8]","[0, 3, 5, 6]",52000.0,2.3,2.0,0.057692307692307696,0.12105263157894736,0.11952286093343936
Qrqyc,Blues For Alice,30,27,2.0,G,II,F major,(020100),0,2,0,1,0,0,3,3-6,3,5,"[5, 7, 9]","[0, 2, 10]",53000.0,1.0,3.0,0.0,0.05263157894736842,0.17928429140015903
Qrqyc,Blues For Alice,31,29,0.0,B-,IV,F major,(032221),0,3,2,2,2,1,10,5-34,5,10,"[0, 2, 5, 8, 10]","[0, 2, 4, 7, 10]",56000.0,2.3,3.3166247903554,0.1346153846153846,0.12105263157894736,0.19820624179302296
Qrqyc,Blues For Alice,32,30,0.0,B-,IV,F major,(020100),0,2,0,1,0,0,3,3-6,3,3,"[3, 5, 7]","[5, 7, 9]",58000.0,1.0,3.3166247903554,0.0,0.05263157894736842,0.19820624179302296
Qrqyc,Blues For Alice,33,30,2.0,E-,bVII,F major,(010020),0,1,0,0,2,0,3,3-9,3,3,"[0, 5, 10]","[2, 7, 9]",59000.0,0.5,2.449489742783178,0.0,0.02631578947368421,0.14638501094227996
Qrqyc,Blues For Alice,34,31,0.0,A,III,F major,(123121),1,2,3,1,2,1,10,5-25B,5,10,"[0, 4, 7, 9, 10]","[0, 1, 3, 7, 10]",60000.0,2.8,3.605551275463989,0.1346153846153846,0.14736842105263157,0.21547290184283363
Qrqyc,Blues For Alice,35,32,0.0,A-,bIII,F major,(021120),0,2,1,1,2,0,6,4-22A,4,5,"[1, 3, 6, 11]","[3, 5, 7, 10]",62000.0,1.0,2.449489742783178,0.057692307692307696,0.05263157894736842,0.14638501094227996
Qrqyc,Blues For Alice,36,33,0.0,G,II,F major,(544431),5,4,4,4,3,1,21,7-3A,7,8,"[2, 3, 4, 5, 6, 7, 10]","[0, 3, 7, 8, 9, 10, 11]",64000.0,7.8,7.0,0.34615384615384615,0.4105263157894737,0.4183300132670378
Qrqyc,Blues For Alice,37,34,0.0,C,V,F major,(555553),5,5,5,5,5,3,28,8-15B,8,17,"[0, 1, 4, 5, 7, 9, 10, 11]","[0, 1, 4, 5, 7, 9, 10, 11]",66000.0,9.9,3.3166247903554,0.4807692307692308,0.5210526315789474,0.19820624179302296
Qrqyc,Blues For Alice,38,35,0.0,F,I,F major,(233241),2,3,3,2,4,1,15,6-25A,6,6,"[0, 4, 5, 7, 9, 10]","[0, 2, 4, 5, 7, 11]",68000.0,4.3,5.5677643628300215,0.23076923076923078,0.2263157894736842,0.33273756282434613
Qrqyc,Blues For Alice,39,37,0.0,F,I,F major,(021120),0,2,1,1,2,0,6,4-22A,4,6,"[0, 5, 7, 9]","[0, 2, 4, 7]",72000.0,1.0,3.872983346207417,0.057692307692307696,0.05263157894736842,0.23145502494313788
Qrqyc,Blues For Alice,40,38,0.0,E,VII,F major,(132130),1,3,2,1,3,0,10,5-23B,5,6,"[0, 5, 7, 9, 10]","[1, 3, 5, 6, 8]",74000.0,2.5,2.0,0.1346153846153846,0.13157894736842105,0.11952286093343936
Qrqyc,Blues For Alice,41,38,2.0,A,III,F major,(111000),1,1,1,0,0,0,3,3-2A,3,4,"[1, 2, 4]","[4, 5, 7]",75000.0,1.5,3.872983346207417,0.0,0.07894736842105263,0.23145502494313788
Qrqyc,Blues For Alice,42,39,0.0,D,VI,F major,(111000),1,1,1,0,0,0,3,3-2A,3,4,"[1, 2, 4]","[0, 2, 11]",76000.0,1.5,0.0,0.0,0.07894736842105263,0.0
Qrqyc,Blues For Alice,43,39,2.0,G,II,F major,(021120),0,2,1,1,2,0,6,4-22A,4,4,"[0, 5, 7, 9]","[0, 2, 5, 10]",77000.0,1.0,2.6457513110645907,0.057692307692307696,0.05263157894736842,0.15811388300841897
Qrqyc,Blues For Alice,44,41,0.0,B-,IV,F major,(032140),0,3,2,1,4,0,10,5-35,5,8,"[0, 3, 5, 8, 10]","[0, 2, 5, 7, 10]",80000.0,1.5,2.449489742783178,0.1346153846153846,0.07894736842105263,0.14638501094227996
Qrqyc,Blues For Alice,45,42,2.0,E-,bVII,F major,(112011),1,1,2,0,1,1,6,4-13B,4,6,"[5, 8, 10, 11]","[2, 5, 7, 8]",83000.0,2.3,4.0,0.057692307692307696,0.12105263157894736,0.23904572186687872
Qrqyc,Blues For Alice,46,43,0.0,A,III,F major,(021120),0,2,1,1,2,0,6,4-22B,4,8,"[0, 2, 4, 9]","[0, 3, 5, 7]",84000.0,1.0,2.449489742783178,0.057692307692307696,0.05263157894736842,0.14638501094227996
Qrqyc,Blues For Alice,47,45,0.0,G,II,F major,(434442),4,3,4,4,4,2,21,7-18B,7,10,"[0, 3, 4, 7, 9, 10, 11]","[0, 2, 3, 4, 5, 8, 9]",88000.0,7.1,6.557438524302,0.34615384615384615,0.3736842105263158,0.3918819064098629
Qrqyc,Blues For Alice,48,46,0.0,C,V,F major,(555553),5,5,5,5,5,3,28,8-15B,8,17,"[0, 1, 4, 5, 7, 9, 10, 11]","[0, 1, 4, 5, 7, 9, 10, 11]",90000.0,9.9,3.0,0.4807692307692308,0.5210526315789474,0.17928429140015903
Qrqyc,Blues For Alice,49,47,0.0,F,I,F major,(233241),2,3,3,2,4,1,15,6-25A,6,7,"[0, 4, 5, 7, 9, 10]","[0, 2, 4, 5, 7, 11]",92000.0,4.3,5.5677643628300215,0.23076923076923078,0.2263157894736842,0.33273756282434613
Qrqyc,Blues For Alice,50,48,0.0,G,II,F major,(122010),1,2,2,0,1,0,6,4-10,4,5,"[2, 4, 5, 7]","[0, 7, 9, 10]",94000.0,2.0,4.123105625617661,0.057692307692307696,0.10526315789473684,0.24640269015229058
Qrqyc,Blues For Alice,51,48,2.0,C,V,F major,(212320),2,1,2,3,2,0,10,5-17,5,7,"[0, 1, 5, 9, 10]","[0, 1, 5, 9, 10]",95000.0,2.5,3.4641016151377544,0.1346153846153846,0.13157894736842105,0.20701966780270625
Qrqyc,Blues For Alice,52,49,0.0,F,I,F major,(121110),1,2,1,1,1,0,6,4-11B,4,5,"[0, 2, 4, 5]","[0, 7, 9, 11]",96000.0,2.0,2.8284271247461903,0.057692307692307696,0.10526315789473684,0.16903085094570333
Rln4c,Another Hairdo,0,1,0.0,B-,I,Bb major,(222220),2,2,2,2,2,0,10,5-11B,5,8,"[1, 2, 3, 5, 10]","[0, 3, 4, 5, 7]",0.0,3.0,0.0,0.1346153846153846,0.15789473684210525,0.0
Rln4c,Another Hairdo,1,2,0.0,B-,I,Bb major,(222220),2,2,2,2,2,0,10,5-11B,5,11,"[1, 2, 3, 5, 10]","[0, 3, 4, 5, 7]",2000.0,3.0,0.0,0.1346153846153846,0.15789473684210525,0.0
Rln4c,Another Hairdo,2,3,0.0,B-,I,Bb major,(231211),2,3,1,2,1,1,10,5-9B,5,6,"[0, 1, 2, 8, 10]","[0, 2, 3, 4, 10]",4000.0,4.3,2.0,0.1346153846153846,0.2263157894736842,0.11952286093343936
Rln4c,Another Hairdo,3,5,0.0,E-,IV,Bb major,(465562),4,6,5,5,6,2,28,8-22A,8,13,"[0, 1, 3, 5, 7, 8, 9, 10]","[0, 2, 4, 5, 6, 7, 9, 10]",8000.0,8.6,8.0,0.4807692307692308,0.4526315789473684,0.47809144373375745
Rln4c,Another Hairdo,4,6,0.0,E-,IV,Bb major,(021120),0,2,1,1,2,0,6,4-22A,4,4,"[0, 2, 5, 10]","[2, 7, 9, 11]",10000.0,1.0,9.16515138991168,0.057692307692307696,0.05263157894736842,0.5477225575051661
Rln4c,Another Hairdo,5,7,0.0,B-,I,Bb major,(223111),2,2,3,1,1,1,10,5-10A,5,10,"[0, 6, 7, 9, 10]","[0, 2, 8, 9, 11]",12000.0,3.8,3.1622776601683795,0.1346153846153846,0.19999999999999998,0.18898223650461363
Rln4c,Another Hairdo,6,8,0.0,B-,I,Bb major,(122010),1,2,2,0,1,0,6,4-10,4,4,"[0, 2, 3, 5]","[2, 4, 5, 7]",14000.0,2.0,2.0,0.057692307692307696,0.10526315789473684,0.11952286093343936
Rln4c,Another Hairdo,7,8,2.0,G,VI,Bb major,(112101),1,1,2,1,0,1,6,4-12A,4,6,"[5, 7, 8, 11]","[0, 1, 4, 10]",15000.0,2.3,2.0,0.057692307692307696,0.12105263157894736,0.11952286093343936
Rln4c,Another Hairdo,8,9,0.0,C,II,Bb major,(333231),3,3,3,2,3,1,15,6-40B,6,6,"[0, 1, 2, 3, 7, 10]","[0, 1, 2, 3, 7, 10]",16000.0,5.3,4.358898943540674,0.23076923076923078,0.2789473684210526,0.26049403612586386
Rln4c,Another Hairdo,9,10,0.0,F,V,Bb major,(032140),0,3,2,1,4,0,10,5-35,5,7,"[1, 3, 5, 8, 10]","[0, 3, 5, 8, 10]",18000.0,1.5,3.605551275463989,0.1346153846153846,0.07894736842105263,0.21547290184283363
Rln4c,Another Hairdo,10,11,0.0,B-,I,Bb major,(011010),0,1,1,0,1,0,3,3-7B,3,6,"[0, 7, 10]","[0, 2, 9]",20000.0,0.5,3.872983346207417,0.0,0.02631578947368421,0.23145502494313788
Rln4c,Another Hairdo,11,13,0.0,B-,I,Bb major,(222220),2,2,2,2,2,0,10,5-11B,5,8,"[1, 2, 3, 5, 10]","[0, 3, 4, 5, 7]",24000.0,3.0,3.3166247903554,0.1346153846153846,0.15789473684210525,0.19820624179302296
Rln4c,Another Hairdo,12,14,0.0,B-,I,Bb major,(222220),2,2,2,2,2,0,10,5-11B,5,11,"[1, 2, 3, 5, 10]","[0, 3, 4, 5, 7]",26000.0,3.0,0.0,0.1346153846153846,0.15789473684210525,0.0
Rln4c,Another Hairdo,13,15,0.0,B-,I,Bb major,(231211),2,3,1,2,1,1,10,5-9B,5,6,"[0, 1, 2, 8, 10]","[0, 2, 3, 4, 10]",28000.0,4.3,2.0,0.1346153846153846,0.2263157894736842,0.11952286093343936
Rln4c,Another Hairdo,14,16,0.0,B-,I,Bb major,(345342),3,4,5,3,4,2,21,7-25A,7,8,"[1, 4, 6, 7, 8, 10, 11]","[0, 1, 3, 6, 8, 9, 10]",30000.0,6.6,5.385164807134504,0.34615384615384615,0.34736842105263155,0.3218251521733945
Rln4c,Another Hairdo,15,17,0.0,E-,IV,Bb major,(354351),3,5,4,3,5,1,21,7-23A,7,9,"[0, 1, 2, 3, 5, 7, 10]","[0, 2, 4, 7, 9, 10, 11]",32000.0,6.3,2.0,0.34615384615384615,0.33157894736842103,0.11952286093343936
Rln4c,Another Hairdo,16,22,0.0,F,V,Bb major,(032140),0,3,2,1,4,0,10,5-35,5,7,"[1, 3, 5, 8, 10]","[0, 3, 5, 8, 10]",42000.0,1.5,4.795831523312719,0.1346153846153846,0.07894736842105263,0.2866057521105554
Rln4c,Another Hairdo,17,23,0.0,B-,I,Bb major,(011010),0,1,1,0,1,0,3,3-7B,3,6,"[0, 7, 10]","[0, 2, 9]",44000.0,0.5,3.872983346207417,0.0,0.02631578947368421,0.23145502494313788
Rln4c,Another Hairdo,18,24,2.0,F,V,Bb major,(210000),2,1,0,0,0,0,3,3-1,3,4,"[2, 3, 4]","[9, 10, 11]",47000.0,2.5,2.449489742783178,0.0,0.13157894736842105,0.14638501094227996
Rln4c,Another Hairdo,19,25,0.0,B-,I,Bb major,(444441),4,4,4,4,4,1,21,7-11A,7,11,"[0, 1, 2, 3, 5, 9, 10]","[0, 2, 3, 4, 5, 7, 11]",48000.0,6.8,7.874007874011811,0.34615384615384615,0.35789473684210527,0.4705619740571601
Rln4c,Another Hairdo,20,26,0.0,B-,I,Bb major,(223111),2,2,3,1,1,1,10,5-10A,5,7,"[0, 6, 7, 9, 10]","[0, 2, 8, 9, 11]",50000.0,3.8,5.196152422706632,0.1346153846153846,0.19999999999999998,0.3105295017040594
Rln4c,Another Hairdo,21,27,0.0,B-,I,Bb major,(443352),4,4,3,3,5,2,21,7-14B,7,8,"[0, 2, 3, 4, 5, 9, 10]","[0, 2, 4, 5, 6, 7, 11]",52000.0,7.6,5.385164807134504,0.34615384615384615,0.39999999999999997,0.3218251521733945
Rln4c,Another Hairdo,22,28,0.0,B-,I,Bb major,(030201),0,3,0,2,0,1,6,4-21,4,9,"[0, 6, 8, 10]","[0, 2, 8, 10]",54000.0,2.3,7.280109889280518,0.057692307692307696,0.12105263157894736,0.435069780938316
Rln4c,Another Hairdo,23,29,0.0,E-,IV,Bb major,(021120),0,2,1,1,2,0,6,4-22B,4,4,"[1, 3, 5, 10]","[0, 2, 7, 10]",56000.0,1.0,2.8284271247461903,0.057692307692307696,0.05263157894736842,0.16903085094570333
Rln4c,Another Hairdo,24,31,0.0,B-,I,Bb major,(344451),3,4,4,4,5,1,21,7-27B,7,11,"[0, 1, 2, 5, 7, 9, 10]","[0, 2, 3, 4, 7, 9, 11]",60000.0,5.8,6.4031242374328485,0.34615384615384615,0.30526315789473685,0.38265986388511064
Rln4c,Another Hairdo,25,32,0.0,D,III,Bb major,(122010),1,2,2,0,1,0,6,4-10,4,4,"[0, 2, 3, 5]","[0, 1, 3, 10]",62000.0,2.0,6.708203932499369,0.057692307692307696,0.10526315789473684,0.4008918628686366
Rln4c,Another Hairdo,26,32,2.0,G,VI,Bb major,(112101),1,1,2,1,0,1,6,4-12A,4,6,"[5, 7, 8, 11]","[0, 1, 4, 10]",63000.0,2.3,2.0,0.057692307692307696,0.12105263157894736,0.11952286093343936
Rln4c,Another Hairdo,27,33,0.0,C,II,Bb major,(335442),3,3,5,4,4,2,21,7-32A,7,9,"[0, 2, 3, 6, 7, 9, 10]","[0, 2, 3, 6, 7, 9, 10]",64000.0,6.1,6.557438524302,0.34615384615384615,0.32105263157894737,0.3918819064098629
Rln4c,Another Hairdo,28,34,0.0,F,V,Bb major,(323430),3,2,3,4,3,0,15,6-14A,6,7,"[2, 3, 5, 6, 7, 10]","[0, 1, 2, 5, 9, 10]",66000.0,4.0,3.1622776601683795,0.23076923076923078,0.21052631578947367,0.18898223650461363
Rln4c,Another Hairdo,29,35,0.0,B-,I,Bb major,(122230),1,2,2,2,3,0,10,5-27A,5,7,"[0, 2, 5, 9, 10]","[0, 2, 4, 7, 11]",68000.0,2.0,3.0,0.1346153846153846,0.10526315789473684,0.17928429140015903
Rln4c,Another Hairdo,30,37,0.0,B-,I,Bb major,(122010),1,2,2,0,1,0,6,4-10,4,9,"[0, 1, 3, 10]","[0, 2, 3, 5]",72000.0,2.0,2.8284271247461903,0.057692307692307696,0.10526315789473684,0.16903085094570333
Rln4c,Another Hairdo,31,38,0.0,B-,I,Bb major,(354351),3,5,4,3,5,1,21,7-23B,7,11,"[0, 1, 2, 3, 5, 8, 10]","[0, 2, 3, 4, 5, 7, 10]",74000.0,6.3,6.557438524302,0.34615384615384615,0.33157894736842103,0.3918819064098629
Rln4c,Another Hairdo,32,39,0.0,B-,I,Bb major,(001110),0,0,1,1,1,0,3,3-11B,3,4,"[2, 5, 10]","[0, 4, 7]",76000.0,0.0,8.0,0.0,0.0,0.47809144373375745
Rln4c,Another Hairdo,33,41,0.0,E-,IV,Bb major,(677673),6,7,7,6,7,3,36,9-7A,9,12,"[0, 1, 3, 5, 6, 7, 8, 9, 10]","[0, 2, 3, 4, 5, 6, 7, 9, 10]",80000.0,11.9,13.820274961085254,0.6346153846153846,0.6263157894736843,0.8259194011178435
Rln4c,Another Hairdo,34,42,0.0,E-,IV,Bb major,(332110),3,3,2,1,1,0,10,5-2B,5,7,"[3, 5, 6, 7, 8]","[0, 2, 3, 4, 5]",82000.0,4.5,10.954451150103322,0.1346153846153846,0.23684210526315788,0.6546536707079771
Rln4c,Another Hairdo,35,43,0.0,B-,I,Bb major,(465562),4,6,5,5,6,2,28,8-22B,8,10,"[0, 1, 2, 3, 5, 7, 9, 10]","[0, 2, 3, 4, 5, 7, 9, 11]",84000.0,8.6,8.0,0.4807692307692308,0.4526315789473684,0.47809144373375745
Rln4c,Another Hairdo,36,44,0.0,B-,I,Bb major,(122010),1,2,2,0,1,0,6,4-10,4,4,"[0, 2, 3, 5]","[2, 4, 5, 7]",86000.0,2.0,9.38083151964686,0.057692307692307696,0.10526315789473684,0.5606119105813882
Rln4c,Another Hairdo,37,44,2.0,G,VI,Bb major,(112101),1,1,2,1,0,1,6,4-12A,4,6,"[5, 7, 8, 11]","[0, 1, 4, 10]",87000.0,2.3,2.0,0.057692307692307696,0.12105263157894736,0.11952286093343936
Rln4c,Another Hairdo,38,45,0.0,C,II,Bb major,(223431),2,2,3,4,3,1,15,6-31B,6,9,"[0, 2, 3, 6, 7, 10]","[0, 2, 3, 6, 7, 10]",88000.0,3.8,4.58257569495584,0.23076923076923078,0.19999999999999998,0.27386127875258304
Rln4c,Another Hairdo,39,46,0.0,F,V,Bb major,(233241),2,3,3,2,4,1,15,6-25A,6,8,"[0, 2, 3, 5, 9, 10]","[0, 4, 5, 7, 9, 10]",90000.0,4.3,2.449489742783178,0.23076923076923078,0.2263157894736842,0.14638501094227996
Rln4c,Another Hairdo,40,48,2.0,F,V,Bb major,(021120),0,2,1,1,2,0,6,4-22B,4,4,"[2, 5, 7, 9]","[0, 2, 4, 9]",95000.0,1.0,3.872983346207417,0.057692307692307696,0.05263157894736842,0.23145502494313788
Rln4c,Another Hairdo,41,49,0.0,B-,I,Bb major,(111000),1,1,1,0,0,0,3,3-2B,3,4,"[0, 1, 10]","[0, 2, 3]",96000.0,1.5,2.6457513110645907,0.0,0.07894736842105263,0.15811388300841897
Rln4c,Another Hairdo,42,50,0.0,E-,IV,Bb major,(143241),1,4,3,2,4,1,15,6-33A,6,8,"[0, 1, 3, 5, 7, 10]","[0, 2, 4, 7, 9, 10]",98000.0,3.8,5.830951894845301,0.23076923076923078,0.19999999999999998,0.3484660262185848
Rln4c,Another Hairdo,43,51,0.0,B-,I,Bb major,(032140),0,3,2,1,4,0,10,5-35,5,9,"[0, 2, 5, 7, 10]","[0, 2, 4, 7, 9]",100000.0,1.5,2.23606797749979,0.1346153846153846,0.07894736842105263,0.1336306209562122
Rln4c,Another Hairdo,44,52,0.0,B-,I,Bb major,(112011),1,1,2,0,1,1,6,4-13B,4,6,"[2, 5, 7, 8]","[4, 7, 9, 10]",102000.0,2.3,4.0,0.057692307692307696,0.12105263157894736,0.23904572186687872
Rln4c,Another Hairdo,45,53,0.0,E-,IV,Bb major,(123121),1,2,3,1,2,1,10,5-25B,5,5,"[0, 1, 3, 7, 10]","[0, 4, 7, 9, 10]",104000.0,2.8,2.0,0.1346153846153846,0.14736842105263157,0.11952286093343936
Rln4c,Another Hairdo,46,54,0.0,E-,IV,Bb major,(254361),2,5,4,3,6,1,21,7-35,7,9,"[0, 1, 3, 5, 7, 8, 10]","[0, 2, 4, 5, 7, 9, 10]",106000.0,5.3,5.5677643628300215,0.34615384615384615,0.2789473684210526,0.33273756282434613
Rln4c,Another Hairdo,47,55,0.0,B-,I,Bb major,(001110),0,0,1,1,1,0,3,3-11A,3,4,"[2, 5, 9]","[4, 7, 11]",108000.0,0.0,8.246211251235321,0.0,0.0,0.49280538030458115
Rln4c,Another Hairdo,48,56,0.0,D,III,Bb major,(111111),1,1,1,1,1,1,6,4-29B,4,4,"[2, 6, 8, 9]","[0, 4, 6, 7]",110000.0,2.3,1.7320508075688772,0.057692307692307696,0.12105263157894736,0.10350983390135313
Rln4c,Another Hairdo,49,56,2.0,D-,bIII,Bb major,(100011),1,0,0,0,1,1,3,3-5A,3,3,"[0, 6, 7]","[5, 6, 11]",111000.0,1.8,1.7320508075688772,0.0,0.09473684210526316,0.10350983390135313
Rln4c,Another Hairdo,50,57,0.0,C,II,Bb major,(122230),1,2,2,2,3,0,10,5-27B,5,5,"[0, 2, 3, 7, 10]","[0, 2, 3, 7, 10]",112000.0,2.0,4.123105625617661,0.1346153846153846,0.10526315789473684,0.24640269015229058
Rln4c,Another Hairdo,51,58,0.0,F,V,Bb major,(433221),4,3,3,2,2,1,15,6-36A,6,10,"[0, 1, 2, 3, 6, 11]","[1, 6, 7, 8, 9, 10]",114000.0,6.3,3.605551275463989,0.23076923076923078,0.33157894736842103,0.21547290184283363
Rln4c,Another Hairdo,52,59,0.0,B-,I,Bb major,(032221),0,3,2,2,2,1,10,5-34,5,5,"[2, 5, 7, 9, 11]","[1, 4, 7, 9, 11]",116000.0,2.3,4.123105625617661,0.1346153846153846,0.12105263157894736,0.24640269015229058
Rln4c,Another Hairdo,53,60,2.0,F,V,Bb major,(021120),0,2,1,1,2,0,6,4-22A,4,5,"[3, 5, 7, 10]","[0, 2, 5, 10]",119000.0,1.0,2.0,0.057692307692307696,0.05263157894736842,0.11952286093343936
Rln4c,Another Hairdo,54,61,0.0,B-,I,Bb major,(032140),0,3,2,1,4,0,10,5-35,5,8,"[0, 2, 5, 7, 10]","[0, 2, 4, 7, 9]",120000.0,1.5,2.449489742783178,0.1346153846153846,0.07894736842105263,0.14638501094227996
S1swc,K.C. Blues,0,2,0.0,C,I,C major,(111120),1,1,1,1,2,0,6,4-14B,4,6,"[0, 4, 5, 7]","[0, 4, 5, 7]",2000.0,1.5,0.0,0.057692307692307696,0.07894736842105263,0.0
S1swc,K.C. Blues,1,3,0.0,C,I,C major,(111120),1,1,1,1,2,0,6,4-14B,4,8,"[0, 4, 5, 7]","[0, 4, 5, 7]",4000.0,1.5,0.0,0.057692307692307696,0.07894736842105263,0.0
S1swc,K.C. Blues,2,4,0.0,C,I,C major,(122131),1,2,2,1,3,1,10,5-29A,5,7,"[0, 4, 5, 7, 10]","[0, 4, 5, 7, 10]",6000.0,2.8,2.0,0.1346153846153846,0.14736842105263157,0.11952286093343936
S1swc,K.C. Blues,3,5,0.0,C,I,C major,(011010),0,1,1,0,1,0,3,3-7B,3,4,"[0, 7, 10]","[0, 7, 10]",8000.0,0.5,3.0,0.0,0.02631578947368421,0.17928429140015903
S1swc,K.C. Blues,4,6,0.0,F,IV,C major,(020301),0,2,0,3,0,1,6,4-24,4,6,"[3, 5, 7, 11]","[0, 2, 6, 10]",10000.0,1.8,3.605551275463989,0.057692307692307696,0.09473684210526316,0.21547290184283363
S1swc,K.C. Blues,5,7,0.0,F,IV,C major,(233241),2,3,3,2,4,1,15,6-47B,6,10,"[0, 3, 5, 6, 7, 10]","[0, 1, 2, 5, 7, 10]",12000.0,4.3,5.5677643628300215,0.23076923076923078,0.2263157894736842,0.33273756282434613
S1swc,K.C. Blues,6,8,0.0,C,I,C major,(111120),1,1,1,1,2,0,6,4-14B,4,9,"[0, 4, 5, 7]","[0, 4, 5, 7]",14000.0,1.5,3.872983346207417,0.057692307692307696,0.07894736842105263,0.23145502494313788
S1swc,K.C. Blues,7,9,0.0,C,I,C major,(212221),2,1,2,2,2,1,10,5-18B,5,6,"[0, 3, 4, 9, 11]","[0, 3, 4, 9, 11]",16000.0,3.3,2.0,0.1346153846153846,0.17368421052631577,0.11952286093343936
S1swc,K.C. Blues,8,10,0.0,D,II,C major,(010020),0,1,0,0,2,0,3,3-9,3,5,"[0, 5, 7]","[3, 5, 10]",18000.0,0.5,3.605551275463989,0.0,0.02631578947368421,0.21547290184283363
S1swc,K.C. Blues,9,11,0.0,G,V,C major,(433221),4,3,3,2,2,1,15,6-36B,6,9,"[0, 3, 4, 5, 6, 7]","[0, 5, 8, 9, 10, 11]",20000.0,6.3,5.830951894845301,0.23076923076923078,0.33157894736842103,0.3484660262185848
S1swc,K.C. Blues,10,12,0.0,C,I,C major,(122131),1,2,2,1,3,1,10,5-29A,5,11,"[0, 4, 5, 7, 10]","[0, 4, 5, 7, 10]",22000.0,2.8,3.605551275463989,0.1346153846153846,0.14736842105263157,0.21547290184283363
S1swc,K.C. Blues,11,13,0.0,G,V,C major,(100110),1,0,0,1,1,0,3,3-4B,3,6,"[0, 4, 5]","[5, 9, 10]",24000.0,1.0,3.605551275463989,0.0,0.05263157894736842,0.21547290184283363
S1swc,K.C. Blues,12,14,0.0,C,I,C major,(012120),0,1,2,1,2,0,6,4-26,4,5,"[0, 4, 7, 9]","[0, 4, 7, 9]",26000.0,0.5,2.6457513110645907,0.057692307692307696,0.02631578947368421,0.15811388300841897
S1swc,K.C. Blues,13,15,0.0,F,IV,C major,(324222),3,2,4,2,2,2,15,6-42,6,7,"[0, 3, 4, 5, 6, 9]","[0, 1, 4, 7, 10, 11]",28000.0,5.6,4.358898943540674,0.23076923076923078,0.29473684210526313,0.26049403612586386
S1swc,K.C. Blues,14,16,0.0,C,I,C major,(001110),0,0,1,1,1,0,3,3-11B,3,4,"[0, 4, 7]","[0, 4, 7]",30000.0,0.0,5.291502622129181,0.0,0.0,0.31622776601683794
S1swc,K.C. Blues,15,17,0.0,G,V,C major,(223111),2,2,3,1,1,1,10,5-10B,5,6,"[0, 1, 7, 9, 10]","[0, 2, 3, 5, 6]",32000.0,3.8,3.605551275463989,0.1346153846153846,0.19999999999999998,0.21547290184283363
S1swc,K.C. Blues,16,17,2.0,C,I,C major,(432321),4,3,2,3,2,1,15,6-37,6,9,"[0, 1, 5, 9, 10, 11]","[0, 1, 5, 9, 10, 11]",33000.0,6.3,3.3166247903554,0.23076923076923078,0.33157894736842103,0.19820624179302296
S1swc,K.C. Blues,17,18,0.0,F,IV,C major,(443352),4,4,3,3,5,2,21,7-14B,7,10,"[0, 2, 3, 4, 5, 9, 10]","[0, 4, 5, 7, 9, 10, 11]",34000.0,7.6,3.4641016151377544,0.34615384615384615,0.39999999999999997,0.20701966780270625
S1swc,K.C. Blues,18,19,0.0,F,IV,C major,(224322),2,2,4,3,2,2,15,6-49,6,6,"[0, 3, 5, 8, 9, 11]","[0, 3, 4, 6, 7, 10]",36000.0,4.6,4.242640687119285,0.23076923076923078,0.2421052631578947,0.25354627641855493
S1swc,K.C. Blues,19,20,0.0,C,I,C major,(345342),3,4,5,3,4,2,21,7-25B,7,11,"[0, 2, 3, 4, 6, 9, 11]","[0, 2, 3, 4, 6, 9, 11]",38000.0,6.6,3.1622776601683795,0.34615384615384615,0.34736842105263155,0.18898223650461363
S1swc,K.C. Blues,20,21,0.0,C,I,C major,(335442),3,3,5,4,4,2,21,7-32A,7,12,"[0, 2, 4, 5, 8, 9, 11]","[0, 2, 4, 5, 8, 9, 11]",40000.0,6.1,1.4142135623730951,0.34615384615384615,0.32105263157894737,0.08451542547285167
S1swc,K.C. Blues,21,22,0.0,D,II,C major,(233331),2,3,3,3,3,1,15,6-24A,6,17,"[1, 2, 4, 5, 7, 9]","[0, 2, 3, 5, 7, 11]",42000.0,4.3,2.8284271247461903,0.23076923076923078,0.2263157894736842,0.16903085094570333
S1swc,K.C. Blues,22,23,0.0,G,V,C major,(465472),4,6,5,4,7,2,28,8-23,8,12,"[0, 2, 4, 5, 6, 7, 9, 11]","[0, 2, 4, 5, 7, 9, 10, 11]",44000.0,8.6,5.916079783099616,0.4807692307692308,0.4526315789473684,0.3535533905932738
S1swc,K.C. Blues,23,24,0.0,C,I,C major,(432321),4,3,2,3,2,1,15,6-37,6,7,"[0, 4, 5, 6, 7, 8]","[0, 4, 5, 6, 7, 8]",46000.0,6.3,6.708203932499369,0.23076923076923078,0.33157894736842103,0.4008918628686366
S1swc,K.C. Blues,24,25,0.0,G,V,C major,(111000),1,1,1,0,0,0,3,3-2A,3,6,"[0, 2, 11]","[4, 5, 7]",48000.0,1.5,5.291502622129181,0.0,0.07894736842105263,0.31622776601683794
S1swc,K.C. Blues,25,26,0.0,C,I,C major,(100110),1,0,0,1,1,0,3,3-4B,3,6,"[0, 7, 11]","[0, 7, 11]",50000.0,1.0,2.0,0.0,0.05263157894736842,0.11952286093343936
S1swc,K.C. Blues,26,27,0.0,F,IV,C major,(433221),4,3,3,2,2,1,15,6-36B,6,9,"[0, 3, 4, 5, 6, 7]","[0, 1, 2, 7, 10, 11]",52000.0,6.3,5.477225575051661,0.23076923076923078,0.33157894736842103,0.32732683535398854
S1swc,K.C. Blues,27,28,0.0,C,I,C major,(111120),1,1,1,1,2,0,6,4-14B,4,6,"[0, 4, 5, 7]","[0, 4, 5, 7]",54000.0,1.5,4.358898943540674,0.057692307692307696,0.07894736842105263,0.26049403612586386
S1swc,K.C. Blues,28,29,0.0,C,I,C major,(020100),0,2,0,1,0,0,3,3-6,3,6,"[0, 2, 10]","[0, 2, 10]",56000.0,1.0,2.6457513110645907,0.0,0.05263157894736842,0.15811388300841897
S1swc,K.C. Blues,29,30,0.0,F,IV,C major,(143241),1,4,3,2,4,1,15,6-33A,6,11,"[0, 2, 3, 5, 7, 9]","[0, 2, 4, 7, 9, 10]",58000.0,3.8,5.656854249492381,0.23076923076923078,0.19999999999999998,0.33806170189140666
S1swc,K.C. Blues,30,31,0.0,F,IV,C major,(122230),1,2,2,2,3,0,10,5-27B,5,5,"[0, 4, 7, 9, 11]","[2, 4, 6, 7, 11]",60000.0,2.0,2.6457513110645907,0.1346153846153846,0.10526315789473684,0.15811388300841897
S1swc,K.C. Blues,31,32,0.0,C,I,C major,(132130),1,3,2,1,3,0,10,5-23B,5,7,"[0, 2, 7, 9, 11]","[0, 2, 7, 9, 11]",62000.0,2.5,1.4142135623730951,0.1346153846153846,0.13157894736842105,0.08451542547285167
S1swc,K.C. Blues,32,33,0.0,E,III,C major,(001110),0,0,1,1,1,0,3,3-11A,3,4,"[4, 7, 11]","[0, 3, 7]",64000.0,0.0,3.872983346207417,0.0,0.0,0.23145502494313788
S1swc,K.C. Blues,33,33,2.0,A,VI,C major,(321121),3,2,1,1,2,1,10,5-5A,5,5,"[3, 4, 5, 6, 10]","[1, 6, 7, 8, 9]",65000.0,4.8,3.872983346207417,0.1346153846153846,0.25263157894736843,0.23145502494313788
S1swc,K.C. Blues,34,34,0.0,D,II,C major,(122230),1,2,2,2,3,0,10,5-27B,5,7,"[0, 2, 4, 5, 9]","[0, 2, 3, 7, 10]",66000.0,2.0,2.8284271247461903,0.1346153846153846,0.10526315789473684,0.16903085094570333
S1swc,K.C. Blues,35,35,0.0,G,V,C major,(342231),3,4,2,2,3,1,15,6-9B,6,7,"[0, 5, 7, 9, 10, 11]","[0, 2, 3, 4, 5, 10]",68000.0,5.8,3.0,0.23076923076923078,0.30526315789473685,0.17928429140015903
S1swc,K.C. Blues,36,37,0.0,D,II,C major,(111000),1,1,1,0,0,0,3,3-2A,3,5,"[0, 2, 11]","[0, 9, 10]",72000.0,1.5,5.291502622129181,0.0,0.07894736842105263,0.31622776601683794
S1swc,K.C. Blues,37,37,2.0,G,V,C major,(111000),1,1,1,0,0,0,3,3-2A,3,6,"[0, 2, 11]","[4, 5, 7]",73000.0,1.5,0.0,0.0,0.07894736842105263,0.0
S5VYc,Kim (No. 2),0,1,0.0,B-,I,Bb major,(122230),1,2,2,2,3,0,10,5-27A,5,8,"[0, 2, 5, 9, 10]","[0, 2, 4, 7, 11]",0.0,2.0,0.0,0.1346153846153846,0.10526315789473684,0.0
S5VYc,Kim (No. 2),1,3,0.0,D,III,Bb major,(111000),1,1,1,0,0,0,3,3-2B,3,4,"[0, 2, 3]","[0, 1, 10]",4000.0,1.5,3.872983346207417,0.0,0.07894736842105263,0.23145502494313788
S5VYc,Kim (No. 2),2,3,2.0,G,VI,Bb major,(112101),1,1,2,1,0,1,6,4-12A,4,4,"[5, 7, 8, 11]","[0, 1, 4, 10]",5000.0,2.3,1.7320508075688772,0.057692307692307696,0.12105263157894736,0.10350983390135313
S5VYc,Kim (No. 2),3,4,0.0,C,II,Bb major,(101220),1,0,1,2,2,0,6,4-20,4,4,"[2, 3, 7, 10]","[2, 3, 7, 10]",6000.0,1.0,2.8284271247461903,0.057692307692307696,0.05263157894736842,0.16903085094570333
S5VYc,Kim (No. 2),4,4,2.0,F,V,Bb major,(012120),0,1,2,1,2,0,6,4-26,4,5,"[0, 3, 7, 10]","[2, 5, 7, 10]",7000.0,0.5,2.0,0.057692307692307696,0.02631578947368421,0.11952286093343936
S5VYc,Kim (No. 2),5,5,2.0,B-,I,Bb major,(221100),2,2,1,1,0,0,6,4-2B,4,4,"[0, 8, 10, 11]","[0, 1, 2, 10]",9000.0,3.0,3.1622776601683795,0.057692307692307696,0.15789473684210525,0.18898223650461363
S5VYc,Kim (No. 2),6,6,0.0,E-,IV,Bb major,(021120),0,2,1,1,2,0,6,4-22A,4,4,"[3, 5, 7, 10]","[0, 2, 4, 7]",10000.0,1.0,2.8284271247461903,0.057692307692307696,0.05263157894736842,0.16903085094570333
S5VYc,Kim (No. 2),7,6,2.0,E-,IV,Bb major,(101220),1,0,1,2,2,0,6,4-20,4,4,"[3, 6, 10, 11]","[0, 3, 7, 8]",11000.0,1.0,2.449489742783178,0.057692307692307696,0.05263157894736842,0.14638501094227996
S5VYc,Kim (No. 2),8,7,0.0,B-,I,Bb major,(332110),3,3,2,1,1,0,10,5-2B,5,5,"[0, 1, 2, 3, 10]","[0, 2, 3, 4, 5]",12000.0,4.5,4.0,0.1346153846153846,0.23684210526315788,0.23904572186687872
S5VYc,Kim (No. 2),9,9,0.0,B-,I,Bb major,(143250),1,4,3,2,5,0,15,6-32,6,6,"[0, 2, 5, 7, 9, 10]","[0, 2, 4, 7, 9, 11]",16000.0,3.0,4.795831523312719,0.23076923076923078,0.15789473684210525,0.2866057521105554
S5VYc,Kim (No. 2),10,10,0.0,C,II,Bb major,(101100),1,0,1,1,0,0,3,3-3A,3,4,"[6, 7, 10]","[6, 7, 10]",18000.0,1.0,6.782329983125268,0.0,0.05263157894736842,0.4053217416888888
S5VYc,Kim (No. 2),11,10,2.0,F,V,Bb major,(012111),0,1,2,1,1,1,6,4-27A,4,4,"[0, 3, 7, 9]","[2, 4, 7, 10]",19000.0,1.3,2.23606797749979,0.057692307692307696,0.06842105263157895,0.1336306209562122
S5VYc,Kim (No. 2),12,11,0.0,D,III,Bb major,(122010),1,2,2,0,1,0,6,4-10,4,4,"[0, 2, 3, 5]","[0, 1, 3, 10]",20000.0,2.0,2.0,0.057692307692307696,0.10526315789473684,0.11952286093343936
S5VYc,Kim (No. 2),13,11,2.0,G,VI,Bb major,(112101),1,1,2,1,0,1,6,4-12A,4,4,"[5, 7, 8, 11]","[0, 1, 4, 10]",21000.0,2.3,2.0,0.057692307692307696,0.12105263157894736,0.11952286093343936
S5VYc,Kim (No. 2),14,12,0.0,C,II,Bb major,(101220),1,0,1,2,2,0,6,4-20,4,4,"[2, 3, 7, 10]","[2, 3, 7, 10]",22000.0,1.0,2.8284271247461903,0.057692307692307696,0.05263157894736842,0.16903085094570333
S5VYc,Kim (No. 2),15,12,2.0,F,V,Bb major,(012111),0,1,2,1,1,1,6,4-27A,4,5,"[0, 3, 6, 10]","[1, 5, 7, 10]",23000.0,1.3,2.449489742783178,0.057692307692307696,0.06842105263157895,0.14638501094227996
S5VYc,Kim (No. 2),16,13,2.0,B-,I,Bb major,(221100),2,2,1,1,0,0,6,4-2B,4,4,"[0, 8, 10, 11]","[0, 1, 2, 10]",25000.0,3.0,2.8284271247461903,0.057692307692307696,0.15789473684210525,0.16903085094570333
S5VYc,Kim (No. 2),17,14,0.0,E-,IV,Bb major,(021120),0,2,1,1,2,0,6,4-22B,4,4,"[0, 3, 5, 7]","[0, 2, 4, 9]",26000.0,1.0,2.8284271247461903,0.057692307692307696,0.05263157894736842,0.16903085094570333
S5VYc,Kim (No. 2),18,14,2.0,E-,IV,Bb major,(012111),0,1,2,1,1,1,6,4-27A,4,4,"[0, 3, 6, 10]","[0, 3, 7, 9]",27000.0,1.3,2.0,0.057692307692307696,0.06842105263157895,0.11952286093343936
S5VYc,Kim (No. 2),19,15,0.0,B-,I,Bb major,(032140),0,3,2,1,4,0,10,5-35,5,5,"[0, 2, 5, 7, 9]","[2, 4, 7, 9, 11]",28000.0,1.5,3.7416573867739413,0.1346153846153846,0.07894736842105263,0.22360679774997896
S5VYc,Kim (No. 2),20,17,0.0,A,VII,Bb major,(254361),2,5,4,3,6,1,21,7-35,7,9,"[0, 2, 4, 6, 7, 9, 11]","[0, 2, 3, 5, 7, 9, 10]",32000.0,5.3,4.58257569495584,0.34615384615384615,0.2789473684210526,0.27386127875258304
S5VYc,Kim (No. 2),21,18,0.0,D,III,Bb major,(233331),2,3,3,3,3,1,15,6-24A,6,9,"[0, 2, 6, 7, 9, 10]","[0, 4, 5, 7, 8, 10]",34000.0,4.3,3.7416573867739413,0.23076923076923078,0.2263157894736842,0.22360679774997896
S5VYc,Kim (No. 2),22,19,0.0,G,VI,Bb major,(233241),2,3,3,2,4,1,15,6-25A,6,8,"[0, 2, 4, 5, 7, 11]","[0, 4, 5, 7, 9, 10]",36000.0,4.3,1.4142135623730951,0.23076923076923078,0.2263157894736842,0.08451542547285167
S5VYc,Kim (No. 2),23,20,0.0,G,VI,Bb major,(448444),4,4,8,4,4,4,28,8-28,8,9,"[1, 2, 4, 5, 7, 8, 10, 11]","[0, 1, 3, 4, 6, 7, 9, 10]",38000.0,9.2,6.557438524302,0.4807692307692308,0.4842105263157894,0.3918819064098629
S5VYc,Kim (No. 2),24,21,0.0,C,II,Bb major,(254361),2,5,4,3,6,1,21,7-35,7,8,"[0, 2, 4, 5, 7, 9, 11]","[0, 2, 4, 5, 7, 9, 11]",40000.0,5.3,5.916079783099616,0.34615384615384615,0.2789473684210526,0.3535533905932738
S5VYc,Kim (No. 2),25,22,0.0,C,II,Bb major,(443352),4,4,3,3,5,2,21,7-14B,7,9,"[0, 4, 5, 7, 9, 10, 11]","[0, 4, 5, 7, 9, 10, 11]",42000.0,7.6,2.8284271247461903,0.34615384615384615,0.39999999999999997,0.16903085094570333
S5VYc,Kim (No. 2),26,23,0.0,C,II,Bb major,(143250),1,4,3,2,5,0,15,6-32,6,6,"[0, 2, 5, 7, 9, 10]","[0, 2, 5, 7, 9, 10]",44000.0,3.0,3.7416573867739413,0.23076923076923078,0.15789473684210525,0.22360679774997896
S5VYc,Kim (No. 2),27,24,0.0,F,V,Bb major,(223431),2,2,3,4,3,1,15,6-31B,6,9,"[0, 2, 3, 6, 7, 10]","[1, 2, 5, 7, 9, 10]",46000.0,3.8,3.7416573867739413,0.23076923076923078,0.19999999999999998,0.22360679774997896
S5VYc,Kim (No. 2),28,26,2.0,F,V,Bb major,(111000),1,1,1,0,0,0,3,3-2A,3,4,"[0, 9, 10]","[4, 5, 7]",51000.0,1.5,5.656854249492381,0.0,0.07894736842105263,0.33806170189140666
S5VYc,Kim (No. 2),29,27,0.0,D,III,Bb major,(001110),0,0,1,1,1,0,3,3-11A,3,4,"[2, 7, 10]","[0, 5, 8]",52000.0,0.0,2.0,0.0,0.0,0.11952286093343936
S5VYc,Kim (No. 2),30,29,2.0,B-,I,Bb major,(210000),2,1,0,0,0,0,3,3-1,3,3,"[1, 2, 3]","[3, 4, 5]",57000.0,2.5,2.8284271247461903,0.0,0.13157894736842105,0.16903085094570333
S5VYc,Kim (No. 2),31,31,2.0,G,VI,Bb major,(210000),2,1,0,0,0,0,3,3-1,3,4,"[1, 2, 3]","[6, 7, 8]",61000.0,2.5,0.0,0.0,0.13157894736842105,0.0
S5VYc,Kim (No. 2),32,33,0.0,B-,I,Bb major,(122230),1,2,2,2,3,0,10,5-27A,5,8,"[0, 2, 5, 9, 10]","[0, 2, 4, 7, 11]",64000.0,2.0,4.358898943540674,0.1346153846153846,0.10526315789473684,0.26049403612586386
S5VYc,Kim (No. 2),33,34,0.0,C,II,Bb major,(004002),0,0,4,0,0,2,6,4-28,4,4,"[1, 4, 7, 10]","[1, 4, 7, 10]",66000.0,1.6,5.0990195135927845,0.057692307692307696,0.08421052631578947,0.304724700110022
S5VYc,Kim (No. 2),34,34,2.0,F,V,Bb major,(004002),0,0,4,0,0,2,6,4-28,4,4,"[0, 3, 6, 9]","[1, 4, 7, 10]",67000.0,1.6,0.0,0.057692307692307696,0.08421052631578947,0.0
S5VYc,Kim (No. 2),35,35,0.0,D,III,Bb major,(210000),2,1,0,0,0,0,3,3-1,3,4,"[0, 1, 2]","[0, 10, 11]",68000.0,2.5,5.0,0.0,0.13157894736842105,0.2988071523335984
S5VYc,Kim (No. 2),36,35,2.0,G,VI,Bb major,(112101),1,1,2,1,0,1,6,4-12A,4,4,"[5, 7, 8, 11]","[0, 1, 4, 10]",69000.0,2.3,2.6457513110645907,0.057692307692307696,0.12105263157894736,0.15811388300841897
S5VYc,Kim (No. 2),37,36,0.0,C,II,Bb major,(101220),1,0,1,2,2,0,6,4-20,4,4,"[2, 3, 7, 10]","[2, 3, 7, 10]",70000.0,1.0,2.8284271247461903,0.057692307692307696,0.05263157894736842,0.16903085094570333
S5VYc,Kim (No. 2),38,36,2.0,F,V,Bb major,(114112),1,1,4,1,1,2,10,5-31A,5,6,"[0, 3, 6, 9, 10]","[1, 4, 5, 7, 10]",71000.0,3.1,4.0,0.1346153846153846,0.1631578947368421,0.23904572186687872
S5VYc,Kim (No. 2),39,37,0.0,F,V,Bb major,(111000),1,1,1,0,0,0,3,3-2B,3,4,"[5, 7, 8]","[0, 2, 3]",72000.0,1.5,3.872983346207417,0.0,0.07894736842105263,0.23145502494313788
S5VYc,Kim (No. 2),40,37,2.0,B-,I,Bb major,(122010),1,2,2,0,1,0,6,4-10,4,4,"[0, 2, 3, 5]","[2, 4, 5, 7]",73000.0,2.0,1.7320508075688772,0.057692307692307696,0.10526315789473684,0.10350983390135313
S5VYc,Kim (No. 2),41,38,0.0,E-,IV,Bb major,(101310),1,0,1,3,1,0,6,4-19B,4,5,"[3, 7, 10, 11]","[0, 4, 7, 8]",74000.0,1.0,3.7416573867739413,0.057692307692307696,0.05263157894736842,0.22360679774997896
S5VYc,Kim (No. 2),42,39,2.0,G,VI,Bb major,(111000),1,1,1,0,0,0,3,3-2A,3,3,"[0, 1, 3]","[5, 6, 8]",77000.0,1.5,3.3166247903554,0.0,0.07894736842105263,0.19820624179302296
S5VYc,Kim (No. 2),43,40,0.0,C,II,Bb major,(111120),1,1,1,1,2,0,6,4-14A,4,4,"[2, 7, 9, 10]","[2, 7, 9, 10]",78000.0,1.5,2.23606797749979,0.057692307692307696,0.07894736842105263,0.1336306209562122
S5VYc,Kim (No. 2),44,40,2.0,F,V,Bb major,(122311),1,2,2,3,1,1,10,5-26B,5,6,"[0, 2, 6, 9, 10]","[1, 4, 5, 7, 9]",79000.0,2.8,2.8284271247461903,0.1346153846153846,0.14736842105263157,0.16903085094570333
S5VYc,Kim (No. 2),45,43,2.0,G,VI,Bb major,(111000),1,1,1,0,0,0,3,3-2A,3,4,"[0, 9, 10]","[2, 3, 5]",85000.0,1.5,3.605551275463989,0.0,0.07894736842105263,0.21547290184283363
S5VYc,Kim (No. 2),46,44,0.0,C,II,Bb major,(012120),0,1,2,1,2,0,6,4-26,4,4,"[0, 3, 7, 10]","[0, 3, 7, 10]",86000.0,0.5,2.6457513110645907,0.057692307692307696,0.02631578947368421,0.15811388300841897
S5VYc,Kim (No. 2),47,44,2.0,F,V,Bb major,(111111),1,1,1,1,1,1,6,4-29A,4,4,"[1, 6, 7, 9]","[1, 2, 4, 8]",87000.0,2.3,2.0,0.057692307692307696,0.12105263157894736,0.11952286093343936
S5VYc,Kim (No. 2),48,45,0.0,F,V,Bb major,(111000),1,1,1,0,0,0,3,3-2B,3,4,"[5, 7, 8]","[0, 2, 3]",88000.0,1.5,1.7320508075688772,0.0,0.07894736842105263,0.10350983390135313
S5VYc,Kim (No. 2),49,45,2.0,B-,I,Bb major,(122010),1,2,2,0,1,0,6,4-10,4,4,"[0, 2, 3, 5]","[2, 4, 5, 7]",89000.0,2.0,1.7320508075688772,0.057692307692307696,0.10526315789473684,0.10350983390135313
S5VYc,Kim (No. 2),50,46,0.0,E-,IV,Bb major,(223111),2,2,3,1,1,1,10,5-10A,5,8,"[0, 1, 3, 9, 10]","[0, 6, 7, 9, 10]",90000.0,3.8,2.0,0.1346153846153846,0.19999999999999998,0.11952286093343936
S5VYc,Kim (No. 2),51,47,0.0,B-,I,Bb major,(321121),3,2,1,1,2,1,10,5-5B,5,6,"[0, 5, 9, 10, 11]","[0, 1, 2, 7, 11]",92000.0,4.8,2.449489742783178,0.1346153846153846,0.25263157894736843,0.14638501094227996
S5VYc,Kim (No. 2),52,49,0.0,A,VII,Bb major,(424641),4,2,4,6,4,1,21,7-21A,7,8,"[0, 2, 3, 6, 7, 10, 11]","[1, 2, 3, 5, 6, 9, 10]",96000.0,5.8,6.244997998398398,0.34615384615384615,0.30526315789473685,0.37321001364608947
S5VYc,Kim (No. 2),53,50,0.0,D,III,Bb major,(233241),2,3,3,2,4,1,15,6-25A,6,8,"[0, 1, 3, 7, 8, 10]","[1, 5, 6, 8, 10, 11]",98000.0,4.3,4.69041575982343,0.23076923076923078,0.2263157894736842,0.2803059552906941
S5VYc,Kim (No. 2),54,52,0.0,G,VI,Bb major,(321000),3,2,1,0,0,0,6,4-1,4,6,"[4, 5, 6, 7]","[0, 9, 10, 11]",102000.0,4.0,5.196152422706632,0.057692307692307696,0.21052631578947367,0.3105295017040594
S5VYc,Kim (No. 2),55,53,0.0,C,II,Bb major,(456562),4,5,6,5,6,2,28,8-26,8,8,"[0, 1, 2, 4, 5, 7, 9, 10]","[0, 1, 2, 4, 5, 7, 9, 10]",104000.0,8.1,10.0,0.4807692307692308,0.4263157894736842,0.5976143046671968
S5VYc,Kim (No. 2),56,54,0.0,C,II,Bb major,(143241),1,4,3,2,4,1,15,6-33A,6,9,"[0, 2, 4, 7, 9, 10]","[0, 2, 4, 7, 9, 10]",106000.0,3.8,5.744562646538029,0.23076923076923078,0.19999999999999998,0.34330328116279757
S5VYc,Kim (No. 2),57,55,0.0,C,II,Bb major,(143250),1,4,3,2,5,0,15,6-32,6,8,"[0, 2, 3, 5, 7, 10]","[0, 2, 3, 5, 7, 10]",108000.0,3.0,1.4142135623730951,0.23076923076923078,0.15789473684210525,0.08451542547285167
S5VYc,Kim (No. 2),58,56,0.0,F,V,Bb major,(445332),4,4,5,3,3,2,21,7-10B,7,8,"[0, 2, 3, 4, 5, 6, 9]","[0, 1, 4, 7, 9, 10, 11]",110000.0,7.6,4.69041575982343,0.34615384615384615,0.39999999999999997,0.2803059552906941
S5VYc,Kim (No. 2),59,59,2.0,G,VI,Bb major,(020100),0,2,0,1,0,0,3,3-6,3,4,"[0, 2, 10]","[3, 5, 7]",117000.0,1.0,7.874007874011811,0.0,0.05263157894736842,0.4705619740571601
S5VYc,Kim (No. 2),60,60,0.0,C,II,Bb major,(100110),1,0,0,1,1,0,3,3-4A,3,3,"[2, 3, 7]","[2, 3, 7]",118000.0,1.0,2.449489742783178,0.0,0.05263157894736842,0.14638501094227996
S5VYc,Kim (No. 2),61,60,2.0,F,V,Bb major,(100110),1,0,0,1,1,0,3,3-4A,3,4,"[2, 3, 7]","[2, 9, 10]",119000.0,1.0,0.0,0.0,0.05263157894736842,0.0
S5VYc,Kim (No. 2),62,63,0.0,B-,I,Bb major,(122010),1,2,2,0,1,0,6,4-10,4,4,"[0, 2, 3, 5]","[2, 4, 5, 7]",124000.0,2.0,3.0,0.057692307692307696,0.10526315789473684,0.17928429140015903
S5VYc,Kim (No. 2),63,63,2.0,G,VI,Bb major,(212100),2,1,2,1,0,0,6,4-3,4,4,"[6, 7, 9, 10]","[0, 2, 3, 11]",125000.0,2.5,2.0,0.057692307692307696,0.13157894736842105,0.11952286093343936
S5VYc,Kim (No. 2),64,64,0.0,C,II,Bb major,(021120),0,2,1,1,2,0,6,4-22A,4,4,"[3, 5, 7, 10]","[3, 5, 7, 10]",126000.0,1.0,3.1622776601683795,0.057692307692307696,0.05263157894736842,0.18898223650461363
S5VYc,Kim (No. 2),65,64,2.0,F,V,Bb major,(021120),0,2,1,1,2,0,6,4-22B,4,4,"[2, 5, 7, 9]","[0, 2, 4, 9]",127000.0,1.0,0.0,0.057692307692307696,0.05263157894736842,0.0
S5VYc,Kim (No. 2),66,65,0.0,B-,I,Bb major,(143250),1,4,3,2,5,0,15,6-32,6,8,"[0, 2, 5, 7, 9, 10]","[0, 2, 4, 7, 9, 11]",128000.0,3.0,4.358898943540674,0.23076923076923078,0.15789473684210525,0.26049403612586386
S5VYc,Kim (No. 2),67,66,0.0,C,II,Bb major,(012120),0,1,2,1,2,0,6,4-26,4,4,"[0, 3, 7, 10]","[0, 3, 7, 10]",130000.0,0.5,4.58257569495584,0.057692307692307696,0.02631578947368421,0.27386127875258304
S5VYc,Kim (No. 2),68,66,2.0,F,V,Bb major,(111111),1,1,1,1,1,1,6,4-29A,4,4,"[1, 6, 7, 9]","[1, 2, 4, 8]",131000.0,2.3,2.0,0.057692307692307696,0.12105263157894736,0.11952286093343936
S5VYc,Kim (No. 2),69,67,0.0,D,III,Bb major,(122010),1,2,2,0,1,0,6,4-10,4,4,"[0, 2, 3, 5]","[0, 1, 3, 10]",132000.0,2.0,2.0,0.057692307692307696,0.10526315789473684,0.11952286093343936
S5VYc,Kim (No. 2),70,67,2.0,G,VI,Bb major,(112101),1,1,2,1,0,1,6,4-12A,4,4,"[5, 7, 8, 11]","[0, 1, 4, 10]",133000.0,2.3,2.0,0.057692307692307696,0.12105263157894736,0.11952286093343936
S5VYc,Kim (No. 2),71,69,0.0,F,V,Bb major,(210000),2,1,0,0,0,0,3,3-1,3,4,"[8, 9, 10]","[3, 4, 5]",136000.0,2.5,2.6457513110645907,0.0,0.13157894736842105,0.15811388300841897
S5VYc,Kim (No. 2),72,69,2.0,B-,I,Bb major,(122010),1,2,2,0,1,0,6,4-10,4,4,"[5, 7, 8, 10]","[0, 7, 9, 10]",137000.0,2.0,2.6457513110645907,0.057692307692307696,0.10526315789473684,0.15811388300841897
S5VYc,Kim (No. 2),73,70,0.0,E-,IV,Bb major,(234222),2,3,4,2,2,2,15,6-23,6,8,"[0, 1, 3, 7, 9, 10]","[0, 4, 6, 7, 9, 10]",138000.0,5.1,3.872983346207417,0.23076923076923078,0.26842105263157895,0.23145502494313788
S5VYc,Kim (No. 2),74,71,0.0,B-,I,Bb major,(121110),1,2,1,1,1,0,6,4-11A,4,5,"[0, 2, 9, 10]","[0, 2, 4, 11]",140000.0,2.0,4.123105625617661,0.057692307692307696,0.10526315789473684,0.24640269015229058
S5VYc,Kim (No. 2),75,73,0.0,B-,I,Bb major,(032140),0,3,2,1,4,0,10,5-35,5,10,"[0, 2, 5, 7, 10]","[0, 2, 4, 7, 9]",144000.0,1.5,3.4641016151377544,0.1346153846153846,0.07894736842105263,0.20701966780270625
S5VYc,Kim (No. 2),76,74,0.0,C,II,Bb major,(121110),1,2,1,1,1,0,6,4-11A,4,4,"[0, 2, 9, 10]","[0, 2, 9, 10]",146000.0,2.0,3.4641016151377544,0.057692307692307696,0.10526315789473684,0.20701966780270625
S5VYc,Kim (No. 2),77,74,2.0,F,V,Bb major,(122010),1,2,2,0,1,0,6,4-10,4,4,"[0, 7, 9, 10]","[2, 4, 5, 7]",147000.0,2.0,1.4142135623730951,0.057692307692307696,0.10526315789473684,0.08451542547285167
S5VYc,Kim (No. 2),78,76,0.0,C,II,Bb major,(122010),1,2,2,0,1,0,6,4-10,4,4,"[0, 2, 3, 5]","[0, 2, 3, 5]",150000.0,2.0,0.0,0.057692307692307696,0.10526315789473684,0.0
S5VYc,Kim (No. 2),79,77,2.0,B-,I,Bb major,(221100),2,2,1,1,0,0,6,4-2A,4,4,"[0, 8, 9, 10]","[0, 2, 10, 11]",153000.0,3.0,2.0,0.057692307692307696,0.15789473684210525,0.11952286093343936
S5VYc,Kim (No. 2),80,78,0.0,E-,IV,Bb major,(143250),1,4,3,2,5,0,15,6-32,6,8,"[0, 2, 3, 5, 7, 10]","[0, 2, 4, 7, 9, 11]",154000.0,3.0,5.916079783099616,0.23076923076923078,0.15789473684210525,0.3535533905932738
S5VYc,Kim (No. 2),81,79,0.0,B-,I,Bb major,(012120),0,1,2,1,2,0,6,4-26,4,4,"[0, 3, 7, 10]","[0, 2, 5, 9]",156000.0,0.5,4.58257569495584,0.057692307692307696,0.02631578947368421,0.27386127875258304
S5VYc,Kim (No. 2),82,81,0.0,A,VII,Bb major,(210000),2,1,0,0,0,0,3,3-1,3,8,"[1, 2, 3]","[4, 5, 6]",160000.0,2.5,3.605551275463989,0.0,0.13157894736842105,0.21547290184283363
S5VYc,Kim (No. 2),83,82,0.0,D,III,Bb major,(210000),2,1,0,0,0,0,3,3-1,3,8,"[1, 2, 3]","[0, 1, 11]",162000.0,2.5,0.0,0.0,0.13157894736842105,0.0
S5VYc,Kim (No. 2),84,83,0.0,G,VI,Bb major,(101100),1,0,1,1,0,0,3,3-3A,3,8,"[2, 10, 11]","[3, 4, 7]",164000.0,1.0,2.0,0.0,0.05263157894736842,0.11952286093343936
S5VYc,Kim (No. 2),85,84,0.0,G,VI,Bb major,(233241),2,3,3,2,4,1,15,6-25B,6,8,"[0, 2, 4, 5, 9, 11]","[2, 4, 5, 7, 9, 10]",166000.0,4.3,5.656854249492381,0.23076923076923078,0.2263157894736842,0.33806170189140666
S5VYc,Kim (No. 2),86,85,0.0,C,II,Bb major,(354351),3,5,4,3,5,1,21,7-23A,7,8,"[0, 2, 5, 7, 8, 9, 10]","[0, 2, 5, 7, 8, 9, 10]",168000.0,6.3,2.8284271247461903,0.34615384615384615,0.33157894736842103,0.16903085094570333
S5VYc,Kim (No. 2),87,86,0.0,C,II,Bb major,(234222),2,3,4,2,2,2,15,6-45,6,8,"[0, 1, 2, 4, 7, 10]","[0, 1, 2, 4, 7, 10]",170000.0,5.1,4.0,0.23076923076923078,0.26842105263157895,0.23904572186687872
S5VYc,Kim (No. 2),88,87,0.0,C,II,Bb major,(012111),0,1,2,1,1,1,6,4-27A,4,5,"[0, 3, 7, 9]","[0, 3, 7, 9]",172000.0,1.3,3.872983346207417,0.057692307692307696,0.06842105263157895,0.23145502494313788
S5VYc,Kim (No. 2),89,89,0.0,B-,I,Bb major,(122230),1,2,2,2,3,0,10,5-27A,5,6,"[2, 3, 5, 7, 10]","[0, 4, 5, 7, 9]",176000.0,2.0,2.8284271247461903,0.1346153846153846,0.10526315789473684,0.16903085094570333
S5VYc,Kim (No. 2),90,91,0.0,D,III,Bb major,(111000),1,1,1,0,0,0,3,3-2B,3,4,"[0, 2, 3]","[0, 1, 10]",180000.0,1.5,3.872983346207417,0.0,0.07894736842105263,0.23145502494313788
S5VYc,Kim (No. 2),91,91,2.0,G,VI,Bb major,(112101),1,1,2,1,0,1,6,4-12A,4,4,"[5, 7, 8, 11]","[0, 1, 4, 10]",181000.0,2.3,1.7320508075688772,0.057692307692307696,0.12105263157894736,0.10350983390135313
S5VYc,Kim (No. 2),92,92,0.0,C,II,Bb major,(101220),1,0,1,2,2,0,6,4-20,4,4,"[2, 3, 7, 10]","[2, 3, 7, 10]",182000.0,1.0,2.8284271247461903,0.057692307692307696,0.05263157894736842,0.16903085094570333
S5VYc,Kim (No. 2),93,92,2.0,F,V,Bb major,(012111),0,1,2,1,1,1,6,4-27A,4,5,"[0, 3, 6, 10]","[1, 5, 7, 10]",183000.0,1.3,2.449489742783178,0.057692307692307696,0.06842105263157895,0.14638501094227996
S5VYc,Kim (No. 2),94,93,2.0,B-,I,Bb major,(221100),2,2,1,1,0,0,6,4-2B,4,4,"[0, 8, 10, 11]","[0, 1, 2, 10]",185000.0,3.0,2.8284271247461903,0.057692307692307696,0.15789473684210525,0.16903085094570333
S5VYc,Kim (No. 2),95,94,0.0,E-,IV,Bb major,(021120),0,2,1,1,2,0,6,4-22B,4,4,"[0, 3, 5, 7]","[0, 2, 4, 9]",186000.0,1.0,2.8284271247461903,0.057692307692307696,0.05263157894736842,0.16903085094570333
S5VYc,Kim (No. 2),96,94,2.0,E-,IV,Bb major,(101220),1,0,1,2,2,0,6,4-20,4,4,"[3, 6, 10, 11]","[0, 3, 7, 8]",187000.0,1.0,2.449489742783178,0.057692307692307696,0.05263157894736842,0.14638501094227996
S5VYc,Kim (No. 2),97,95,0.0,B-,I,Bb major,(122010),1,2,2,0,1,0,6,4-10,4,4,"[0, 1, 3, 10]","[0, 2, 3, 5]",188000.0,2.0,3.1622776601683795,0.057692307692307696,0.10526315789473684,0.18898223650461363
S5VYc,Kim (No. 2),98,95,2.0,G,VI,Bb major,(111120),1,1,1,1,2,0,6,4-14A,4,4,"[2, 7, 9, 10]","[0, 2, 3, 7]",189000.0,1.5,2.0,0.057692307692307696,0.07894736842105263,0.11952286093343936
S5VYc,Kim (No. 2),99,96,0.0,C,II,Bb major,(012111),0,1,2,1,1,1,6,4-27A,4,5,"[0, 3, 6, 10]","[0, 3, 6, 10]",190000.0,1.3,2.0,0.057692307692307696,0.06842105263157895,0.11952286093343936
S5VYc,Kim (No. 2),100,96,2.0,F,V,Bb major,(122010),1,2,2,0,1,0,6,4-10,4,4,"[0, 2, 3, 5]","[0, 7, 9, 10]",191000.0,2.0,2.0,0.057692307692307696,0.10526315789473684,0.11952286093343936
S5VYc,Kim (No. 2),101,97,0.0,B-,I,Bb major,(321121),3,2,1,1,2,1,10,5-5B,5,8,"[0, 5, 9, 10, 11]","[0, 1, 2, 7, 11]",192000.0,4.8,2.8284271247461903,0.1346153846153846,0.25263157894736843,0.16903085094570333
SRfYc,Thriving on a Riff,0,1,0.0,B-,I,Bb major,(321000),3,2,1,0,0,0,6,4-1,4,8,"[2, 3, 4, 5]","[4, 5, 6, 7]",0.0,4.0,0.0,0.057692307692307696,0.21052631578947367,0.0
SRfYc,Thriving on a Riff,1,2,0.0,C,II,Bb major,(012120),0,1,2,1,2,0,6,4-26,4,4,"[0, 3, 7, 10]","[0, 3, 7, 10]",2000.0,0.5,4.0,0.057692307692307696,0.02631578947368421,0.23904572186687872
SRfYc,Thriving on a Riff,2,3,0.0,B-,I,Bb major,(544431),5,4,4,4,3,1,21,7-3B,7,8,"[2, 5, 6, 7, 8, 9, 10]","[0, 4, 7, 8, 9, 10, 11]",4000.0,7.8,7.0,0.34615384615384615,0.4105263157894737,0.4183300132670378
SRfYc,Thriving on a Riff,3,4,0.0,C,II,Bb major,(221100),2,2,1,1,0,0,6,4-2A,4,4,"[3, 4, 5, 7]","[3, 4, 5, 7]",6000.0,3.0,6.4031242374328485,0.057692307692307696,0.15789473684210525,0.38265986388511064
SRfYc,Thriving on a Riff,4,4,2.0,F,V,Bb major,(010101),0,1,0,1,0,1,3,3-8A,3,3,"[0, 2, 6]","[1, 7, 9]",7000.0,1.3,2.6457513110645907,0.0,0.06842105263157895,0.15811388300841897
SRfYc,Thriving on a Riff,5,5,0.0,F,V,Bb major,(210000),2,1,0,0,0,0,3,3-1,3,4,"[8, 9, 10]","[3, 4, 5]",8000.0,2.5,2.449489742783178,0.0,0.13157894736842105,0.14638501094227996
SRfYc,Thriving on a Riff,6,5,2.0,B-,I,Bb major,(122010),1,2,2,0,1,0,6,4-10,4,4,"[5, 7, 8, 10]","[0, 7, 9, 10]",9000.0,2.0,2.6457513110645907,0.057692307692307696,0.10526315789473684,0.15811388300841897
SRfYc,Thriving on a Riff,7,6,0.0,E-,IV,Bb major,(112011),1,1,2,0,1,1,6,4-13A,4,4,"[0, 3, 9, 10]","[0, 6, 7, 9]",10000.0,2.3,1.4142135623730951,0.057692307692307696,0.12105263157894736,0.08451542547285167
SRfYc,Thriving on a Riff,8,6,2.0,E,#IV,Bb major,(112101),1,1,2,1,0,1,6,4-12A,4,4,"[1, 7, 9, 10]","[3, 5, 6, 9]",11000.0,2.3,1.4142135623730951,0.057692307692307696,0.12105263157894736,0.08451542547285167
SRfYc,Thriving on a Riff,9,7,0.0,B-,I,Bb major,(122230),1,2,2,2,3,0,10,5-27A,5,7,"[0, 2, 5, 9, 10]","[0, 2, 4, 7, 11]",12000.0,2.0,3.4641016151377544,0.1346153846153846,0.10526315789473684,0.20701966780270625
SRfYc,Thriving on a Riff,10,9,0.0,B-,I,Bb major,(001110),0,0,1,1,1,0,3,3-11B,3,5,"[2, 5, 10]","[0, 4, 7]",16000.0,0.0,3.3166247903554,0.0,0.0,0.19820624179302296
SRfYc,Thriving on a Riff,11,11,0.0,B-,I,Bb major,(111111),1,1,1,1,1,1,6,4-29B,4,4,"[2, 4, 5, 10]","[0, 4, 6, 7]",20000.0,2.3,1.7320508075688772,0.057692307692307696,0.12105263157894736,0.10350983390135313
SRfYc,Thriving on a Riff,12,11,1.9375,G,VI,Bb major,(210111),2,1,0,1,1,1,6,4-5B,4,4,"[3, 4, 5, 11]","[4, 8, 9, 10]",20968.2,3.3,1.4142135623730951,0.057692307692307696,0.17368421052631577,0.08451542547285167
SRfYc,Thriving on a Riff,13,12,0.0,C,II,Bb major,(321000),3,2,1,0,0,0,6,4-1,4,4,"[0, 1, 2, 11]","[0, 1, 2, 11]",22000.0,4.0,2.449489742783178,0.057692307692307696,0.21052631578947367,0.14638501094227996
SRfYc,Thriving on a Riff,14,12,2.0,F,V,Bb major,(012111),0,1,2,1,1,1,6,4-27A,4,4,"[0, 3, 6, 10]","[1, 5, 7, 10]",23000.0,1.3,3.7416573867739413,0.057692307692307696,0.06842105263157895,0.22360679774997896
SRfYc,Thriving on a Riff,15,13,0.0,F,V,Bb major,(012111),0,1,2,1,1,1,6,4-27A,4,4,"[0, 2, 5, 8]","[0, 3, 7, 9]",24000.0,1.3,0.0,0.057692307692307696,0.06842105263157895,0.0
SRfYc,Thriving on a Riff,16,14,0.0,E-,IV,Bb major,(021030),0,2,1,0,3,0,6,4-23,4,5,"[0, 5, 7, 10]","[2, 4, 7, 9]",26000.0,1.0,2.8284271247461903,0.057692307692307696,0.05263157894736842,0.16903085094570333
SRfYc,Thriving on a Riff,17,15,0.0,B-,I,Bb major,(122131),1,2,2,1,3,1,10,5-29B,5,8,"[0, 3, 5, 6, 10]","[0, 2, 5, 7, 8]",28000.0,2.8,2.0,0.1346153846153846,0.14736842105263157,0.11952286093343936
SRfYc,Thriving on a Riff,18,17,0.0,D,III,Bb major,(101310),1,0,1,3,1,0,6,4-19B,4,5,"[0, 4, 8, 11]","[2, 6, 9, 10]",32000.0,1.0,3.7416573867739413,0.057692307692307696,0.05263157894736842,0.22360679774997896
SRfYc,Thriving on a Riff,19,18,0.0,D,III,Bb major,(233241),2,3,3,2,4,1,15,6-25B,6,7,"[0, 4, 6, 7, 9, 11]","[2, 4, 5, 7, 9, 10]",34000.0,4.3,5.0,0.23076923076923078,0.2263157894736842,0.2988071523335984
SRfYc,Thriving on a Riff,20,19,0.0,G,VI,Bb major,(123121),1,2,3,1,2,1,10,5-25A,5,9,"[0, 2, 5, 9, 11]","[2, 4, 5, 7, 10]",36000.0,2.8,2.6457513110645907,0.1346153846153846,0.14736842105263157,0.15811388300841897
SRfYc,Thriving on a Riff,21,20,0.0,G,VI,Bb major,(322111),3,2,2,1,1,1,10,5-4B,5,6,"[2, 3, 4, 5, 11]","[4, 7, 8, 9, 10]",38000.0,4.8,2.449489742783178,0.1346153846153846,0.25263157894736843,0.14638501094227996
SRfYc,Thriving on a Riff,22,21,0.0,C,II,Bb major,(143250),1,4,3,2,5,0,15,6-32,6,6,"[0, 2, 4, 5, 7, 9]","[0, 2, 4, 5, 7, 9]",40000.0,3.0,5.196152422706632,0.23076923076923078,0.15789473684210525,0.3105295017040594
SRfYc,Thriving on a Riff,23,22,0.0,C,II,Bb major,(443352),4,4,3,3,5,2,21,7-14B,7,9,"[0, 4, 5, 7, 9, 10, 11]","[0, 4, 5, 7, 9, 10, 11]",42000.0,7.6,3.7416573867739413,0.34615384615384615,0.39999999999999997,0.22360679774997896
SRfYc,Thriving on a Riff,24,23,0.0,F,V,Bb major,(655552),6,5,5,5,5,2,28,8-4B,8,9,"[0, 1, 2, 3, 7, 8, 10, 11]","[2, 3, 5, 6, 7, 8, 9, 10]",44000.0,10.1,3.605551275463989,0.4807692307692308,0.531578947368421,0.21547290184283363
SRfYc,Thriving on a Riff,25,24,0.0,F,V,Bb major,(011010),0,1,1,0,1,0,3,3-7A,3,5,"[4, 6, 9]","[1, 4, 11]",46000.0,0.5,10.63014581273465,0.0,0.02631578947368421,0.6352727198388332
SRfYc,Thriving on a Riff,26,27,0.0,B-,I,Bb major,(143250),1,4,3,2,5,0,15,6-32,6,8,"[0, 2, 3, 5, 7, 10]","[0, 2, 4, 5, 7, 9]",52000.0,3.0,5.830951894845301,0.23076923076923078,0.15789473684210525,0.3484660262185848
SRfYc,Thriving on a Riff,27,28,0.0,C,II,Bb major,(012111),0,1,2,1,1,1,6,4-27A,4,4,"[0, 3, 6, 10]","[0, 3, 6, 10]",54000.0,1.3,5.385164807134504,0.057692307692307696,0.06842105263157895,0.3218251521733945
SRfYc,Thriving on a Riff,28,28,2.0,F,V,Bb major,(111120),1,1,1,1,2,0,6,4-14A,4,4,"[2, 7, 9, 10]","[2, 4, 5, 9]",55000.0,1.5,2.0,0.057692307692307696,0.07894736842105263,0.11952286093343936
SRfYc,Thriving on a Riff,29,29,0.0,F,V,Bb major,(321000),3,2,1,0,0,0,6,4-1,4,4,"[0, 9, 10, 11]","[4, 5, 6, 7]",56000.0,4.0,3.1622776601683795,0.057692307692307696,0.21052631578947367,0.18898223650461363
SRfYc,Thriving on a Riff,30,29,2.0,B-,I,Bb major,(020100),0,2,0,1,0,0,3,3-6,3,4,"[0, 8, 10]","[0, 2, 10]",57000.0,1.0,3.3166247903554,0.0,0.05263157894736842,0.19820624179302296
SRfYc,Thriving on a Riff,31,30,0.0,E-,IV,Bb major,(020100),0,2,0,1,0,0,3,3-6,3,3,"[3, 5, 7]","[0, 2, 4]",58000.0,1.0,0.0,0.0,0.05263157894736842,0.0
SRfYc,Thriving on a Riff,32,30,2.0,E-,IV,Bb major,(012111),0,1,2,1,1,1,6,4-27A,4,4,"[0, 3, 6, 10]","[0, 3, 7, 9]",59000.0,1.3,2.6457513110645907,0.057692307692307696,0.06842105263157895,0.15811388300841897
SRfYc,Thriving on a Riff,33,33,0.0,B-,I,Bb major,(101100),1,0,1,1,0,0,3,3-3B,3,3,"[1, 4, 5]","[3, 6, 7]",64000.0,1.0,2.23606797749979,0.0,0.05263157894736842,0.1336306209562122
SRfYc,Thriving on a Riff,34,34,0.0,C,II,Bb major,(100110),1,0,0,1,1,0,3,3-4A,3,3,"[2, 9, 10]","[2, 9, 10]",66000.0,1.0,1.4142135623730951,0.0,0.05263157894736842,0.08451542547285167
SRfYc,Thriving on a Riff,35,34,2.0,F,V,Bb major,(001110),0,0,1,1,1,0,3,3-11B,3,4,"[2, 5, 10]","[0, 5, 9]",67000.0,0.0,1.4142135623730951,0.0,0.0,0.08451542547285167
SRfYc,Thriving on a Riff,36,35,0.0,B-,I,Bb major,(011010),0,1,1,0,1,0,3,3-7A,3,4,"[0, 7, 9]","[2, 9, 11]",68000.0,0.5,1.4142135623730951,0.0,0.02631578947368421,0.08451542547285167
SRfYc,Thriving on a Riff,37,35,2.0,D-,bIII,Bb major,(012120),0,1,2,1,2,0,6,4-26,4,4,"[1, 4, 8, 11]","[0, 3, 7, 10]",69000.0,0.5,1.7320508075688772,0.057692307692307696,0.02631578947368421,0.10350983390135313
SRfYc,Thriving on a Riff,38,36,0.0,C,II,Bb major,(122010),1,2,2,0,1,0,6,4-10,4,5,"[0, 7, 9, 10]","[0, 7, 9, 10]",70000.0,2.0,2.0,0.057692307692307696,0.10526315789473684,0.11952286093343936
SRfYc,Thriving on a Riff,39,36,1.9375,F,V,Bb major,(122010),1,2,2,0,1,0,6,4-10,4,4,"[0, 2, 3, 5]","[0, 7, 9, 10]",70968.2,2.0,0.0,0.057692307692307696,0.10526315789473684,0.0
SRfYc,Thriving on a Riff,40,37,0.0,F,V,Bb major,(111000),1,1,1,0,0,0,3,3-2A,3,4,"[7, 8, 10]","[2, 3, 5]",72000.0,1.5,1.7320508075688772,0.0,0.07894736842105263,0.10350983390135313
SRfYc,Thriving on a Riff,41,37,2.0,B-,I,Bb major,(122010),1,2,2,0,1,0,6,4-10,4,4,"[5, 7, 8, 10]","[0, 7, 9, 10]",73000.0,2.0,1.7320508075688772,0.057692307692307696,0.10526315789473684,0.10350983390135313
SRfYc,Thriving on a Riff,42,38,0.0,E-,IV,Bb major,(112011),1,1,2,0,1,1,6,4-13A,4,4,"[0, 3, 9, 10]","[0, 6, 7, 9]",74000.0,2.3,1.4142135623730951,0.057692307692307696,0.12105263157894736,0.08451542547285167
SRfYc,Thriving on a Riff,43,38,2.0,E,#IV,Bb major,(112101),1,1,2,1,0,1,6,4-12A,4,4,"[1, 7, 9, 10]","[3, 5, 6, 9]",75000.0,2.3,1.4142135623730951,0.057692307692307696,0.12105263157894736,0.08451542547285167
SRfYc,Thriving on a Riff,44,41,0.0,B-,I,Bb major,(121110),1,2,1,1,1,0,6,4-11A,4,10,"[0, 2, 9, 10]","[0, 2, 4, 11]",80000.0,2.0,2.0,0.057692307692307696,0.10526315789473684,0.11952286093343936
SRfYc,Thriving on a Riff,45,42,0.0,C,II,Bb major,(210000),2,1,0,0,0,0,3,3-1,3,3,"[3, 4, 5]","[3, 4, 5]",82000.0,2.5,2.23606797749979,0.0,0.13157894736842105,0.1336306209562122
SRfYc,Thriving on a Riff,46,44,0.0,C,II,Bb major,(242412),2,4,2,4,1,2,15,6-21A,6,6,"[0, 2, 4, 8, 10, 11]","[0, 2, 4, 8, 10, 11]",86000.0,5.6,5.830951894845301,0.23076923076923078,0.29473684210526313,0.3484660262185848
SRfYc,Thriving on a Riff,47,44,2.0,F,V,Bb major,(254361),2,5,4,3,6,1,21,7-35,7,8,"[0, 2, 3, 5, 7, 9, 10]","[0, 2, 4, 5, 7, 9, 10]",87000.0,5.3,5.656854249492381,0.34615384615384615,0.2789473684210526,0.33806170189140666
SRfYc,Thriving on a Riff,48,45,0.0,F,V,Bb major,(114112),1,1,4,1,1,2,10,5-31B,5,5,"[0, 3, 5, 6, 9]","[0, 1, 4, 7, 10]",88000.0,3.1,6.855654600401044,0.1346153846153846,0.1631578947368421,0.4097037257057139
SRfYc,Thriving on a Riff,49,46,0.0,E-,IV,Bb major,(111000),1,1,1,0,0,0,3,3-2A,3,4,"[7, 8, 10]","[4, 5, 7]",90000.0,1.5,3.872983346207417,0.0,0.07894736842105263,0.23145502494313788
SRfYc,Thriving on a Riff,50,46,2.0,E-,IV,Bb major,(012111),0,1,2,1,1,1,6,4-27A,4,4,"[0, 3, 6, 10]","[0, 3, 7, 9]",91000.0,1.3,2.23606797749979,0.057692307692307696,0.06842105263157895,0.1336306209562122
SRfYc,Thriving on a Riff,51,47,0.0,B-,I,Bb major,(132130),1,3,2,1,3,0,10,5-23A,5,8,"[0, 2, 7, 9, 10]","[0, 2, 4, 9, 11]",92000.0,2.5,3.1622776601683795,0.1346153846153846,0.13157894736842105,0.18898223650461363
SRfYc,Thriving on a Riff,52,50,0.0,D,III,Bb major,(321000),3,2,1,0,0,0,6,4-1,4,4,"[0, 1, 2, 11]","[0, 9, 10, 11]",98000.0,4.0,4.0,0.057692307692307696,0.21052631578947367,0.23904572186687872
SRfYc,Thriving on a Riff,53,51,0.0,G,VI,Bb major,(224232),2,2,4,2,3,2,15,6-29,6,8,"[0, 2, 3, 6, 7, 9]","[0, 2, 5, 7, 8, 11]",100000.0,4.6,5.196152422706632,0.23076923076923078,0.2421052631578947,0.3105295017040594
SRfYc,Thriving on a Riff,54,52,0.0,G,VI,Bb major,(114112),1,1,4,1,1,2,10,5-31B,5,7,"[2, 5, 7, 8, 11]","[0, 1, 4, 7, 10]",102000.0,3.1,2.6457513110645907,0.1346153846153846,0.1631578947368421,0.15811388300841897
SRfYc,Thriving on a Riff,55,53,0.0,C,II,Bb major,(143241),1,4,3,2,4,1,15,6-33A,6,7,"[0, 2, 4, 7, 9, 10]","[0, 2, 4, 7, 9, 10]",104000.0,3.8,4.58257569495584,0.23076923076923078,0.19999999999999998,0.27386127875258304
SRfYc,Thriving on a Riff,56,54,0.0,C,II,Bb major,(254361),2,5,4,3,6,1,21,7-35,7,9,"[0, 2, 4, 5, 7, 9, 10]","[0, 2, 4, 5, 7, 9, 10]",106000.0,5.3,2.8284271247461903,0.34615384615384615,0.2789473684210526,0.16903085094570333
SRfYc,Thriving on a Riff,57,57,0.0,B-,I,Bb major,(344451),3,4,4,4,5,1,21,7-27B,7,8,"[0, 1, 2, 5, 7, 9, 10]","[0, 2, 3, 4, 7, 9, 11]",112000.0,5.8,2.0,0.34615384615384615,0.30526315789473685,0.11952286093343936
SRfYc,Thriving on a Riff,58,58,0.0,C,II,Bb major,(011010),0,1,1,0,1,0,3,3-7B,3,5,"[0, 7, 10]","[0, 7, 10]",114000.0,0.5,7.745966692414834,0.0,0.02631578947368421,0.46291004988627577
SRfYc,Thriving on a Riff,59,59,0.0,B-,I,Bb major,(344451),3,4,4,4,5,1,21,7-27B,7,8,"[0, 1, 2, 5, 7, 9, 10]","[0, 2, 3, 4, 7, 9, 11]",116000.0,5.8,7.745966692414834,0.34615384615384615,0.30526315789473685,0.46291004988627577
SRfYc,Thriving on a Riff,60,60,0.0,C,II,Bb major,(011010),0,1,1,0,1,0,3,3-7B,3,3,"[0, 7, 10]","[0, 7, 10]",118000.0,0.5,7.745966692414834,0.0,0.02631578947368421,0.46291004988627577
SRfYc,Thriving on a Riff,61,61,2.0,B-,I,Bb major,(221100),2,2,1,1,0,0,6,4-2A,4,4,"[0, 8, 9, 10]","[0, 2, 10, 11]",121000.0,3.0,2.6457513110645907,0.057692307692307696,0.15789473684210525,0.15811388300841897
SRfYc,Thriving on a Riff,62,62,0.0,E-,IV,Bb major,(012120),0,1,2,1,2,0,6,4-26,4,4,"[0, 3, 7, 10]","[0, 4, 7, 9]",122000.0,0.5,3.1622776601683795,0.057692307692307696,0.02631578947368421,0.18898223650461363
SRfYc,Thriving on a Riff,63,62,2.0,E-,IV,Bb major,(012111),0,1,2,1,1,1,6,4-27A,4,4,"[0, 3, 6, 10]","[0, 3, 7, 9]",123000.0,1.3,1.4142135623730951,0.057692307692307696,0.06842105263157895,0.08451542547285167
SRfYc,Thriving on a Riff,64,63,0.0,B-,I,Bb major,(132130),1,3,2,1,3,0,10,5-23A,5,8,"[0, 2, 7, 9, 10]","[0, 2, 4, 9, 11]",124000.0,2.5,3.1622776601683795,0.1346153846153846,0.13157894736842105,0.18898223650461363
SRfYc,Thriving on a Riff,65,64,0.0,C,II,Bb major,(111000),1,1,1,0,0,0,3,3-2A,3,3,"[2, 3, 5]","[2, 3, 5]",126000.0,1.5,3.872983346207417,0.0,0.07894736842105263,0.23145502494313788
V3fYc,Warming up a Riff,0,1,0.0,F,V,Bb major,(443211),4,4,3,2,1,1,15,6-2A,6,6,"[3, 4, 5, 6, 7, 9]","[0, 1, 2, 4, 10, 11]",0.0,6.8,0.0,0.23076923076923078,0.35789473684210527,0.0
V3fYc,Warming up a Riff,1,2,0.0,B-,I,Bb major,(336333),3,3,6,3,3,3,21,7-31A,7,8,"[0, 1, 3, 4, 6, 9, 10]","[0, 2, 3, 5, 6, 8, 11]",2000.0,6.9,4.47213595499958,0.34615384615384615,0.3631578947368421,0.2672612419124244
V3fYc,Warming up a Riff,2,3,0.0,B-,I,Bb major,(445332),4,4,5,3,3,2,21,7-10A,7,9,"[1, 2, 3, 4, 5, 7, 10]","[0, 3, 4, 5, 6, 7, 9]",4000.0,7.6,2.0,0.34615384615384615,0.39999999999999997,0.11952286093343936
V3fYc,Warming up a Riff,3,4,0.0,F,V,Bb major,(212221),2,1,2,2,2,1,10,5-38B,5,5,"[2, 5, 8, 9, 10]","[0, 3, 4, 5, 9]",6000.0,3.3,5.0,0.1346153846153846,0.17368421052631577,0.2988071523335984
V3fYc,Warming up a Riff,4,6,0.0,E-,IV,Bb major,(233241),2,3,3,2,4,1,15,6-25B,6,7,"[0, 1, 5, 7, 8, 10]","[2, 4, 5, 7, 9, 10]",10000.0,4.3,3.0,0.23076923076923078,0.2263157894736842,0.17928429140015903
V3fYc,Warming up a Riff,5,7,0.0,E-,IV,Bb major,(143250),1,4,3,2,5,0,15,6-32,6,13,"[0, 2, 3, 5, 7, 10]","[0, 2, 4, 7, 9, 11]",12000.0,3.0,2.0,0.23076923076923078,0.15789473684210525,0.11952286093343936
V3fYc,Warming up a Riff,6,8,0.0,E-,IV,Bb major,(321000),3,2,1,0,0,0,6,4-1,4,4,"[2, 3, 4, 5]","[0, 1, 2, 11]",14000.0,4.0,6.4031242374328485,0.057692307692307696,0.21052631578947367,0.38265986388511064
V3fYc,Warming up a Riff,7,9,0.0,A-,bVII,Bb major,(336333),3,3,6,3,3,3,21,7-31A,7,8,"[0, 1, 3, 6, 7, 9, 10]","[1, 2, 4, 5, 7, 10, 11]",16000.0,6.9,7.280109889280518,0.34615384615384615,0.3631578947368421,0.435069780938316
V3fYc,Warming up a Riff,8,10,0.0,B-,I,Bb major,(233241),2,3,3,2,4,1,15,6-25A,6,8,"[0, 2, 3, 5, 9, 10]","[0, 2, 4, 5, 7, 11]",18000.0,4.3,4.0,0.23076923076923078,0.2263157894736842,0.23904572186687872
V3fYc,Warming up a Riff,9,11,0.0,B-,I,Bb major,(354351),3,5,4,3,5,1,21,7-23B,7,8,"[0, 2, 5, 7, 9, 10, 11]","[0, 1, 2, 4, 7, 9, 11]",20000.0,6.3,2.8284271247461903,0.34615384615384615,0.33157894736842103,0.16903085094570333
V3fYc,Warming up a Riff,10,12,0.0,C,II,Bb major,(132130),1,3,2,1,3,0,10,5-23B,5,5,"[0, 2, 4, 5, 7]","[0, 2, 4, 5, 7]",22000.0,2.5,4.58257569495584,0.1346153846153846,0.13157894736842105,0.27386127875258304
V3fYc,Warming up a Riff,11,18,0.0,B-,I,Bb major,(032140),0,3,2,1,4,0,10,5-35,5,10,"[0, 2, 5, 7, 10]","[0, 2, 4, 7, 9]",34000.0,1.5,1.4142135623730951,0.1346153846153846,0.07894736842105263,0.08451542547285167
V3fYc,Warming up a Riff,12,19,0.0,B-,I,Bb major,(332110),3,3,2,1,1,0,10,5-2A,5,8,"[0, 2, 9, 10, 11]","[0, 1, 2, 4, 11]",36000.0,4.5,4.242640687119285,0.1346153846153846,0.23684210526315788,0.25354627641855493
V3fYc,Warming up a Riff,13,20,0.0,F,V,Bb major,(201210),2,0,1,2,1,0,6,4-7,4,5,"[0, 7, 8, 11]","[2, 3, 6, 7]",38000.0,2.0,3.4641016151377544,0.057692307692307696,0.10526315789473684,0.20701966780270625
V3fYc,Warming up a Riff,14,21,0.0,B-,I,Bb major,(234222),2,3,4,2,2,2,15,6-45,6,8,"[1, 4, 6, 7, 8, 10]","[0, 3, 6, 8, 9, 10]",40000.0,5.1,4.795831523312719,0.23076923076923078,0.26842105263157895,0.2866057521105554
V3fYc,Warming up a Riff,15,22,0.0,E-,IV,Bb major,(543342),5,4,3,3,4,2,21,7-5A,7,10,"[0, 1, 3, 4, 5, 10, 11]","[0, 1, 2, 7, 8, 9, 10]",42000.0,8.6,4.0,0.34615384615384615,0.4526315789473684,0.23904572186687872
V3fYc,Warming up a Riff,16,23,0.0,E-,IV,Bb major,(123121),1,2,3,1,2,1,10,5-25B,5,10,"[2, 5, 7, 8, 10]","[2, 4, 5, 7, 11]",44000.0,2.8,5.385164807134504,0.1346153846153846,0.14736842105263157,0.3218251521733945
V3fYc,Warming up a Riff,17,24,0.0,E-,IV,Bb major,(111000),1,1,1,0,0,0,3,3-2B,3,4,"[3, 5, 6]","[0, 2, 3]",46000.0,1.5,3.3166247903554,0.0,0.07894736842105263,0.19820624179302296
V3fYc,Warming up a Riff,18,25,0.0,A-,bVII,Bb major,(453432),4,5,3,4,3,2,21,7-9B,7,8,"[0, 2, 3, 4, 5, 6, 10]","[2, 4, 6, 7, 8, 9, 10]",48000.0,8.1,7.615773105863909,0.34615384615384615,0.4263157894736842,0.45512949491639976
V3fYc,Warming up a Riff,19,26,0.0,B-,I,Bb major,(336333),3,3,6,3,3,3,21,7-31A,7,8,"[0, 1, 3, 6, 7, 9, 10]","[0, 2, 3, 5, 8, 9, 11]",50000.0,6.9,4.0,0.34615384615384615,0.3631578947368421,0.23904572186687872
V3fYc,Warming up a Riff,20,27,0.0,B-,I,Bb major,(233241),2,3,3,2,4,1,15,6-25A,6,10,"[0, 2, 3, 5, 9, 10]","[0, 2, 4, 5, 7, 11]",52000.0,4.3,4.0,0.23076923076923078,0.2263157894736842,0.23904572186687872
V3fYc,Warming up a Riff,21,28,0.0,C,II,Bb major,(032140),0,3,2,1,4,0,10,5-35,5,5,"[0, 2, 4, 7, 9]","[0, 2, 4, 7, 9]",54000.0,1.5,2.6457513110645907,0.1346153846153846,0.07894736842105263,0.15811388300841897
V3fYc,Warming up a Riff,22,30,0.0,C,II,Bb major,(111000),1,1,1,0,0,0,3,3-2B,3,5,"[0, 2, 3]","[0, 2, 3]",58000.0,1.5,4.795831523312719,0.0,0.07894736842105263,0.2866057521105554
V3fYc,Warming up a Riff,23,31,0.0,G,VI,Bb major,(114112),1,1,4,1,1,2,10,5-31B,5,5,"[2, 5, 7, 8, 11]","[0, 1, 4, 7, 10]",60000.0,3.1,3.872983346207417,0.1346153846153846,0.1631578947368421,0.23145502494313788
V3fYc,Warming up a Riff,24,32,0.0,C,II,Bb major,(122230),1,2,2,2,3,0,10,5-27A,5,6,"[2, 3, 5, 7, 10]","[2, 3, 5, 7, 10]",62000.0,2.0,3.7416573867739413,0.1346153846153846,0.10526315789473684,0.22360679774997896
V3fYc,Warming up a Riff,25,33,0.0,F,V,Bb major,(212320),2,1,2,3,2,0,10,5-17,5,7,"[1, 5, 6, 8, 9]","[0, 1, 3, 4, 8]",64000.0,2.5,2.0,0.1346153846153846,0.13157894736842105,0.11952286093343936
V3fYc,Warming up a Riff,26,34,0.0,B-,I,Bb major,(543210),5,4,3,2,1,0,15,6-1,6,8,"[0, 1, 2, 3, 4, 5]","[2, 3, 4, 5, 6, 7]",66000.0,7.0,4.58257569495584,0.23076923076923078,0.3684210526315789,0.27386127875258304
V3fYc,Warming up a Riff,27,35,0.0,B-,I,Bb major,(020100),0,2,0,1,0,0,3,3-6,3,4,"[0, 2, 10]","[0, 2, 4]",68000.0,1.0,6.324555320336759,0.0,0.05263157894736842,0.37796447300922725
V3fYc,Warming up a Riff,28,36,0.0,F,V,Bb major,(101220),1,0,1,2,2,0,6,4-20,4,4,"[0, 3, 7, 8]","[2, 3, 7, 10]",70000.0,1.0,3.3166247903554,0.057692307692307696,0.05263157894736842,0.19820624179302296
V3fYc,Warming up a Riff,29,37,0.0,B-,I,Bb major,(655552),6,5,5,5,5,2,28,8-4B,8,8,"[0, 2, 3, 4, 5, 6, 7, 11]","[1, 2, 4, 5, 6, 7, 8, 9]",72000.0,10.1,9.38083151964686,0.4807692307692308,0.531578947368421,0.5606119105813882
V3fYc,Warming up a Riff,30,38,0.0,E-,IV,Bb major,(342231),3,4,2,2,3,1,15,6-9A,6,8,"[0, 2, 7, 8, 9, 10]","[4, 5, 6, 7, 9, 11]",74000.0,5.8,5.744562646538029,0.23076923076923078,0.30526315789473685,0.34330328116279757
V3fYc,Warming up a Riff,31,39,0.0,E-,IV,Bb major,(254361),2,5,4,3,6,1,21,7-35,7,8,"[0, 2, 4, 5, 7, 9, 10]","[1, 2, 4, 6, 7, 9, 11]",76000.0,5.3,4.0,0.34615384615384615,0.2789473684210526,0.23904572186687872
V3fYc,Warming up a Riff,32,40,0.0,E-,IV,Bb major,(222121),2,2,2,1,2,1,10,5-12,5,6,"[0, 1, 3, 5, 6]","[0, 2, 3, 9, 10]",78000.0,3.8,5.744562646538029,0.1346153846153846,0.19999999999999998,0.34330328116279757
V3fYc,Warming up a Riff,33,42,0.0,B-,I,Bb major,(012120),0,1,2,1,2,0,6,4-26,4,7,"[2, 5, 7, 10]","[0, 4, 7, 9]",82000.0,0.5,2.449489742783178,0.057692307692307696,0.02631578947368421,0.14638501094227996
V3fYc,Warming up a Riff,34,44,0.0,C,II,Bb major,(344352),3,4,4,3,5,2,21,7-29B,7,8,"[0, 2, 3, 4, 7, 9, 10]","[0, 2, 3, 4, 7, 9, 10]",86000.0,6.6,6.244997998398398,0.34615384615384615,0.34736842105263155,0.37321001364608947
V3fYc,Warming up a Riff,35,45,0.0,C,II,Bb major,(123121),1,2,3,1,2,1,10,5-25B,5,7,"[0, 4, 7, 9, 10]","[0, 4, 7, 9, 10]",88000.0,2.8,4.795831523312719,0.1346153846153846,0.14736842105263157,0.2866057521105554
V3fYc,Warming up a Riff,36,46,0.0,C,II,Bb major,(655552),6,5,5,5,5,2,28,8-4B,8,8,"[0, 1, 2, 6, 7, 9, 10, 11]","[0, 1, 2, 6, 7, 9, 10, 11]",90000.0,10.1,8.0,0.4807692307692308,0.531578947368421,0.47809144373375745
V3fYc,Warming up a Riff,37,47,0.0,F,V,Bb major,(101220),1,0,1,2,2,0,6,4-20,4,4,"[2, 5, 9, 10]","[0, 4, 5, 9]",92000.0,1.0,9.38083151964686,0.057692307692307696,0.05263157894736842,0.5606119105813882
V3fYc,Warming up a Riff,38,48,0.0,B-,I,Bb major,(122230),1,2,2,2,3,0,10,5-27A,5,6,"[0, 2, 5, 9, 10]","[0, 2, 4, 7, 11]",94000.0,2.0,2.449489742783178,0.1346153846153846,0.10526315789473684,0.14638501094227996
V3fYc,Warming up a Riff,39,50,0.0,D-,bIII,Bb major,(132130),1,3,2,1,3,0,10,5-23B,5,7,"[1, 6, 8, 10, 11]","[0, 5, 7, 9, 10]",98000.0,2.5,1.4142135623730951,0.1346153846153846,0.13157894736842105,0.08451542547285167
V3fYc,Warming up a Riff,40,51,0.0,G-,bVI,Bb major,(322332),3,2,2,3,3,2,15,6-43B,6,6,"[2, 3, 4, 8, 10, 11]","[2, 4, 5, 8, 9, 10]",100000.0,5.6,3.605551275463989,0.23076923076923078,0.29473684210526313,0.21547290184283363
V3fYc,Warming up a Riff,41,52,0.0,B,bII,Bb major,(333321),3,3,3,3,2,1,15,6-10A,6,8,"[3, 4, 6, 7, 8, 10]","[4, 5, 7, 8, 9, 11]",102000.0,5.3,2.0,0.23076923076923078,0.2789473684210526,0.11952286093343936
V3fYc,Warming up a Riff,42,53,0.0,B,bII,Bb major,(143250),1,4,3,2,5,0,15,6-32,6,7,"[1, 3, 6, 8, 10, 11]","[0, 2, 4, 7, 9, 11]",104000.0,3.0,4.0,0.23076923076923078,0.15789473684210525,0.23904572186687872
V3fYc,Warming up a Riff,43,54,0.0,B,bII,Bb major,(432100),4,3,2,1,0,0,10,5-1,5,5,"[1, 2, 3, 4, 5]","[2, 3, 4, 5, 6]",106000.0,5.5,6.082762530298219,0.1346153846153846,0.2894736842105263,0.3635145899999849
V3fYc,Warming up a Riff,44,55,0.0,E,#IV,Bb major,(143241),1,4,3,2,4,1,15,6-33B,6,8,"[2, 4, 6, 8, 9, 11]","[0, 2, 4, 5, 7, 10]",108000.0,3.8,5.385164807134504,0.23076923076923078,0.19999999999999998,0.3218251521733945
V3fYc,Warming up a Riff,45,56,0.0,A,VII,Bb major,(143250),1,4,3,2,5,0,15,6-32,6,9,"[1, 4, 6, 8, 9, 11]","[0, 2, 4, 7, 9, 11]",110000.0,3.0,1.4142135623730951,0.23076923076923078,0.15789473684210525,0.08451542547285167
V3fYc,Warming up a Riff,46,57,0.0,A,VII,Bb major,(200121),2,0,0,1,2,1,6,4-8,4,6,"[3, 4, 8, 9]","[0, 6, 7, 11]",112000.0,2.8,6.082762530298219,0.057692307692307696,0.14736842105263157,0.3635145899999849
V3fYc,Warming up a Riff,47,58,0.0,A,VII,Bb major,(001110),0,0,1,1,1,0,3,3-11B,3,3,"[0, 4, 7]","[3, 7, 10]",114000.0,0.0,2.6457513110645907,0.0,0.0,0.15811388300841897
V3fYc,Warming up a Riff,48,59,0.0,D,III,Bb major,(554331),5,5,4,3,3,1,21,7-2B,7,8,"[4, 6, 7, 8, 9, 10, 11]","[2, 4, 5, 6, 7, 8, 9]",116000.0,8.3,8.246211251235321,0.34615384615384615,0.4368421052631579,0.49280538030458115
V3fYc,Warming up a Riff,49,60,0.0,G,VI,Bb major,(333231),3,3,3,2,3,1,15,6-11B,6,8,"[0, 2, 3, 4, 9, 11]","[2, 4, 5, 7, 8, 9]",118000.0,5.3,3.1622776601683795,0.23076923076923078,0.2789473684210526,0.18898223650461363
V3fYc,Warming up a Riff,50,61,0.0,G,VI,Bb major,(143250),1,4,3,2,5,0,15,6-32,6,6,"[0, 2, 4, 7, 9, 11]","[0, 2, 4, 5, 7, 9]",120000.0,3.0,3.1622776601683795,0.23076923076923078,0.15789473684210525,0.18898223650461363
V3fYc,Warming up a Riff,51,62,0.0,G,VI,Bb major,(101310),1,0,1,3,1,0,6,4-19A,4,4,"[2, 6, 7, 10]","[0, 3, 7, 11]",122000.0,1.0,6.082762530298219,0.057692307692307696,0.05263157894736842,0.3635145899999849
V3fYc,Warming up a Riff,52,63,0.0,C,II,Bb major,(667773),6,6,7,7,7,3,36,9-11B,9,9,"[0, 1, 2, 4, 5, 6, 7, 9, 10]","[0, 1, 2, 4, 5, 6, 7, 9, 10]",124000.0,11.4,12.569805089976535,0.6346153846153846,0.6,0.7511895328648518
V3fYc,Warming up a Riff,53,64,0.0,C,II,Bb major,(565552),5,6,5,5,5,2,28,8-11A,8,9,"[0, 1, 2, 3, 5, 7, 10, 11]","[0, 1, 2, 3, 5, 7, 10, 11]",126000.0,9.6,3.7416573867739413,0.4807692307692308,0.5052631578947369,0.22360679774997896
V3fYc,Warming up a Riff,54,65,0.0,F,V,Bb major,(333231),3,3,3,2,3,1,15,6-40B,6,8,"[3, 6, 8, 9, 10, 11]","[1, 3, 4, 5, 6, 10]",128000.0,5.3,5.5677643628300215,0.23076923076923078,0.2789473684210526,0.33273756282434613
V3fYc,Warming up a Riff,55,66,0.0,B-,I,Bb major,(444342),4,4,4,3,4,2,21,7-36B,7,8,"[0, 1, 2, 3, 7, 9, 10]","[0, 2, 3, 4, 5, 9, 11]",130000.0,7.6,2.449489742783178,0.34615384615384615,0.39999999999999997,0.14638501094227996
V3fYc,Warming up a Riff,56,67,0.0,B-,I,Bb major,(010020),0,1,0,0,2,0,3,3-9,3,5,"[0, 5, 10]","[0, 2, 7]",132000.0,0.5,7.615773105863909,0.0,0.02631578947368421,0.45512949491639976
V3fYc,Warming up a Riff,57,70,0.0,E-,IV,Bb major,(011010),0,1,1,0,1,0,3,3-7B,3,7,"[0, 7, 10]","[4, 7, 9]",138000.0,0.5,1.4142135623730951,0.0,0.02631578947368421,0.08451542547285167
V3fYc,Warming up a Riff,58,71,0.0,E-,IV,Bb major,(011010),0,1,1,0,1,0,3,3-7B,3,7,"[0, 7, 10]","[4, 7, 9]",140000.0,0.5,0.0,0.0,0.02631578947368421,0.0
V3fYc,Warming up a Riff,59,72,0.0,E-,IV,Bb major,(224322),2,2,4,3,2,2,15,6-28,6,6,"[0, 2, 3, 6, 9, 10]","[0, 3, 6, 7, 9, 11]",142000.0,4.6,5.291502622129181,0.23076923076923078,0.2421052631578947,0.31622776601683794
V3fYc,Warming up a Riff,60,73,0.0,A-,bVII,Bb major,(544431),5,4,4,4,3,1,21,7-3A,7,8,"[0, 1, 2, 3, 6, 10, 11]","[2, 3, 4, 5, 6, 7, 10]",144000.0,7.8,4.0,0.34615384615384615,0.4105263157894737,0.23904572186687872
V3fYc,Warming up a Riff,61,75,0.0,B-,I,Bb major,(122230),1,2,2,2,3,0,10,5-27A,5,8,"[0, 2, 5, 9, 10]","[0, 2, 4, 7, 11]",148000.0,2.0,5.385164807134504,0.1346153846153846,0.10526315789473684,0.3218251521733945
V3fYc,Warming up a Riff,62,76,0.0,C,II,Bb major,(143241),1,4,3,2,4,1,15,6-33A,6,7,"[0, 2, 4, 7, 9, 10]","[0, 2, 4, 7, 9, 10]",150000.0,3.8,2.6457513110645907,0.23076923076923078,0.19999999999999998,0.15811388300841897
V3fYc,Warming up a Riff,63,78,0.0,C,II,Bb major,(554331),5,5,4,3,3,1,21,7-2B,7,8,"[0, 1, 2, 3, 8, 10, 11]","[0, 1, 2, 3, 8, 10, 11]",154000.0,8.3,4.47213595499958,0.34615384615384615,0.4368421052631579,0.2672612419124244
V3fYc,Warming up a Riff,64,79,0.0,F,V,Bb major,(433221),4,3,3,2,2,1,15,6-36A,6,9,"[2, 3, 4, 5, 6, 9]","[0, 1, 4, 9, 10, 11]",156000.0,6.3,2.8284271247461903,0.23076923076923078,0.33157894736842103,0.16903085094570333
V3fYc,Warming up a Riff,65,80,0.0,B-,I,Bb major,(667773),6,6,7,7,7,3,36,9-11B,9,10,"[0, 1, 2, 4, 5, 6, 7, 9, 10]","[0, 2, 3, 4, 6, 7, 8, 9, 11]",158000.0,11.4,9.1104335791443,0.6346153846153846,0.6,0.5444525428617002
V3fYc,Warming up a Riff,66,81,0.0,F,V,Bb major,(342231),3,4,2,2,3,1,15,6-9A,6,8,"[0, 1, 2, 3, 5, 7]","[0, 2, 7, 8, 9, 10]",160000.0,5.8,9.1104335791443,0.23076923076923078,0.30526315789473685,0.5444525428617002
V3fYc,Warming up a Riff,67,83,0.0,B-,I,Bb major,(020100),0,2,0,1,0,0,3,3-6,3,3,"[0, 2, 10]","[0, 2, 4]",164000.0,1.0,5.291502622129181,0.0,0.05263157894736842,0.31622776601683794
V3fYc,Warming up a Riff,68,84,0.0,F,V,Bb major,(433221),4,3,3,2,2,1,15,6-3A,6,7,"[0, 2, 3, 9, 10, 11]","[4, 5, 6, 7, 9, 10]",166000.0,6.3,5.656854249492381,0.23076923076923078,0.33157894736842103,0.33806170189140666
V3fYc,Warming up a Riff,69,85,0.0,B-,I,Bb major,(344352),3,4,4,3,5,2,21,7-29B,7,8,"[0, 1, 2, 5, 7, 8, 10]","[0, 2, 3, 4, 7, 9, 10]",168000.0,6.6,3.7416573867739413,0.34615384615384615,0.34736842105263155,0.22360679774997896
V3fYc,Warming up a Riff,70,87,0.0,E-,IV,Bb major,(344451),3,4,4,4,5,1,21,7-27B,7,8,"[0, 2, 3, 5, 6, 7, 10]","[0, 2, 3, 4, 7, 9, 11]",172000.0,5.8,1.4142135623730951,0.34615384615384615,0.30526315789473685,0.08451542547285167
V3fYc,Warming up a Riff,71,88,0.0,E-,IV,Bb major,(445332),4,4,5,3,3,2,21,7-10B,7,8,"[0, 3, 6, 8, 9, 10, 11]","[0, 3, 5, 6, 7, 8, 9]",174000.0,7.6,2.8284271247461903,0.34615384615384615,0.39999999999999997,0.16903085094570333
V3fYc,Warming up a Riff,72,89,0.0,A-,bVII,Bb major,(444342),4,4,4,3,4,2,21,7-36B,7,8,"[0, 1, 2, 3, 7, 9, 10]","[1, 2, 4, 5, 6, 7, 11]",176000.0,7.6,1.4142135623730951,0.34615384615384615,0.39999999999999997,0.08451542547285167
V3fYc,Warming up a Riff,73,90,0.0,B-,I,Bb major,(344451),3,4,4,4,5,1,21,7-27B,7,11,"[0, 1, 2, 5, 7, 9, 10]","[0, 2, 3, 4, 7, 9, 11]",178000.0,5.8,2.0,0.34615384615384615,0.30526315789473685,0.11952286093343936
V3fYc,Warming up a Riff,74,91,0.0,B-,I,Bb major,(011010),0,1,1,0,1,0,3,3-7B,3,4,"[2, 5, 7]","[4, 7, 9]",180000.0,0.5,7.745966692414834,0.0,0.02631578947368421,0.46291004988627577
V3fYc,Warming up a Riff,75,92,0.0,C,II,Bb major,(102111),1,0,2,1,1,1,6,4-18A,4,4,"[3, 4, 7, 10]","[3, 4, 7, 10]",182000.0,1.8,2.23606797749979,0.057692307692307696,0.09473684210526316,0.1336306209562122
V3fYc,Warming up a Riff,76,93,0.0,C,II,Bb major,(143250),1,4,3,2,5,0,15,6-32,6,8,"[0, 2, 5, 7, 9, 10]","[0, 2, 5, 7, 9, 10]",184000.0,3.0,5.916079783099616,0.23076923076923078,0.15789473684210525,0.3535533905932738
V3fYc,Warming up a Riff,77,94,0.0,C,II,Bb major,(445332),4,4,5,3,3,2,21,7-10A,7,9,"[0, 3, 6, 7, 8, 9, 10]","[0, 3, 6, 7, 8, 9, 10]",186000.0,7.6,4.69041575982343,0.34615384615384615,0.39999999999999997,0.2803059552906941
V3fYc,Warming up a Riff,78,95,0.0,G,VI,Bb major,(225222),2,2,5,2,2,2,15,6-27A,6,8,"[0, 2, 3, 5, 8, 11]","[1, 4, 5, 7, 8, 10]",188000.0,4.6,3.1622776601683795,0.23076923076923078,0.2421052631578947,0.18898223650461363
V3fYc,Warming up a Riff,79,96,0.0,C,II,Bb major,(143250),1,4,3,2,5,0,15,6-32,6,7,"[0, 2, 3, 5, 7, 10]","[0, 2, 3, 5, 7, 10]",190000.0,3.0,4.69041575982343,0.23076923076923078,0.15789473684210525,0.2803059552906941
V3fYc,Warming up a Riff,80,98,0.0,B-,I,Bb major,(012120),0,1,2,1,2,0,6,4-26,4,5,"[2, 5, 7, 10]","[0, 4, 7, 9]",194000.0,0.5,4.58257569495584,0.057692307692307696,0.02631578947368421,0.27386127875258304
V3fYc,Warming up a Riff,81,99,0.0,B-,I,Bb major,(012120),0,1,2,1,2,0,6,4-26,4,5,"[2, 5, 7, 10]","[0, 4, 7, 9]",196000.0,0.5,0.0,0.057692307692307696,0.02631578947368421,0.0
V3fYc,Warming up a Riff,82,101,0.0,B-,I,Bb major,(465562),4,6,5,5,6,2,28,8-22B,8,8,"[0, 2, 3, 5, 6, 7, 8, 10]","[0, 2, 4, 5, 7, 8, 9, 10]",200000.0,8.6,9.273618495495704,0.4807692307692308,0.4526315789473684,0.5542047068934521
V3fYc,Warming up a Riff,83,102,0.0,E-,IV,Bb major,(143250),1,4,3,2,5,0,15,6-32,6,8,"[0, 2, 3, 5, 7, 10]","[0, 2, 4, 7, 9, 11]",202000.0,3.0,5.5677643628300215,0.23076923076923078,0.15789473684210525,0.33273756282434613
V3fYc,Warming up a Riff,84,103,0.0,E-,IV,Bb major,(233241),2,3,3,2,4,1,15,6-25A,6,9,"[2, 3, 5, 7, 8, 10]","[0, 2, 4, 5, 7, 11]",204000.0,4.3,2.0,0.23076923076923078,0.2263157894736842,0.11952286093343936
V3fYc,Warming up a Riff,85,104,0.0,E-,IV,Bb major,(111000),1,1,1,0,0,0,3,3-2B,3,4,"[3, 5, 6]","[0, 2, 3]",206000.0,1.5,5.477225575051661,0.0,0.07894736842105263,0.32732683535398854
V3fYc,Warming up a Riff,86,106,0.0,B-,I,Bb major,(655552),6,5,5,5,5,2,28,8-4A,8,9,"[2, 3, 4, 5, 6, 7, 9, 10]","[0, 4, 5, 6, 7, 8, 9, 11]",210000.0,10.1,10.535653752852738,0.4807692307692308,0.531578947368421,0.6296257391725432
V3fYc,Warming up a Riff,87,107,0.0,B-,I,Bb major,(345342),3,4,5,3,4,2,21,7-25A,7,8,"[0, 1, 2, 4, 5, 7, 10]","[0, 2, 3, 4, 6, 7, 9]",212000.0,6.6,3.872983346207417,0.34615384615384615,0.34736842105263155,0.23145502494313788
V3fYc,Warming up a Riff,88,108,0.0,C,II,Bb major,(132130),1,3,2,1,3,0,10,5-23A,5,8,"[0, 2, 7, 9, 10]","[0, 2, 7, 9, 10]",214000.0,2.5,4.795831523312719,0.1346153846153846,0.13157894736842105,0.2866057521105554
V3fYc,Warming up a Riff,89,109,0.0,C,II,Bb major,(234222),2,3,4,2,2,2,15,6-23,6,8,"[0, 4, 6, 7, 9, 10]","[0, 4, 6, 7, 9, 10]",216000.0,5.1,3.3166247903554,0.23076923076923078,0.26842105263157895,0.19820624179302296
V3fYc,Warming up a Riff,90,110,0.0,C,II,Bb major,(342231),3,4,2,2,3,1,15,6-9B,6,8,"[0, 5, 7, 9, 10, 11]","[0, 5, 7, 9, 10, 11]",218000.0,5.8,2.8284271247461903,0.23076923076923078,0.30526315789473685,0.16903085094570333
V3fYc,Warming up a Riff,91,111,0.0,F,V,Bb major,(121110),1,2,1,1,1,0,6,4-11A,4,5,"[0, 2, 9, 10]","[4, 5, 7, 9]",220000.0,2.0,3.872983346207417,0.057692307692307696,0.10526315789473684,0.23145502494313788
V3fYc,Warming up a Riff,92,112,0.0,B-,I,Bb major,(122230),1,2,2,2,3,0,10,5-27A,5,6,"[0, 2, 5, 9, 10]","[0, 2, 4, 7, 11]",222000.0,2.0,2.449489742783178,0.1346153846153846,0.10526315789473684,0.14638501094227996
V3fYc,Warming up a Riff,93,114,0.0,C#,bIII,Bb major,(122230),1,2,2,2,3,0,10,5-27B,5,6,"[1, 3, 4, 8, 11]","[0, 2, 3, 7, 10]",226000.0,2.0,0.0,0.1346153846153846,0.10526315789473684,0.0
V3fYc,Warming up a Riff,94,115,0.0,F#,bVI,Bb major,(241422),2,4,1,4,2,2,15,6-22A,6,8,"[2, 3, 4, 6, 8, 10]","[0, 2, 4, 8, 9, 10]",228000.0,5.6,3.872983346207417,0.23076923076923078,0.29473684210526313,0.23145502494313788
V3fYc,Warming up a Riff,95,116,0.0,B,bII,Bb major,(232341),2,3,2,3,4,1,15,6-48,6,6,"[1, 2, 3, 6, 8, 10]","[2, 3, 4, 7, 9, 11]",230000.0,4.3,2.8284271247461903,0.23076923076923078,0.2263157894736842,0.16903085094570333
V3fYc,Warming up a Riff,96,117,0.0,B,bII,Bb major,(143250),1,4,3,2,5,0,15,6-32,6,7,"[1, 3, 6, 8, 10, 11]","[0, 2, 4, 7, 9, 11]",232000.0,3.0,2.449489742783178,0.23076923076923078,0.15789473684210525,0.14638501094227996
V3fYc,Warming up a Riff,97,118,0.0,B,bII,Bb major,(122230),1,2,2,2,3,0,10,5-27B,5,5,"[1, 2, 6, 9, 11]","[0, 2, 3, 7, 10]",234000.0,2.0,3.0,0.1346153846153846,0.10526315789473684,0.17928429140015903
V3fYc,Warming up a Riff,98,119,0.0,E,#IV,Bb major,(333231),3,3,3,2,3,1,15,6-40B,6,9,"[1, 2, 3, 4, 8, 11]","[0, 4, 7, 9, 10, 11]",236000.0,5.3,2.6457513110645907,0.23076923076923078,0.2789473684210526,0.15811388300841897
V3fYc,Warming up a Riff,99,120,0.0,A,VII,Bb major,(101310),1,0,1,3,1,0,6,4-19A,4,4,"[0, 1, 4, 8]","[3, 4, 7, 11]",238000.0,1.0,4.795831523312719,0.057692307692307696,0.05263157894736842,0.2866057521105554
V3fYc,Warming up a Riff,100,121,0.0,A,VII,Bb major,(122230),1,2,2,2,3,0,10,5-27A,5,8,"[1, 4, 8, 9, 11]","[0, 2, 4, 7, 11]",240000.0,2.0,3.1622776601683795,0.1346153846153846,0.10526315789473684,0.18898223650461363
V3fYc,Warming up a Riff,101,122,0.0,A,VII,Bb major,(444342),4,4,4,3,4,2,21,7-12,7,7,"[2, 4, 7, 8, 9, 10, 11]","[0, 1, 2, 5, 7, 10, 11]",242000.0,7.6,4.795831523312719,0.34615384615384615,0.39999999999999997,0.2866057521105554
V3fYc,Warming up a Riff,102,123,0.0,D,III,Bb major,(345342),3,4,5,3,4,2,21,7-25A,7,8,"[0, 2, 3, 4, 6, 7, 9]","[0, 1, 2, 4, 5, 7, 10]",244000.0,6.6,1.4142135623730951,0.34615384615384615,0.34736842105263155,0.08451542547285167
V3fYc,Warming up a Riff,103,124,0.0,G,VI,Bb major,(012120),0,1,2,1,2,0,6,4-26,4,8,"[2, 4, 7, 11]","[0, 4, 7, 9]",246000.0,0.5,6.244997998398398,0.057692307692307696,0.02631578947368421,0.37321001364608947
V3fYc,Warming up a Riff,104,126,0.0,G,VI,Bb major,(342231),3,4,2,2,3,1,15,6-9B,6,9,"[0, 2, 4, 5, 6, 7]","[0, 5, 7, 9, 10, 11]",250000.0,5.8,4.58257569495584,0.23076923076923078,0.30526315789473685,0.27386127875258304
V3fYc,Warming up a Riff,105,127,0.0,C,II,Bb major,(335442),3,3,5,4,4,2,21,7-32A,7,9,"[1, 2, 4, 5, 7, 9, 10]","[1, 2, 4, 5, 7, 9, 10]",252000.0,6.1,4.0,0.34615384615384615,0.32105263157894737,0.23904572186687872
V3fYc,Warming up a Riff,106,128,0.0,C,II,Bb major,(655552),6,5,5,5,5,2,28,8-4B,8,8,"[0, 1, 2, 6, 7, 9, 10, 11]","[0, 1, 2, 6, 7, 9, 10, 11]",254000.0,10.1,3.872983346207417,0.4807692307692308,0.531578947368421,0.23145502494313788
V3fYc,Warming up a Riff,107,129,0.0,F,V,Bb major,(333321),3,3,3,3,2,1,15,6-10A,6,8,"[2, 3, 5, 6, 7, 9]","[0, 1, 2, 4, 9, 10]",256000.0,5.3,5.5677643628300215,0.23076923076923078,0.2789473684210526,0.33273756282434613
V3fYc,Warming up a Riff,108,131,0.0,B-,I,Bb major,(111000),1,1,1,0,0,0,3,3-2A,3,4,"[2, 3, 5]","[4, 5, 7]",260000.0,1.5,5.0990195135927845,0.0,0.07894736842105263,0.304724700110022
V3fYc,Warming up a Riff,109,132,0.0,F,V,Bb major,(100011),1,0,0,0,1,1,3,3-5A,3,5,"[2, 3, 8]","[3, 9, 10]",262000.0,1.8,2.0,0.0,0.09473684210526316,0.11952286093343936
V3fYc,Warming up a Riff,110,133,0.0,B-,I,Bb major,(333231),3,3,3,2,3,1,15,6-11B,6,9,"[0, 1, 2, 7, 9, 10]","[0, 2, 3, 4, 9, 11]",264000.0,5.3,5.477225575051661,0.23076923076923078,0.2789473684210526,0.32732683535398854
V3fYc,Warming up a Riff,111,135,0.0,E-,IV,Bb major,(111000),1,1,1,0,0,0,3,3-2A,3,4,"[7, 8, 10]","[4, 5, 7]",268000.0,1.5,5.0990195135927845,0.0,0.07894736842105263,0.304724700110022
V3fYc,Warming up a Riff,112,136,0.0,E-,IV,Bb major,(212221),2,1,2,2,2,1,10,5-18B,5,8,"[0, 1, 6, 8, 9]","[3, 5, 6, 9, 10]",270000.0,3.3,3.3166247903554,0.1346153846153846,0.17368421052631577,0.19820624179302296
V3fYc,Warming up a Riff,113,137,0.0,A-,bVII,Bb major,(111000),1,1,1,0,0,0,3,3-2B,3,3,"[6, 8, 9]","[0, 1, 10]",272000.0,1.5,3.3166247903554,0.0,0.07894736842105263,0.19820624179302296
V3fYc,Warming up a Riff,114,138,0.0,B-,I,Bb major,(310132),3,1,0,1,3,2,10,5-7A,5,5,"[3, 4, 5, 9, 10]","[0, 5, 6, 7, 11]",274000.0,5.1,4.358898943540674,0.1346153846153846,0.26842105263157895,0.26049403612586386
V3fYc,Warming up a Riff,115,139,0.0,B-,I,Bb major,(343230),3,4,3,2,3,0,15,6-8,6,8,"[0, 2, 7, 9, 10, 11]","[0, 1, 2, 4, 9, 11]",276000.0,5.0,4.795831523312719,0.23076923076923078,0.2631578947368421,0.2866057521105554
V3fYc,Warming up a Riff,116,140,0.0,C,II,Bb major,(132130),1,3,2,1,3,0,10,5-23B,5,5,"[0, 2, 4, 5, 7]","[0, 2, 4, 5, 7]",278000.0,2.5,2.6457513110645907,0.1346153846153846,0.13157894736842105,0.15811388300841897
V3fYc,Warming up a Riff,117,141,0.0,C,II,Bb major,(101100),1,0,1,1,0,0,3,3-3A,3,3,"[1, 9, 10]","[1, 9, 10]",280000.0,1.0,4.358898943540674,0.0,0.05263157894736842,0.26049403612586386
V3fYc,Warming up a Riff,118,142,0.0,C,II,Bb major,(333231),3,3,3,2,3,1,15,6-40A,6,7,"[0, 1, 3, 6, 10, 11]","[0, 1, 3, 6, 10, 11]",282000.0,5.3,5.291502622129181,0.23076923076923078,0.2789473684210526,0.31622776601683794
V3fYc,Warming up a Riff,119,143,0.0,F,V,Bb major,(212100),2,1,2,1,0,0,6,4-3,4,5,"[0, 1, 9, 10]","[4, 5, 7, 8]",284000.0,2.5,4.123105625617661,0.057692307692307696,0.13157894736842105,0.24640269015229058
V3fYc,Warming up a Riff,120,144,0.0,B-,I,Bb major,(321000),3,2,1,0,0,0,6,4-1,4,5,"[3, 4, 5, 6]","[5, 6, 7, 8]",286000.0,4.0,2.0,0.057692307692307696,0.21052631578947367,0.11952286093343936
V3fYc,Warming up a Riff,121,145,0.0,C,II,Bb major,(111120),1,1,1,1,2,0,6,4-14B,4,4,"[0, 5, 9, 10]","[0, 5, 9, 10]",288000.0,1.5,3.1622776601683795,0.057692307692307696,0.07894736842105263,0.18898223650461363
WG3yc,Bloomdido,0,1,0.0,B-,I,Bb major,(011010),0,1,1,0,1,0,3,3-7B,3,5,"[0, 7, 10]","[0, 2, 9]",0.0,0.5,0.0,0.0,0.02631578947368421,0.0
WG3yc,Bloomdido,1,2,0.0,B-,I,Bb major,(011010),0,1,1,0,1,0,3,3-7A,3,5,"[0, 2, 5]","[2, 4, 7]",2000.0,0.5,0.0,0.0,0.02631578947368421,0.0
WG3yc,Bloomdido,2,3,0.0,B-,I,Bb major,(232341),2,3,2,3,4,1,15,6-26,6,8,"[0, 2, 3, 7, 8, 10]","[0, 2, 4, 5, 9, 10]",4000.0,4.3,5.291502622129181,0.23076923076923078,0.2263157894736842,0.31622776601683794
WG3yc,Bloomdido,3,4,0.0,B-,I,Bb major,(321121),3,2,1,1,2,1,10,5-5A,5,6,"[0, 5, 6, 7, 8]","[2, 7, 8, 9, 10]",6000.0,4.8,3.3166247903554,0.1346153846153846,0.25263157894736843,0.19820624179302296
WG3yc,Bloomdido,4,5,0.0,E-,IV,Bb major,(032221),0,3,2,2,2,1,10,5-34,5,6,"[1, 3, 5, 7, 10]","[0, 2, 4, 7, 10]",8000.0,2.3,3.4641016151377544,0.1346153846153846,0.12105263157894736,0.20701966780270625
WG3yc,Bloomdido,5,6,0.0,E-,IV,Bb major,(211231),2,1,1,2,3,1,10,5-20B,5,7,"[0, 1, 5, 6, 10]","[2, 3, 7, 9, 10]",10000.0,3.3,3.1622776601683795,0.1346153846153846,0.17368421052631577,0.18898223650461363
WG3yc,Bloomdido,6,7,0.0,B-,I,Bb major,(111000),1,1,1,0,0,0,3,3-2A,3,3,"[0, 9, 10]","[0, 2, 11]",12000.0,1.5,3.872983346207417,0.0,0.07894736842105263,0.23145502494313788
WG3yc,Bloomdido,7,8,0.0,D-,bIII,Bb major,(143250),1,4,3,2,5,0,15,6-32,6,6,"[1, 3, 4, 6, 8, 11]","[0, 2, 3, 5, 7, 10]",14000.0,3.0,6.48074069840786,0.23076923076923078,0.15789473684210525,0.3872983346207417
WG3yc,Bloomdido,8,9,0.0,C,II,Bb major,(332110),3,3,2,1,1,0,10,5-2B,5,7,"[0, 7, 9, 10, 11]","[0, 7, 9, 10, 11]",16000.0,4.5,4.795831523312719,0.1346153846153846,0.23684210526315788,0.2866057521105554
WG3yc,Bloomdido,9,10,0.0,F,V,Bb major,(122311),1,2,2,3,1,1,10,5-26A,5,8,"[0, 2, 3, 6, 10]","[1, 5, 7, 9, 10]",18000.0,2.8,3.1622776601683795,0.1346153846153846,0.14736842105263157,0.18898223650461363
WG3yc,Bloomdido,10,11,0.0,B-,I,Bb major,(100110),1,0,0,1,1,0,3,3-4B,3,12,"[2, 3, 10]","[0, 4, 5]",20000.0,1.0,3.605551275463989,0.0,0.05263157894736842,0.21547290184283363
WG3yc,Bloomdido,11,13,0.0,B-,I,Bb major,(011010),0,1,1,0,1,0,3,3-7B,3,5,"[0, 7, 10]","[0, 2, 9]",24000.0,0.5,2.0,0.0,0.02631578947368421,0.11952286093343936
WG3yc,Bloomdido,12,14,0.0,B-,I,Bb major,(011010),0,1,1,0,1,0,3,3-7A,3,5,"[0, 2, 5]","[2, 4, 7]",26000.0,0.5,0.0,0.0,0.02631578947368421,0.0
WG3yc,Bloomdido,13,15,0.0,B-,I,Bb major,(232341),2,3,2,3,4,1,15,6-26,6,8,"[0, 2, 3, 7, 8, 10]","[0, 2, 4, 5, 9, 10]",28000.0,4.3,5.291502622129181,0.23076923076923078,0.2263157894736842,0.31622776601683794
WG3yc,Bloomdido,14,16,0.0,B-,I,Bb major,(321121),3,2,1,1,2,1,10,5-5A,5,6,"[0, 5, 6, 7, 8]","[2, 7, 8, 9, 10]",30000.0,4.8,3.3166247903554,0.1346153846153846,0.25263157894736843,0.19820624179302296
WG3yc,Bloomdido,15,17,0.0,E-,IV,Bb major,(032221),0,3,2,2,2,1,10,5-34,5,6,"[1, 3, 5, 7, 10]","[0, 2, 4, 7, 10]",32000.0,2.3,3.4641016151377544,0.1346153846153846,0.12105263157894736,0.20701966780270625
WG3yc,Bloomdido,16,18,0.0,E-,IV,Bb major,(211231),2,1,1,2,3,1,10,5-20B,5,7,"[0, 1, 5, 6, 10]","[2, 3, 7, 9, 10]",34000.0,3.3,3.1622776601683795,0.1346153846153846,0.17368421052631577,0.18898223650461363
WG3yc,Bloomdido,17,19,0.0,B-,I,Bb major,(111000),1,1,1,0,0,0,3,3-2A,3,3,"[0, 9, 10]","[0, 2, 11]",36000.0,1.5,3.872983346207417,0.0,0.07894736842105263,0.23145502494313788
WG3yc,Bloomdido,18,20,0.0,D-,bIII,Bb major,(143250),1,4,3,2,5,0,15,6-32,6,6,"[1, 3, 4, 6, 8, 11]","[0, 2, 3, 5, 7, 10]",38000.0,3.0,6.48074069840786,0.23076923076923078,0.15789473684210525,0.3872983346207417
WG3yc,Bloomdido,19,21,0.0,C,II,Bb major,(332110),3,3,2,1,1,0,10,5-2B,5,7,"[0, 7, 9, 10, 11]","[0, 7, 9, 10, 11]",40000.0,4.5,4.795831523312719,0.1346153846153846,0.23684210526315788,0.2866057521105554
WG3yc,Bloomdido,20,22,0.0,F,V,Bb major,(122311),1,2,2,3,1,1,10,5-26A,5,8,"[0, 2, 3, 6, 10]","[1, 5, 7, 9, 10]",42000.0,2.8,3.1622776601683795,0.1346153846153846,0.14736842105263157,0.18898223650461363
WG3yc,Bloomdido,21,23,0.0,B-,I,Bb major,(100110),1,0,0,1,1,0,3,3-4B,3,12,"[2, 3, 10]","[0, 4, 5]",44000.0,1.0,3.605551275463989,0.0,0.05263157894736842,0.21547290184283363
WG3yc,Bloomdido,22,25,0.0,B-,I,Bb major,(021030),0,2,1,0,3,0,6,4-23,4,7,"[3, 5, 8, 10]","[0, 5, 7, 10]",48000.0,1.0,3.3166247903554,0.057692307692307696,0.05263157894736842,0.19820624179302296
WG3yc,Bloomdido,23,26,0.0,E-,IV,Bb major,(224232),2,2,4,2,3,2,15,6-50,6,9,"[0, 1, 3, 6, 7, 10]","[0, 3, 4, 7, 9, 10]",50000.0,4.6,4.58257569495584,0.23076923076923078,0.2421052631578947,0.27386127875258304
WG3yc,Bloomdido,24,27,0.0,B-,I,Bb major,(344352),3,4,4,3,5,2,21,7-29A,7,8,"[0, 2, 3, 5, 8, 9, 10]","[0, 2, 4, 5, 7, 10, 11]",52000.0,6.6,3.1622776601683795,0.34615384615384615,0.34736842105263155,0.18898223650461363
WG3yc,Bloomdido,25,28,0.0,B-,I,Bb major,(142422),1,4,2,4,2,2,15,6-34A,6,8,"[0, 2, 5, 6, 8, 10]","[0, 2, 4, 7, 8, 10]",54000.0,4.6,4.242640687119285,0.23076923076923078,0.2421052631578947,0.25354627641855493
WG3yc,Bloomdido,26,29,0.0,E-,IV,Bb major,(032140),0,3,2,1,4,0,10,5-35,5,5,"[0, 3, 5, 7, 10]","[0, 2, 4, 7, 9]",56000.0,1.5,4.358898943540674,0.1346153846153846,0.07894736842105263,0.26049403612586386
WG3yc,Bloomdido,27,31,0.0,B-,I,Bb major,(344451),3,4,4,4,5,1,21,7-27B,7,8,"[0, 2, 3, 5, 6, 7, 10]","[0, 2, 4, 5, 7, 8, 9]",60000.0,5.8,5.0,0.34615384615384615,0.30526315789473685,0.2988071523335984
WG3yc,Bloomdido,28,32,0.0,G,VI,Bb major,(114112),1,1,4,1,1,2,10,5-31B,5,9,"[2, 5, 7, 8, 11]","[0, 1, 4, 7, 10]",62000.0,3.1,6.244997998398398,0.1346153846153846,0.1631578947368421,0.37321001364608947
WG3yc,Bloomdido,29,33,0.0,C,II,Bb major,(122230),1,2,2,2,3,0,10,5-27B,5,8,"[0, 2, 3, 7, 10]","[0, 2, 3, 7, 10]",64000.0,2.0,3.7416573867739413,0.1346153846153846,0.10526315789473684,0.22360679774997896
WG3yc,Bloomdido,30,34,0.0,F,V,Bb major,(001110),0,0,1,1,1,0,3,3-11B,3,5,"[0, 5, 9]","[0, 4, 7]",66000.0,0.0,3.3166247903554,0.0,0.0,0.19820624179302296
WG3yc,Bloomdido,31,37,0.0,B-,I,Bb major,(333231),3,3,3,2,3,1,15,6-40B,6,8,"[2, 5, 7, 8, 9, 10]","[0, 4, 7, 9, 10, 11]",72000.0,5.3,5.291502622129181,0.23076923076923078,0.2789473684210526,0.31622776601683794
WG3yc,Bloomdido,32,38,0.0,E-,IV,Bb major,(234222),2,3,4,2,2,2,15,6-23,6,8,"[0, 1, 3, 7, 9, 10]","[0, 4, 6, 7, 9, 10]",74000.0,5.1,2.0,0.23076923076923078,0.26842105263157895,0.11952286093343936
WG3yc,Bloomdido,33,39,0.0,B-,I,Bb major,(465472),4,6,5,4,7,2,28,8-23,8,9,"[0, 2, 3, 4, 5, 7, 9, 10]","[0, 2, 4, 5, 6, 7, 9, 11]",76000.0,8.6,6.557438524302,0.4807692307692308,0.4526315789473684,0.3918819064098629
WG3yc,Bloomdido,34,40,0.0,F,V,Bb major,(101100),1,0,1,1,0,0,3,3-3B,3,4,"[0, 8, 11]","[3, 6, 7]",78000.0,1.0,11.090536506409418,0.0,0.05263157894736842,0.6627863262664027
WG3yc,Bloomdido,35,40,2.0,B-,I,Bb major,(122010),1,2,2,0,1,0,6,4-10,4,4,"[4, 6, 7, 9]","[6, 8, 9, 11]",79000.0,2.0,2.6457513110645907,0.057692307692307696,0.10526315789473684,0.15811388300841897
WG3yc,Bloomdido,36,41,0.0,E-,IV,Bb major,(353442),3,5,3,4,4,2,21,7-24B,7,9,"[1, 3, 5, 6, 7, 8, 11]","[0, 2, 3, 4, 5, 8, 10]",80000.0,7.1,6.557438524302,0.34615384615384615,0.3736842105263158,0.3918819064098629
WG3yc,Bloomdido,37,42,0.0,E-,IV,Bb major,(344451),3,4,4,4,5,1,21,7-27B,7,9,"[0, 1, 2, 5, 7, 9, 10]","[2, 4, 6, 7, 9, 10, 11]",82000.0,5.8,2.0,0.34615384615384615,0.30526315789473685,0.11952286093343936
WG3yc,Bloomdido,38,43,0.0,B-,I,Bb major,(433221),4,3,3,2,2,1,15,6-3B,6,9,"[0, 6, 7, 9, 10, 11]","[0, 1, 2, 8, 9, 11]",84000.0,6.3,4.0,0.23076923076923078,0.33157894736842103,0.23904572186687872
WG3yc,Bloomdido,39,44,0.0,G,VI,Bb major,(335442),3,3,5,4,4,2,21,7-32A,7,8,"[0, 2, 3, 5, 7, 8, 11]","[0, 1, 4, 5, 7, 8, 10]",86000.0,6.1,3.7416573867739413,0.34615384615384615,0.32105263157894737,0.22360679774997896
WG3yc,Bloomdido,40,45,0.0,C,II,Bb major,(122230),1,2,2,2,3,0,10,5-27B,5,7,"[0, 2, 3, 7, 10]","[0, 2, 3, 7, 10]",88000.0,2.0,4.795831523312719,0.1346153846153846,0.10526315789473684,0.2866057521105554
WG3yc,Bloomdido,41,46,0.0,F,V,Bb major,(121110),1,2,1,1,1,0,6,4-11B,4,4,"[5, 7, 9, 10]","[0, 2, 4, 5]",90000.0,2.0,2.449489742783178,0.057692307692307696,0.10526315789473684,0.14638501094227996
WG3yc,Bloomdido,42,47,0.0,B-,I,Bb major,(111120),1,1,1,1,2,0,6,4-14B,4,6,"[2, 3, 5, 10]","[0, 4, 5, 7]",92000.0,1.5,1.4142135623730951,0.057692307692307696,0.07894736842105263,0.08451542547285167
WG3yc,Bloomdido,43,49,0.0,B-,I,Bb major,(223111),2,2,3,1,1,1,10,5-10B,5,10,"[0, 1, 3, 4, 10]","[0, 2, 3, 5, 6]",96000.0,3.8,2.8284271247461903,0.1346153846153846,0.19999999999999998,0.16903085094570333
WG3yc,Bloomdido,44,50,0.0,B-,I,Bb major,(021030),0,2,1,0,3,0,6,4-23,4,7,"[3, 5, 8, 10]","[0, 5, 7, 10]",98000.0,1.0,3.7416573867739413,0.057692307692307696,0.05263157894736842,0.22360679774997896
WG3yc,Bloomdido,45,51,0.0,B-,I,Bb major,(233331),2,3,3,3,3,1,15,6-46A,6,9,"[1, 2, 3, 5, 7, 10]","[0, 3, 4, 5, 7, 9]",100000.0,4.3,4.358898943540674,0.23076923076923078,0.2263157894736842,0.26049403612586386
WG3yc,Bloomdido,46,52,0.0,B-,I,Bb major,(143241),1,4,3,2,4,1,15,6-33B,6,8,"[1, 4, 6, 8, 10, 11]","[0, 1, 3, 6, 8, 10]",102000.0,3.8,2.0,0.23076923076923078,0.19999999999999998,0.11952286093343936
WG3yc,Bloomdido,47,53,0.0,E-,IV,Bb major,(032221),0,3,2,2,2,1,10,5-34,5,8,"[1, 3, 5, 7, 10]","[0, 2, 4, 7, 10]",104000.0,2.3,2.6457513110645907,0.1346153846153846,0.12105263157894736,0.15811388300841897
WG3yc,Bloomdido,48,54,0.0,E-,IV,Bb major,(333231),3,3,3,2,3,1,15,6-40A,6,10,"[0, 2, 5, 9, 10, 11]","[2, 6, 7, 8, 9, 11]",106000.0,5.3,3.3166247903554,0.23076923076923078,0.2789473684210526,0.19820624179302296
WG3yc,Bloomdido,49,56,0.0,B-,I,Bb major,(111000),1,1,1,0,0,0,3,3-2A,3,3,"[2, 3, 5]","[4, 5, 7]",110000.0,1.5,5.0990195135927845,0.0,0.07894736842105263,0.304724700110022
WG3yc,Bloomdido,50,57,0.0,C,II,Bb major,(210000),2,1,0,0,0,0,3,3-1,3,5,"[0, 1, 2]","[0, 1, 2]",112000.0,2.5,1.4142135623730951,0.0,0.13157894736842105,0.08451542547285167
WG3yc,Bloomdido,51,58,0.0,F,V,Bb major,(122311),1,2,2,3,1,1,10,5-26A,5,8,"[0, 3, 7, 9, 11]","[2, 4, 6, 7, 10]",114000.0,2.8,4.123105625617661,0.1346153846153846,0.14736842105263157,0.24640269015229058
WG3yc,Bloomdido,52,59,0.0,B-,I,Bb major,(110121),1,1,0,1,2,1,6,4-16A,4,6,"[0, 5, 6, 10]","[0, 2, 7, 8]",116000.0,2.3,3.1622776601683795,0.057692307692307696,0.12105263157894736,0.18898223650461363
WG3yc,Bloomdido,53,60,0.0,C,II,Bb major,(122010),1,2,2,0,1,0,6,4-10,4,5,"[0, 7, 9, 10]","[0, 7, 9, 10]",118000.0,2.0,2.8284271247461903,0.057692307692307696,0.10526315789473684,0.16903085094570333
WG3yc,Bloomdido,54,60,2.0,F,V,Bb major,(122010),1,2,2,0,1,0,6,4-10,4,4,"[0, 2, 3, 5]","[0, 7, 9, 10]",119000.0,2.0,0.0,0.057692307692307696,0.10526315789473684,0.0
WG3yc,Bloomdido,55,61,0.0,B-,I,Bb major,(210111),2,1,0,1,1,1,6,4-5A,4,6,"[4, 5, 6, 10]","[0, 6, 7, 8]",120000.0,3.3,2.8284271247461903,0.057692307692307696,0.17368421052631577,0.16903085094570333
WG3yc,Bloomdido,56,62,0.0,B-,I,Bb major,(444441),4,4,4,4,4,1,21,7-11A,7,8,"[0, 1, 2, 3, 5, 9, 10]","[0, 2, 3, 4, 5, 7, 11]",122000.0,6.8,6.855654600401044,0.34615384615384615,0.35789473684210527,0.4097037257057139
WG3yc,Bloomdido,57,63,0.0,B-,I,Bb major,(554331),5,5,4,3,3,1,21,7-2B,7,8,"[0, 5, 7, 8, 9, 10, 11]","[0, 1, 2, 7, 9, 10, 11]",124000.0,8.3,2.0,0.34615384615384615,0.4368421052631579,0.11952286093343936
WG3yc,Bloomdido,58,64,0.0,B-,I,Bb major,(122010),1,2,2,0,1,0,6,4-10,4,5,"[5, 7, 8, 10]","[0, 7, 9, 10]",126000.0,2.0,6.557438524302,0.057692307692307696,0.10526315789473684,0.3918819064098629
WG3yc,Bloomdido,59,65,0.0,E-,IV,Bb major,(555562),5,5,5,5,6,2,28,8-14A,8,12,"[1, 2, 3, 5, 6, 7, 8, 10]","[0, 2, 3, 4, 5, 7, 10, 11]",128000.0,9.1,9.38083151964686,0.4807692307692308,0.4789473684210526,0.5606119105813882
WG3yc,Bloomdido,60,66,0.0,E-,IV,Bb major,(332232),3,3,2,2,3,2,15,6-12B,6,7,"[3, 4, 6, 8, 9, 10]","[0, 1, 3, 5, 6, 7]",130000.0,6.1,5.916079783099616,0.23076923076923078,0.32105263157894737,0.3535533905932738
WG3yc,Bloomdido,61,67,0.0,B-,I,Bb major,(254361),2,5,4,3,6,1,21,7-35,7,9,"[0, 2, 3, 5, 7, 9, 10]","[0, 2, 4, 5, 7, 9, 11]",132000.0,5.3,4.47213595499958,0.34615384615384615,0.2789473684210526,0.2672612419124244
WG3yc,Bloomdido,62,68,0.0,D,III,Bb major,(122010),1,2,2,0,1,0,6,4-10,4,4,"[0, 2, 3, 5]","[0, 1, 3, 10]",134000.0,2.0,7.0,0.057692307692307696,0.10526315789473684,0.4183300132670378
WG3yc,Bloomdido,63,68,2.0,G,VI,Bb major,(112101),1,1,2,1,0,1,6,4-12A,4,4,"[5, 7, 8, 11]","[0, 1, 4, 10]",135000.0,2.3,2.0,0.057692307692307696,0.12105263157894736,0.11952286093343936
WG3yc,Bloomdido,64,69,0.0,C,II,Bb major,(122230),1,2,2,2,3,0,10,5-27B,5,8,"[0, 2, 3, 7, 10]","[0, 2, 3, 7, 10]",136000.0,2.0,3.4641016151377544,0.1346153846153846,0.10526315789473684,0.20701966780270625
WG3yc,Bloomdido,65,70,0.0,F,V,Bb major,(122230),1,2,2,2,3,0,10,5-27B,5,5,"[2, 5, 7, 9, 10]","[0, 2, 4, 5, 9]",138000.0,2.0,0.0,0.1346153846153846,0.10526315789473684,0.0
WG3yc,Bloomdido,66,71,0.0,B-,I,Bb major,(012120),0,1,2,1,2,0,6,4-26,4,4,"[2, 5, 7, 10]","[0, 4, 7, 9]",140000.0,0.5,2.0,0.057692307692307696,0.02631578947368421,0.11952286093343936
WG3yc,Bloomdido,67,72,2.0,F,V,Bb major,(011010),0,1,1,0,1,0,3,3-7B,3,4,"[0, 7, 10]","[2, 5, 7]",143000.0,0.5,1.7320508075688772,0.0,0.02631578947368421,0.10350983390135313
WRfYc,Mohawk (No. 2),0,2,0.0,B-,I,Bb major,(233331),2,3,3,3,3,1,15,6-24A,6,7,"[0, 2, 6, 7, 9, 10]","[0, 2, 4, 8, 9, 11]",2000.0,4.3,0.0,0.23076923076923078,0.2263157894736842,0.0
WRfYc,Mohawk (No. 2),1,3,0.0,E-,IV,Bb major,(012120),0,1,2,1,2,0,6,4-26,4,6,"[1, 3, 6, 10]","[0, 3, 7, 10]",4000.0,0.5,3.872983346207417,0.057692307692307696,0.02631578947368421,0.23145502494313788
WRfYc,Mohawk (No. 2),2,4,0.0,B-,I,Bb major,(254361),2,5,4,3,6,1,21,7-35,7,9,"[0, 1, 3, 5, 7, 8, 10]","[0, 2, 3, 5, 7, 9, 10]",6000.0,5.3,6.708203932499369,0.34615384615384615,0.2789473684210526,0.4008918628686366
WRfYc,Mohawk (No. 2),3,5,0.0,B-,I,Bb major,(020100),0,2,0,1,0,0,3,3-6,3,6,"[3, 5, 7]","[5, 7, 9]",8000.0,1.0,8.366600265340756,0.0,0.05263157894736842,0.5
WRfYc,Mohawk (No. 2),4,6,0.0,E-,IV,Bb major,(010020),0,1,0,0,2,0,3,3-9,3,6,"[0, 5, 10]","[2, 7, 9]",10000.0,0.5,2.449489742783178,0.0,0.02631578947368421,0.14638501094227996
WRfYc,Mohawk (No. 2),5,7,0.0,E-,IV,Bb major,(313431),3,1,3,4,3,1,15,6-19A,6,8,"[2, 3, 5, 6, 9, 10]","[0, 2, 3, 6, 7, 11]",12000.0,4.3,6.0,0.23076923076923078,0.2263157894736842,0.35856858280031806
WRfYc,Mohawk (No. 2),6,8,0.0,B-,I,Bb major,(001110),0,0,1,1,1,0,3,3-11B,3,4,"[0, 5, 9]","[2, 7, 11]",14000.0,0.0,5.291502622129181,0.0,0.0,0.31622776601683794
WRfYc,Mohawk (No. 2),7,9,0.0,G,VI,Bb major,(111120),1,1,1,1,2,0,6,4-14B,4,7,"[2, 3, 5, 10]","[3, 7, 8, 10]",16000.0,1.5,1.7320508075688772,0.057692307692307696,0.07894736842105263,0.10350983390135313
WRfYc,Mohawk (No. 2),8,10,0.0,C,II,Bb major,(001110),0,0,1,1,1,0,3,3-11A,3,7,"[2, 7, 10]","[2, 7, 10]",18000.0,0.0,1.7320508075688772,0.0,0.0,0.10350983390135313
WRfYc,Mohawk (No. 2),9,11,0.0,F,V,Bb major,(001110),0,0,1,1,1,0,3,3-11A,3,5,"[2, 7, 10]","[2, 5, 9]",20000.0,0.0,0.0,0.0,0.0,0.0
WRfYc,Mohawk (No. 2),10,12,0.0,B-,I,Bb major,(333231),3,3,3,2,3,1,15,6-40B,6,9,"[2, 5, 7, 8, 9, 10]","[0, 4, 7, 9, 10, 11]",22000.0,5.3,5.291502622129181,0.23076923076923078,0.2789473684210526,0.31622776601683794
WRfYc,Mohawk (No. 2),11,13,2.0,F,V,Bb major,(211110),2,1,1,1,1,0,6,4-4B,4,6,"[5, 8, 9, 10]","[0, 3, 4, 5]",25000.0,2.5,3.872983346207417,0.057692307692307696,0.13157894736842105,0.23145502494313788
WRfYc,Mohawk (No. 2),12,14,0.0,B-,I,Bb major,(233331),2,3,3,3,3,1,15,6-24A,6,7,"[0, 2, 6, 7, 9, 10]","[0, 2, 4, 8, 9, 11]",26000.0,4.3,4.123105625617661,0.23076923076923078,0.2263157894736842,0.24640269015229058
WRfYc,Mohawk (No. 2),13,15,0.0,E-,IV,Bb major,(012120),0,1,2,1,2,0,6,4-26,4,6,"[1, 3, 6, 10]","[0, 3, 7, 10]",28000.0,0.5,3.872983346207417,0.057692307692307696,0.02631578947368421,0.23145502494313788
WRfYc,Mohawk (No. 2),14,16,0.0,B-,I,Bb major,(254361),2,5,4,3,6,1,21,7-35,7,9,"[0, 1, 3, 5, 7, 8, 10]","[0, 2, 3, 5, 7, 9, 10]",30000.0,5.3,6.708203932499369,0.34615384615384615,0.2789473684210526,0.4008918628686366
WRfYc,Mohawk (No. 2),15,17,0.0,B-,I,Bb major,(020100),0,2,0,1,0,0,3,3-6,3,6,"[3, 5, 7]","[5, 7, 9]",32000.0,1.0,8.366600265340756,0.0,0.05263157894736842,0.5
WRfYc,Mohawk (No. 2),16,18,0.0,E-,IV,Bb major,(010020),0,1,0,0,2,0,3,3-9,3,6,"[0, 5, 10]","[2, 7, 9]",34000.0,0.5,2.449489742783178,0.0,0.02631578947368421,0.14638501094227996
WRfYc,Mohawk (No. 2),17,19,0.0,E-,IV,Bb major,(313431),3,1,3,4,3,1,15,6-19A,6,8,"[2, 3, 5, 6, 9, 10]","[0, 2, 3, 6, 7, 11]",36000.0,4.3,6.0,0.23076923076923078,0.2263157894736842,0.35856858280031806
WRfYc,Mohawk (No. 2),18,20,0.0,B-,I,Bb major,(001110),0,0,1,1,1,0,3,3-11B,3,4,"[0, 5, 9]","[2, 7, 11]",38000.0,0.0,5.291502622129181,0.0,0.0,0.31622776601683794
WRfYc,Mohawk (No. 2),19,21,0.0,G,VI,Bb major,(111120),1,1,1,1,2,0,6,4-14B,4,7,"[2, 3, 5, 10]","[3, 7, 8, 10]",40000.0,1.5,1.7320508075688772,0.057692307692307696,0.07894736842105263,0.10350983390135313
WRfYc,Mohawk (No. 2),20,22,0.0,C,II,Bb major,(001110),0,0,1,1,1,0,3,3-11A,3,7,"[2, 7, 10]","[2, 7, 10]",42000.0,0.0,1.7320508075688772,0.0,0.0,0.10350983390135313
WRfYc,Mohawk (No. 2),21,23,0.0,F,V,Bb major,(001110),0,0,1,1,1,0,3,3-11A,3,5,"[2, 7, 10]","[2, 5, 9]",44000.0,0.0,0.0,0.0,0.0,0.0
WRfYc,Mohawk (No. 2),22,24,0.0,B-,I,Bb major,(333231),3,3,3,2,3,1,15,6-40B,6,9,"[2, 5, 7, 8, 9, 10]","[0, 4, 7, 9, 10, 11]",46000.0,5.3,5.291502622129181,0.23076923076923078,0.2789473684210526,0.31622776601683794
WRfYc,Mohawk (No. 2),23,25,2.0,F,V,Bb major,(211110),2,1,1,1,1,0,6,4-4B,4,6,"[5, 8, 9, 10]","[0, 3, 4, 5]",49000.0,2.5,3.872983346207417,0.057692307692307696,0.13157894736842105,0.23145502494313788
WRfYc,Mohawk (No. 2),24,26,0.0,B-,I,Bb major,(021030),0,2,1,0,3,0,6,4-23,4,6,"[0, 5, 7, 10]","[0, 2, 7, 9]",50000.0,1.0,3.1622776601683795,0.057692307692307696,0.05263157894736842,0.18898223650461363
WRfYc,Mohawk (No. 2),25,27,0.0,E-,IV,Bb major,(122230),1,2,2,2,3,0,10,5-27B,5,8,"[0, 2, 3, 7, 10]","[0, 4, 7, 9, 11]",52000.0,2.0,2.449489742783178,0.1346153846153846,0.10526315789473684,0.14638501094227996
WRfYc,Mohawk (No. 2),26,28,0.0,B-,I,Bb major,(111120),1,1,1,1,2,0,6,4-14A,4,5,"[0, 5, 7, 8]","[2, 7, 9, 10]",54000.0,1.5,2.0,0.057692307692307696,0.07894736842105263,0.11952286093343936
WRfYc,Mohawk (No. 2),27,29,0.0,B-,I,Bb major,(112011),1,1,2,0,1,1,6,4-13B,4,4,"[0, 1, 7, 10]","[0, 2, 3, 9]",56000.0,2.3,2.0,0.057692307692307696,0.12105263157894736,0.11952286093343936
WRfYc,Mohawk (No. 2),28,30,0.0,E-,IV,Bb major,(143250),1,4,3,2,5,0,15,6-32,6,7,"[0, 1, 3, 5, 8, 10]","[0, 2, 5, 7, 9, 10]",58000.0,3.0,5.5677643628300215,0.23076923076923078,0.15789473684210525,0.33273756282434613
WRfYc,Mohawk (No. 2),29,32,0.0,B-,I,Bb major,(433221),4,3,3,2,2,1,15,6-36B,6,10,"[1, 2, 3, 4, 5, 10]","[0, 3, 4, 5, 6, 7]",62000.0,6.3,4.47213595499958,0.23076923076923078,0.33157894736842103,0.2672612419124244
WRfYc,Mohawk (No. 2),30,33,0.0,B-,I,Bb major,(777663),7,7,7,6,6,3,36,9-2B,9,9,"[0, 1, 2, 5, 7, 8, 9, 10, 11]","[0, 1, 2, 3, 4, 7, 9, 10, 11]",64000.0,12.9,8.774964387392123,0.6346153846153846,0.6789473684210526,0.5244044240850758
WRfYc,Mohawk (No. 2),31,34,0.0,C,II,Bb major,(556453),5,5,6,4,5,3,28,8-13A,8,11,"[0, 3, 4, 5, 6, 7, 9, 10]","[0, 3, 4, 5, 6, 7, 9, 10]",66000.0,9.9,3.7416573867739413,0.4807692307692308,0.5210526315789474,0.22360679774997896
WRfYc,Mohawk (No. 2),32,35,0.0,F,V,Bb major,(677673),6,7,7,6,7,3,36,9-7A,9,12,"[0, 2, 3, 4, 5, 6, 7, 9, 10]","[0, 1, 2, 4, 5, 7, 9, 10, 11]",68000.0,11.9,3.7416573867739413,0.6346153846153846,0.6263157894736843,0.22360679774997896
WRfYc,Mohawk (No. 2),33,36,0.0,B-,I,Bb major,(221100),2,2,1,1,0,0,6,4-2B,4,5,"[0, 1, 2, 10]","[0, 2, 3, 4]",70000.0,3.0,12.649110640673518,0.057692307692307696,0.15789473684210525,0.7559289460184545
WRfYc,Mohawk (No. 2),34,37,2.0,F,V,Bb major,(001110),0,0,1,1,1,0,3,3-11B,3,3,"[2, 5, 10]","[0, 5, 9]",73000.0,0.0,3.0,0.0,0.0,0.17928429140015903
WRfYc,Mohawk (No. 2),35,38,0.0,B-,I,Bb major,(123121),1,2,3,1,2,1,10,5-25A,5,10,"[1, 5, 7, 8, 10]","[0, 3, 7, 9, 10]",74000.0,2.8,3.3166247903554,0.1346153846153846,0.14736842105263157,0.19820624179302296
WRfYc,Mohawk (No. 2),36,39,0.0,E-,IV,Bb major,(233331),2,3,3,3,3,1,15,6-46A,6,8,"[1, 2, 3, 5, 7, 10]","[0, 2, 4, 7, 10, 11]",76000.0,4.3,2.6457513110645907,0.23076923076923078,0.2263157894736842,0.15811388300841897
WRfYc,Mohawk (No. 2),37,40,0.0,B-,I,Bb major,(222121),2,2,2,1,2,1,10,5-12,5,7,"[2, 3, 5, 7, 8]","[4, 5, 7, 9, 10]",78000.0,3.8,2.6457513110645907,0.1346153846153846,0.19999999999999998,0.15811388300841897
WRfYc,Mohawk (No. 2),38,41,0.0,B-,I,Bb major,(432100),4,3,2,1,0,0,10,5-1,5,5,"[4, 5, 6, 7, 8]","[6, 7, 8, 9, 10]",80000.0,5.5,3.1622776601683795,0.1346153846153846,0.2894736842105263,0.18898223650461363
WRfYc,Mohawk (No. 2),39,42,0.0,E-,IV,Bb major,(223111),2,2,3,1,1,1,10,5-10A,5,5,"[0, 1, 3, 9, 10]","[0, 6, 7, 9, 10]",82000.0,3.8,2.8284271247461903,0.1346153846153846,0.19999999999999998,0.16903085094570333
WRfYc,Mohawk (No. 2),40,43,0.0,E-,IV,Bb major,(444441),4,4,4,4,4,1,21,7-11B,7,13,"[0, 1, 5, 7, 8, 9, 10]","[2, 4, 5, 6, 7, 9, 10]",84000.0,6.8,5.196152422706632,0.34615384615384615,0.35789473684210527,0.3105295017040594
WRfYc,Mohawk (No. 2),41,44,0.0,B-,I,Bb major,(456562),4,5,6,5,6,2,28,8-26,8,16,"[0, 2, 3, 5, 6, 7, 9, 10]","[0, 2, 4, 5, 7, 8, 9, 11]",86000.0,8.1,3.3166247903554,0.4807692307692308,0.4263157894736842,0.19820624179302296
WRfYc,Mohawk (No. 2),42,45,0.0,D,III,Bb major,(566452),5,6,6,4,5,2,28,8-10,8,8,"[0, 2, 5, 7, 8, 9, 10, 11]","[0, 3, 5, 6, 7, 8, 9, 10]",88000.0,9.6,2.0,0.4807692307692308,0.5052631578947369,0.11952286093343936
WRfYc,Mohawk (No. 2),43,45,2.0,D-,bIII,Bb major,(435432),4,3,5,4,3,2,21,7-16A,7,8,"[1, 4, 5, 6, 7, 9, 10]","[0, 3, 4, 5, 6, 8, 9]",89000.0,7.1,3.872983346207417,0.34615384615384615,0.3736842105263158,0.23145502494313788
WRfYc,Mohawk (No. 2),44,46,0.0,C,II,Bb major,(223431),2,2,3,4,3,1,15,6-31B,6,8,"[0, 2, 3, 6, 7, 10]","[0, 2, 3, 6, 7, 10]",90000.0,3.8,3.1622776601683795,0.23076923076923078,0.19999999999999998,0.18898223650461363
WRfYc,Mohawk (No. 2),45,47,0.0,F,V,Bb major,(101310),1,0,1,3,1,0,6,4-19B,4,6,"[0, 1, 5, 9]","[0, 4, 7, 8]",92000.0,1.0,3.872983346207417,0.057692307692307696,0.05263157894736842,0.23145502494313788
WRfYc,Mohawk (No. 2),46,48,0.0,B-,I,Bb major,(221100),2,2,1,1,0,0,6,4-2A,4,6,"[1, 2, 3, 5]","[3, 4, 5, 7]",94000.0,3.0,3.1622776601683795,0.057692307692307696,0.15789473684210525,0.18898223650461363
WRfYc,Mohawk (No. 2),47,49,0.0,B-,I,Bb major,(001110),0,0,1,1,1,0,3,3-11A,3,4,"[2, 5, 9]","[4, 7, 11]",96000.0,0.0,3.0,0.0,0.0,0.17928429140015903
WRfYc,Mohawk (No. 2),48,50,0.0,B-,I,Bb major,(222220),2,2,2,2,2,0,10,5-11A,5,6,"[0, 1, 2, 5, 10]","[0, 2, 3, 4, 7]",98000.0,3.0,3.3166247903554,0.1346153846153846,0.15789473684210525,0.19820624179302296
WRfYc,Mohawk (No. 2),49,51,0.0,E-,IV,Bb major,(132130),1,3,2,1,3,0,10,5-23B,5,5,"[0, 2, 3, 5, 10]","[0, 2, 7, 9, 11]",100000.0,2.5,2.0,0.1346153846153846,0.13157894736842105,0.11952286093343936
WRfYc,Mohawk (No. 2),50,52,0.0,B-,I,Bb major,(001110),0,0,1,1,1,0,3,3-11B,3,7,"[2, 5, 10]","[0, 4, 7]",102000.0,0.0,3.872983346207417,0.0,0.0,0.23145502494313788
WRfYc,Mohawk (No. 2),51,53,0.0,B-,I,Bb major,(010101),0,1,0,1,0,1,3,3-8A,3,3,"[2, 8, 10]","[0, 4, 10]",104000.0,1.3,2.0,0.0,0.06842105263157895,0.11952286093343936
WRfYc,Mohawk (No. 2),52,54,0.0,E-,IV,Bb major,(143250),1,4,3,2,5,0,15,6-32,6,7,"[0, 3, 5, 7, 8, 10]","[0, 2, 4, 5, 7, 9]",106000.0,3.0,6.782329983125268,0.23076923076923078,0.15789473684210525,0.4053217416888888
WRfYc,Mohawk (No. 2),53,55,0.0,E-,IV,Bb major,(011010),0,1,1,0,1,0,3,3-7B,3,7,"[0, 7, 10]","[4, 7, 9]",108000.0,0.5,5.830951894845301,0.0,0.02631578947368421,0.3484660262185848
WRfYc,Mohawk (No. 2),54,57,0.0,D,III,Bb major,(143241),1,4,3,2,4,1,15,6-33A,6,6,"[0, 2, 3, 5, 7, 9]","[0, 1, 3, 5, 7, 10]",112000.0,3.8,5.291502622129181,0.23076923076923078,0.19999999999999998,0.31622776601683794
WRfYc,Mohawk (No. 2),55,57,2.0,G,VI,Bb major,(225222),2,2,5,2,2,2,15,6-27B,6,9,"[2, 5, 7, 8, 10, 11]","[0, 1, 3, 4, 7, 10]",113000.0,4.6,3.7416573867739413,0.23076923076923078,0.2421052631578947,0.22360679774997896
WRfYc,Mohawk (No. 2),56,58,0.0,C,II,Bb major,(113221),1,1,3,2,2,1,10,5-32A,5,5,"[0, 3, 6, 7, 10]","[0, 3, 6, 7, 10]",114000.0,2.3,2.6457513110645907,0.1346153846153846,0.12105263157894736,0.15811388300841897
WRfYc,Mohawk (No. 2),57,59,0.0,F,V,Bb major,(456553),4,5,6,5,5,3,28,8-27A,8,8,"[0, 2, 3, 4, 6, 7, 9, 10]","[1, 2, 4, 5, 7, 9, 10, 11]",116000.0,8.9,7.483314773547883,0.4807692307692308,0.46842105263157896,0.4472135954999579
WRfYc,Mohawk (No. 2),58,60,0.0,B-,I,Bb major,(233241),2,3,3,2,4,1,15,6-25A,6,9,"[0, 2, 3, 5, 9, 10]","[0, 2, 4, 5, 7, 11]",118000.0,4.3,5.5677643628300215,0.23076923076923078,0.2263157894736842,0.33273756282434613
WRfYc,Mohawk (No. 2),59,62,0.0,B-,I,Bb major,(011010),0,1,1,0,1,0,3,3-7B,3,7,"[5, 8, 10]","[0, 7, 10]",122000.0,0.5,5.0990195135927845,0.0,0.02631578947368421,0.304724700110022
WRfYc,Mohawk (No. 2),60,63,0.0,E-,IV,Bb major,(121110),1,2,1,1,1,0,6,4-11B,4,7,"[0, 1, 8, 10]","[5, 7, 9, 10]",124000.0,2.0,1.7320508075688772,0.057692307692307696,0.10526315789473684,0.10350983390135313
WRfYc,Mohawk (No. 2),61,64,0.0,B-,I,Bb major,(222220),2,2,2,2,2,0,10,5-11B,5,5,"[1, 2, 3, 5, 10]","[0, 3, 4, 5, 7]",126000.0,3.0,2.0,0.1346153846153846,0.15789473684210525,0.11952286093343936
WRfYc,Mohawk (No. 2),62,65,0.0,B-,I,Bb major,(344352),3,4,4,3,5,2,21,7-29A,7,9,"[0, 1, 3, 6, 7, 8, 10]","[0, 2, 3, 5, 8, 9, 10]",128000.0,6.6,4.795831523312719,0.34615384615384615,0.34736842105263155,0.2866057521105554
WRfYc,Mohawk (No. 2),63,66,0.0,E-,IV,Bb major,(021120),0,2,1,1,2,0,6,4-22B,4,5,"[1, 3, 5, 10]","[0, 2, 7, 10]",130000.0,1.0,6.244997998398398,0.057692307692307696,0.05263157894736842,0.37321001364608947
WRfYc,Mohawk (No. 2),64,67,0.0,E-,IV,Bb major,(111000),1,1,1,0,0,0,3,3-2B,3,4,"[0, 1, 10]","[7, 9, 10]",132000.0,1.5,2.6457513110645907,0.0,0.07894736842105263,0.15811388300841897
WRfYc,Mohawk (No. 2),65,68,0.0,B-,I,Bb major,(122230),1,2,2,2,3,0,10,5-27A,5,5,"[0, 2, 5, 9, 10]","[0, 2, 4, 7, 11]",134000.0,2.0,3.872983346207417,0.1346153846153846,0.10526315789473684,0.23145502494313788
WRfYc,Mohawk (No. 2),66,69,0.0,B-,I,Bb major,(101220),1,0,1,2,2,0,6,4-20,4,6,"[2, 5, 9, 10]","[0, 4, 7, 11]",136000.0,1.0,2.449489742783178,0.057692307692307696,0.05263157894736842,0.14638501094227996
WRfYc,Mohawk (No. 2),67,69,2.0,D-,bIII,Bb major,(111111),1,1,1,1,1,1,6,4-29A,4,4,"[1, 2, 4, 8]","[0, 1, 3, 7]",137000.0,2.3,2.0,0.057692307692307696,0.12105263157894736,0.11952286093343936
WRfYc,Mohawk (No. 2),68,70,0.0,C,II,Bb major,(122230),1,2,2,2,3,0,10,5-27B,5,6,"[0, 2, 3, 7, 10]","[0, 2, 3, 7, 10]",138000.0,2.0,2.8284271247461903,0.1346153846153846,0.10526315789473684,0.16903085094570333
WRfYc,Mohawk (No. 2),69,71,0.0,F,V,Bb major,(433221),4,3,3,2,2,1,15,6-36A,6,9,"[2, 3, 4, 5, 6, 9]","[0, 1, 4, 9, 10, 11]",140000.0,6.3,3.605551275463989,0.23076923076923078,0.33157894736842103,0.21547290184283363
WRfYc,Mohawk (No. 2),70,72,0.0,B-,I,Bb major,(322210),3,2,2,2,1,0,10,5-3A,5,7,"[5, 6, 7, 9, 10]","[0, 7, 8, 9, 11]",142000.0,4.0,2.23606797749979,0.1346153846153846,0.21052631578947367,0.1336306209562122
WRfYc,Mohawk (No. 2),71,73,0.0,C,II,Bb major,(123121),1,2,3,1,2,1,10,5-25B,5,5,"[0, 1, 3, 7, 10]","[0, 1, 3, 7, 10]",144000.0,2.8,2.8284271247461903,0.1346153846153846,0.14736842105263157,0.16903085094570333
WRfYc,Mohawk (No. 2),72,73,2.0,B-,I,Bb major,(221100),2,2,1,1,0,0,6,4-2A,4,4,"[5, 6, 7, 9]","[7, 8, 9, 11]",145000.0,3.0,3.1622776601683795,0.057692307692307696,0.15789473684210525,0.18898223650461363
WS64c,Back Home Blues,0,2,0.0,C,I,C major,(011010),0,1,1,0,1,0,3,3-7A,3,4,"[2, 4, 7]","[2, 4, 7]",2000.0,0.5,0.0,0.0,0.02631578947368421,0.0
WS64c,Back Home Blues,1,3,0.0,C,I,C major,(020301),0,2,0,3,0,1,6,4-24,4,6,"[0, 2, 4, 8]","[0, 2, 4, 8]",4000.0,1.8,3.605551275463989,0.057692307692307696,0.09473684210526316,0.21547290184283363
WS64c,Back Home Blues,2,4,0.0,C,I,C major,(143241),1,4,3,2,4,1,15,6-33A,6,8,"[0, 2, 4, 7, 9, 10]","[0, 2, 4, 7, 9, 10]",6000.0,3.8,5.5677643628300215,0.23076923076923078,0.19999999999999998,0.33273756282434613
WS64c,Back Home Blues,3,5,0.0,C,I,C major,(020301),0,2,0,3,0,1,6,4-24,4,5,"[0, 4, 8, 10]","[0, 4, 8, 10]",8000.0,1.8,5.5677643628300215,0.057692307692307696,0.09473684210526316,0.33273756282434613
WS64c,Back Home Blues,4,6,0.0,F,IV,C major,(122230),1,2,2,2,3,0,10,5-27B,5,7,"[0, 2, 4, 5, 9]","[0, 4, 7, 9, 11]",10000.0,2.0,4.0,0.1346153846153846,0.10526315789473684,0.23904572186687872
WS64c,Back Home Blues,5,7,0.0,F,IV,C major,(002001),0,0,2,0,0,1,3,3-10,3,4,"[0, 3, 9]","[4, 7, 10]",12000.0,0.8,4.358898943540674,0.0,0.042105263157894736,0.26049403612586386
WS64c,Back Home Blues,6,8,0.0,C,I,C major,(121321),1,2,1,3,2,1,10,5-30B,5,6,"[0, 2, 4, 7, 8]","[0, 2, 4, 7, 8]",14000.0,2.8,4.358898943540674,0.1346153846153846,0.14736842105263157,0.26049403612586386
WS64c,Back Home Blues,7,9,0.0,E,III,C major,(221100),2,2,1,1,0,0,6,4-2B,4,4,"[7, 9, 10, 11]","[3, 5, 6, 7]",16000.0,3.0,3.1622776601683795,0.057692307692307696,0.15789473684210525,0.18898223650461363
WS64c,Back Home Blues,8,10,0.0,D,II,C major,(122010),1,2,2,0,1,0,6,4-10,4,10,"[2, 4, 5, 7]","[0, 2, 3, 5]",18000.0,2.0,2.0,0.057692307692307696,0.10526315789473684,0.11952286093343936
WS64c,Back Home Blues,9,11,0.0,G,V,C major,(232341),2,3,2,3,4,1,15,6-48,6,7,"[0, 2, 4, 7, 8, 9]","[0, 1, 2, 5, 7, 9]",20000.0,4.3,4.58257569495584,0.23076923076923078,0.2263157894736842,0.27386127875258304
WS64c,Back Home Blues,10,12,0.0,C,I,C major,(332110),3,3,2,1,1,0,10,5-2B,5,6,"[0, 1, 2, 9, 11]","[0, 1, 2, 9, 11]",22000.0,4.5,3.872983346207417,0.1346153846153846,0.23684210526315788,0.23145502494313788
WS64c,Back Home Blues,11,13,0.0,D,II,C major,(111000),1,1,1,0,0,0,3,3-2B,3,4,"[0, 9, 11]","[7, 9, 10]",24000.0,1.5,3.3166247903554,0.0,0.07894736842105263,0.19820624179302296
WS64c,Back Home Blues,12,14,0.0,C,I,C major,(021120),0,2,1,1,2,0,6,4-22A,4,6,"[0, 2, 4, 7]","[0, 2, 4, 7]",26000.0,1.0,2.6457513110645907,0.057692307692307696,0.05263157894736842,0.15811388300841897
WS64c,Back Home Blues,13,15,0.0,C,I,C major,(233331),2,3,3,3,3,1,15,6-46A,6,7,"[0, 3, 4, 5, 7, 9]","[0, 3, 4, 5, 7, 9]",28000.0,4.3,3.872983346207417,0.23076923076923078,0.2263157894736842,0.23145502494313788
WS64c,Back Home Blues,14,16,0.0,C,I,C major,(111120),1,1,1,1,2,0,6,4-14A,4,5,"[2, 7, 9, 10]","[2, 7, 9, 10]",30000.0,1.5,3.872983346207417,0.057692307692307696,0.07894736842105263,0.23145502494313788
WS64c,Back Home Blues,15,17,0.0,C,I,C major,(123121),1,2,3,1,2,1,10,5-25B,5,6,"[0, 2, 3, 5, 9]","[0, 2, 3, 5, 9]",32000.0,2.8,2.449489742783178,0.1346153846153846,0.14736842105263157,0.14638501094227996
WS64c,Back Home Blues,16,18,0.0,F,IV,C major,(233241),2,3,3,2,4,1,15,6-47A,6,8,"[0, 2, 5, 6, 7, 9]","[0, 1, 2, 4, 7, 9]",34000.0,4.3,2.6457513110645907,0.23076923076923078,0.2263157894736842,0.15811388300841897
WS64c,Back Home Blues,17,19,0.0,F,IV,C major,(222121),2,2,2,1,2,1,10,5-36B,5,7,"[0, 3, 5, 6, 7]","[0, 1, 2, 7, 10]",36000.0,3.8,2.6457513110645907,0.1346153846153846,0.19999999999999998,0.15811388300841897
WS64c,Back Home Blues,18,21,0.0,C,I,C major,(544332),5,4,4,3,3,2,21,7-4B,7,10,"[0, 2, 3, 4, 5, 6, 11]","[0, 2, 3, 4, 5, 6, 11]",40000.0,8.6,4.795831523312719,0.34615384615384615,0.4526315789473684,0.2866057521105554
WS64c,Back Home Blues,19,22,0.0,D,II,C major,(344451),3,4,4,4,5,1,21,7-27A,7,12,"[0, 1, 2, 4, 5, 7, 9]","[0, 2, 3, 5, 7, 10, 11]",42000.0,5.8,3.1622776601683795,0.34615384615384615,0.30526315789473685,0.18898223650461363
WS64c,Back Home Blues,20,23,0.0,G,V,C major,(10101010105),10,10,10,10,10,5,55,11-1,11,15,"[0, 1, 2, 3, 4, 5, 6, 7, 8, 9, 10]","[0, 1, 2, 3, 5, 6, 7, 8, 9, 10, 11]",44000.0,19.0,14.071247279470288,1.0,1.0,0.8409178658720821
WS64c,Back Home Blues,21,24,0.0,C,I,C major,(254361),2,5,4,3,6,1,21,7-35,7,14,"[0, 2, 4, 5, 7, 9, 11]","[0, 2, 4, 5, 7, 9, 11]",46000.0,5.3,14.352700094407323,0.34615384615384615,0.2789473684210526,0.8577378887016043
WS64c,Back Home Blues,22,26,0.0,C,I,C major,(001110),0,0,1,1,1,0,3,3-11B,3,5,"[0, 4, 7]","[0, 4, 7]",50000.0,0.0,8.246211251235321,0.0,0.0,0.49280538030458115
WS64c,Back Home Blues,23,27,0.0,C,I,C major,(456553),4,5,6,5,5,3,28,8-27B,8,10,"[0, 2, 3, 4, 6, 8, 9, 11]","[0, 2, 3, 4, 6, 8, 9, 11]",52000.0,8.9,10.344080432788601,0.4807692307692308,0.46842105263157896,0.6181770435262516
WS64c,Back Home Blues,24,28,0.0,C,I,C major,(122311),1,2,2,3,1,1,10,5-26B,5,8,"[0, 2, 4, 8, 11]","[0, 2, 4, 8, 11]",54000.0,2.8,7.615773105863909,0.1346153846153846,0.14736842105263157,0.45512949491639976
WS64c,Back Home Blues,25,29,0.0,C,I,C major,(143241),1,4,3,2,4,1,15,6-33B,6,8,"[0, 2, 4, 5, 7, 10]","[0, 2, 4, 5, 7, 10]",56000.0,3.8,3.872983346207417,0.23076923076923078,0.19999999999999998,0.23145502494313788
WS64c,Back Home Blues,26,30,0.0,F,IV,C major,(122230),1,2,2,2,3,0,10,5-27A,5,6,"[0, 4, 5, 7, 9]","[0, 2, 4, 7, 11]",58000.0,2.0,2.6457513110645907,0.1346153846153846,0.10526315789473684,0.15811388300841897
WS64c,Back Home Blues,27,32,0.0,C,I,C major,(020100),0,2,0,1,0,0,3,3-6,3,4,"[7, 9, 11]","[7, 9, 11]",62000.0,1.0,3.872983346207417,0.0,0.05263157894736842,0.23145502494313788
WS64c,Back Home Blues,28,33,0.0,E,III,C major,(111000),1,1,1,0,0,0,3,3-2B,3,3,"[0, 9, 11]","[5, 7, 8]",64000.0,1.5,2.0,0.0,0.07894736842105263,0.11952286093343936
WS64c,Back Home Blues,29,33,2.0,A,VI,C major,(020100),0,2,0,1,0,0,3,3-6,3,4,"[0, 2, 4]","[3, 5, 7]",65000.0,1.0,2.0,0.0,0.05263157894736842,0.11952286093343936
WS64c,Back Home Blues,30,34,0.0,D,II,C major,(020100),0,2,0,1,0,0,3,3-6,3,4,"[7, 9, 11]","[5, 7, 9]",66000.0,1.0,0.0,0.0,0.05263157894736842,0.0
WS64c,Back Home Blues,31,35,0.0,G,V,C major,(324222),3,2,4,2,2,2,15,6-13,6,9,"[1, 2, 4, 5, 7, 8]","[0, 1, 6, 7, 9, 10]",68000.0,5.6,5.830951894845301,0.23076923076923078,0.29473684210526313,0.3484660262185848
WS64c,Back Home Blues,32,36,0.0,C,I,C major,(011010),0,1,1,0,1,0,3,3-7A,3,4,"[2, 4, 7]","[2, 4, 7]",70000.0,0.5,5.291502622129181,0.0,0.02631578947368421,0.31622776601683794
WS64c,Back Home Blues,33,38,0.0,C,I,C major,(101220),1,0,1,2,2,0,6,4-20,4,8,"[0, 4, 5, 9]","[0, 4, 5, 9]",74000.0,1.0,2.6457513110645907,0.057692307692307696,0.05263157894736842,0.15811388300841897
WS64c,Back Home Blues,34,39,0.0,F,IV,C major,(343542),3,4,3,5,4,2,21,7-30A,7,7,"[0, 2, 4, 5, 8, 9, 10]","[0, 3, 4, 5, 7, 9, 11]",76000.0,6.6,6.4031242374328485,0.34615384615384615,0.34736842105263155,0.38265986388511064
WS64c,Back Home Blues,35,40,0.0,C,I,C major,(445332),4,4,5,3,3,2,21,7-10B,7,9,"[2, 4, 5, 6, 7, 8, 11]","[2, 4, 5, 6, 7, 8, 11]",78000.0,7.6,3.1622776601683795,0.34615384615384615,0.39999999999999997,0.18898223650461363
WS64c,Back Home Blues,36,41,0.0,G,V,C major,(111120),1,1,1,1,2,0,6,4-14B,4,4,"[0, 4, 5, 7]","[0, 5, 9, 10]",80000.0,1.5,6.557438524302,0.057692307692307696,0.07894736842105263,0.3918819064098629
WS64c,Back Home Blues,37,41,2.0,C,I,C major,(102111),1,0,2,1,1,1,6,4-18B,4,4,"[1, 2, 7, 10]","[1, 2, 7, 10]",81000.0,1.8,2.0,0.057692307692307696,0.09473684210526316,0.11952286093343936
WS64c,Back Home Blues,38,42,0.0,F,IV,C major,(555562),5,5,5,5,6,2,28,8-14B,8,10,"[0, 2, 3, 4, 5, 7, 8, 9]","[0, 2, 3, 4, 7, 9, 10, 11]",82000.0,9.1,9.591663046625438,0.4807692307692308,0.4789473684210526,0.5732115042211108
WS64c,Back Home Blues,39,43,0.0,F,IV,C major,(111000),1,1,1,0,0,0,3,3-2B,3,3,"[0, 2, 3]","[7, 9, 10]",84000.0,1.5,10.63014581273465,0.0,0.07894736842105263,0.6352727198388332
WS64c,Back Home Blues,40,45,0.0,E,III,C major,(001110),0,0,1,1,1,0,3,3-11A,3,4,"[4, 7, 11]","[0, 3, 7]",88000.0,0.0,2.0,0.0,0.0,0.11952286093343936
WS64c,Back Home Blues,41,45,2.0,A,VI,C major,(111111),1,1,1,1,1,1,6,4-29A,4,4,"[3, 4, 6, 10]","[1, 6, 7, 9]",89000.0,2.3,1.7320508075688772,0.057692307692307696,0.12105263157894736,0.10350983390135313
WS64c,Back Home Blues,42,46,0.0,D,II,C major,(122230),1,2,2,2,3,0,10,5-27B,5,12,"[0, 2, 4, 5, 9]","[0, 2, 3, 7, 10]",90000.0,2.0,2.8284271247461903,0.1346153846153846,0.10526315789473684,0.16903085094570333
WS64c,Back Home Blues,43,47,0.0,G,V,C major,(143250),1,4,3,2,5,0,15,6-32,6,8,"[0, 2, 4, 5, 7, 9]","[0, 2, 5, 7, 9, 10]",92000.0,3.0,3.0,0.23076923076923078,0.15789473684210525,0.17928429140015903
WS64c,Back Home Blues,44,48,0.0,C,I,C major,(001110),0,0,1,1,1,0,3,3-11A,3,4,"[0, 4, 9]","[0, 4, 9]",94000.0,0.0,6.164414002968976,0.0,0.0,0.3683941988065036
WS64c,Back Home Blues,45,49,0.0,G,V,C major,(111111),1,1,1,1,1,1,6,4-29B,4,4,"[0, 4, 6, 7]","[0, 5, 9, 11]",96000.0,2.3,1.7320508075688772,0.057692307692307696,0.12105263157894736,0.10350983390135313
WS64c,Back Home Blues,46,50,0.0,C,I,C major,(121110),1,2,1,1,1,0,6,4-11B,4,6,"[0, 2, 4, 5]","[0, 2, 4, 5]",98000.0,2.0,1.4142135623730951,0.057692307692307696,0.10526315789473684,0.08451542547285167
WS64c,Back Home Blues,47,51,0.0,F,IV,C major,(344352),3,4,4,3,5,2,21,7-29A,7,8,"[2, 3, 4, 6, 8, 9, 11]","[1, 3, 4, 6, 9, 10, 11]",100000.0,6.6,6.4031242374328485,0.34615384615384615,0.34736842105263155,0.38265986388511064
WS64c,Back Home Blues,48,52,0.0,C,I,C major,(313431),3,1,3,4,3,1,15,6-19A,6,9,"[0, 3, 4, 8, 9, 11]","[0, 3, 4, 8, 9, 11]",102000.0,4.3,4.0,0.23076923076923078,0.2263157894736842,0.23904572186687872
WS64c,Back Home Blues,49,53,0.0,G,V,C major,(121110),1,2,1,1,1,0,6,4-11A,4,4,"[4, 5, 7, 9]","[0, 2, 9, 10]",104000.0,2.0,4.795831523312719,0.057692307692307696,0.10526315789473684,0.2866057521105554
WS64c,Back Home Blues,50,53,2.0,C,I,C major,(122010),1,2,2,0,1,0,6,4-10,4,5,"[0, 7, 9, 10]","[0, 7, 9, 10]",105000.0,2.0,1.4142135623730951,0.057692307692307696,0.10526315789473684,0.08451542547285167
WS64c,Back Home Blues,51,54,0.0,F,IV,C major,(111000),1,1,1,0,0,0,3,3-2B,3,5,"[0, 2, 3]","[7, 9, 10]",106000.0,1.5,1.7320508075688772,0.0,0.07894736842105263,0.10350983390135313
WS64c,Back Home Blues,52,56,0.0,C,I,C major,(131221),1,3,1,2,2,1,10,5-24B,5,12,"[0, 5, 7, 9, 11]","[0, 5, 7, 9, 11]",110000.0,3.3,3.605551275463989,0.1346153846153846,0.17368421052631577,0.21547290184283363
WS64c,Back Home Blues,53,57,0.0,E,III,C major,(112011),1,1,2,0,1,1,6,4-13A,4,5,"[1, 2, 4, 7]","[0, 3, 9, 10]",112000.0,2.3,3.1622776601683795,0.057692307692307696,0.12105263157894736,0.18898223650461363
WS64c,Back Home Blues,54,57,2.0,A,VI,C major,(111111),1,1,1,1,1,1,6,4-29A,4,5,"[0, 4, 9, 10]","[0, 1, 3, 7]",113000.0,2.3,1.4142135623730951,0.057692307692307696,0.12105263157894736,0.08451542547285167
WS64c,Back Home Blues,55,58,0.0,D,II,C major,(032140),0,3,2,1,4,0,10,5-35,5,7,"[0, 2, 5, 7, 9]","[0, 3, 5, 7, 10]",114000.0,1.5,4.0,0.1346153846153846,0.07894736842105263,0.23904572186687872
WS64c,Back Home Blues,56,59,0.0,G,V,C major,(122230),1,2,2,2,3,0,10,5-27A,5,7,"[0, 4, 5, 7, 9]","[0, 2, 5, 9, 10]",116000.0,2.0,2.0,0.1346153846153846,0.10526315789473684,0.11952286093343936
WS64c,Back Home Blues,57,60,0.0,C,I,C major,(132130),1,3,2,1,3,0,10,5-23A,5,6,"[0, 2, 4, 9, 11]","[0, 2, 4, 9, 11]",118000.0,2.5,1.4142135623730951,0.1346153846153846,0.13157894736842105,0.08451542547285167
WS64c,Back Home Blues,58,61,0.0,D,II,C major,(114112),1,1,4,1,1,2,10,5-31B,5,6,"[2, 5, 8, 10, 11]","[0, 3, 6, 8, 9]",120000.0,3.1,4.0,0.1346153846153846,0.1631578947368421,0.23904572186687872
WS64c,Back Home Blues,59,61,2.0,G,V,C major,(122010),1,2,2,0,1,0,6,4-10,4,4,"[2, 4, 5, 7]","[0, 7, 9, 10]",121000.0,2.0,3.1622776601683795,0.057692307692307696,0.10526315789473684,0.18898223650461363
WS64c,Back Home Blues,60,62,0.0,C,I,C major,(210000),2,1,0,0,0,0,3,3-1,3,5,"[7, 8, 9]","[7, 8, 9]",122000.0,2.5,2.6457513110645907,0.0,0.13157894736842105,0.15811388300841897
cXbwc,cXbwc,0,1,0.0,A-,bIII,F minor,(212100),2,1,2,1,0,0,6,4-3,4,6,"[4, 5, 7, 8]","[0, 8, 9, 11]",0.0,2.5,0.0,0.057692307692307696,0.13157894736842105,0.0
cXbwc,cXbwc,1,2,0.0,F,I,F minor,(233331),2,3,3,3,3,1,15,6-24A,6,8,"[0, 1, 3, 5, 9, 10]","[0, 4, 5, 7, 8, 10]",2000.0,4.3,4.358898943540674,0.23076923076923078,0.2263157894736842,0.26049403612586386
cXbwc,cXbwc,2,3,0.0,B-,IV,F minor,(234222),2,3,4,2,2,2,15,6-23,6,9,"[0, 2, 3, 5, 6, 8]","[2, 4, 5, 7, 8, 10]",4000.0,5.1,2.0,0.23076923076923078,0.26842105263157895,0.11952286093343936
cXbwc,cXbwc,3,4,0.0,B-,IV,F minor,(122010),1,2,2,0,1,0,6,4-10,4,5,"[2, 4, 5, 7]","[4, 6, 7, 9]",6000.0,2.0,3.872983346207417,0.057692307692307696,0.10526315789473684,0.23145502494313788
cXbwc,cXbwc,4,5,0.0,B-,IV,F minor,(344451),3,4,4,4,5,1,21,7-27A,7,8,"[0, 1, 3, 5, 8, 9, 10]","[0, 2, 3, 5, 7, 10, 11]",8000.0,5.8,6.708203932499369,0.34615384615384615,0.30526315789473685,0.4008918628686366
cXbwc,cXbwc,5,6,0.0,E-,bVII,F minor,(434541),4,3,4,5,4,1,21,7-17,7,8,"[0, 1, 3, 4, 5, 8, 11]","[0, 1, 2, 5, 8, 9, 10]",10000.0,6.3,2.0,0.34615384615384615,0.33157894736842103,0.11952286093343936
cXbwc,cXbwc,6,7,0.0,A-,bIII,F minor,(143250),1,4,3,2,5,0,15,6-32,6,7,"[0, 3, 5, 7, 8, 10]","[0, 2, 4, 7, 9, 11]",12000.0,3.0,4.69041575982343,0.23076923076923078,0.15789473684210525,0.2803059552906941
cXbwc,cXbwc,7,8,0.0,E-,bVII,F minor,(101220),1,0,1,2,2,0,6,4-20,4,4,"[1, 5, 6, 10]","[2, 3, 7, 10]",14000.0,1.0,5.385164807134504,0.057692307692307696,0.05263157894736842,0.3218251521733945
cXbwc,cXbwc,8,9,0.0,D-,bVI,F minor,(122010),1,2,2,0,1,0,6,4-10,4,5,"[0, 1, 3, 10]","[0, 2, 9, 11]",16000.0,2.0,3.1622776601683795,0.057692307692307696,0.10526315789473684,0.18898223650461363
cXbwc,cXbwc,9,10,0.0,G-,bII,F minor,(122010),1,2,2,0,1,0,6,4-10,4,6,"[1, 3, 4, 6]","[0, 7, 9, 10]",18000.0,2.0,0.0,0.057692307692307696,0.10526315789473684,0.0
cXbwc,cXbwc,10,11,0.0,A-,bIII,F minor,(332110),3,3,2,1,1,0,10,5-2B,5,8,"[0, 1, 2, 3, 10]","[2, 4, 5, 6, 7]",20000.0,4.5,2.449489742783178,0.1346153846153846,0.23684210526315788,0.14638501094227996
cXbwc,cXbwc,11,12,0.0,F,I,F minor,(225222),2,2,5,2,2,2,15,6-27B,6,9,"[0, 3, 5, 6, 8, 9]","[0, 1, 3, 4, 7, 10]",22000.0,4.6,4.123105625617661,0.23076923076923078,0.2421052631578947,0.24640269015229058
cXbwc,cXbwc,12,13,0.0,B-,IV,F minor,(544332),5,4,4,3,3,2,21,7-4A,7,8,"[0, 2, 3, 8, 9, 10, 11]","[0, 1, 2, 4, 5, 10, 11]",24000.0,8.6,4.0,0.34615384615384615,0.4526315789473684,0.23904572186687872
cXbwc,cXbwc,13,14,0.0,B-,IV,F minor,(321000),3,2,1,0,0,0,6,4-1,4,4,"[4, 5, 6, 7]","[6, 7, 8, 9]",26000.0,4.0,6.244997998398398,0.057692307692307696,0.21052631578947367,0.37321001364608947
cXbwc,cXbwc,14,15,0.0,B-,IV,F minor,(143250),1,4,3,2,5,0,15,6-32,6,8,"[0, 1, 3, 5, 8, 10]","[0, 2, 3, 5, 7, 10]",28000.0,3.0,6.4031242374328485,0.23076923076923078,0.15789473684210525,0.38265986388511064
cXbwc,cXbwc,15,16,0.0,E-,bVII,F minor,(225222),2,2,5,2,2,2,15,6-27B,6,9,"[1, 3, 4, 6, 7, 10]","[0, 1, 3, 4, 7, 10]",30000.0,4.6,4.69041575982343,0.23076923076923078,0.2421052631578947,0.2803059552906941
cXbwc,cXbwc,16,17,0.0,A-,bIII,F minor,(212320),2,1,2,3,2,0,10,5-17,5,6,"[0, 4, 5, 7, 8]","[0, 4, 8, 9, 11]",32000.0,2.5,3.872983346207417,0.1346153846153846,0.13157894736842105,0.23145502494313788
cXbwc,cXbwc,17,18,0.0,F,I,F minor,(233331),2,3,3,3,3,1,15,6-24A,6,8,"[0, 1, 3, 5, 9, 10]","[0, 4, 5, 7, 8, 10]",34000.0,4.3,2.6457513110645907,0.23076923076923078,0.2263157894736842,0.15811388300841897
cXbwc,cXbwc,18,19,0.0,B-,IV,F minor,(234222),2,3,4,2,2,2,15,6-23,6,9,"[0, 2, 3, 5, 6, 8]","[2, 4, 5, 7, 8, 10]",36000.0,5.1,2.0,0.23076923076923078,0.26842105263157895,0.11952286093343936
cXbwc,cXbwc,19,21,0.0,G,II,F minor,(222121),2,2,2,1,2,1,10,5-12,5,8,"[4, 5, 7, 9, 10]","[0, 2, 3, 9, 10]",40000.0,3.8,2.6457513110645907,0.1346153846153846,0.19999999999999998,0.15811388300841897
cXbwc,cXbwc,20,22,0.0,C,V,F minor,(335442),3,3,5,4,4,2,21,7-32B,7,10,"[0, 1, 3, 4, 7, 8, 10]","[0, 1, 3, 4, 7, 8, 10]",42000.0,6.1,5.0,0.34615384615384615,0.32105263157894737,0.2988071523335984
cXbwc,cXbwc,21,25,0.0,F,I,F minor,(432100),4,3,2,1,0,0,10,5-1,5,8,"[0, 1, 2, 3, 11]","[6, 7, 8, 9, 10]",48000.0,5.5,6.244997998398398,0.1346153846153846,0.2894736842105263,0.37321001364608947
cXbwc,cXbwc,22,26,0.0,C,V,F minor,(443211),4,4,3,2,1,1,15,6-2B,6,8,"[0, 1, 2, 3, 4, 10]","[0, 1, 2, 3, 4, 10]",50000.0,6.8,2.23606797749979,0.23076923076923078,0.35789473684210527,0.1336306209562122
cXbwc,cXbwc,23,27,0.0,F,I,F minor,(122010),1,2,2,0,1,0,6,4-10,4,9,"[5, 7, 8, 10]","[0, 2, 3, 5]",52000.0,2.0,4.358898943540674,0.057692307692307696,0.10526315789473684,0.26049403612586386
cXbwc,cXbwc,24,28,0.0,B,#IV,F minor,(225222),2,2,5,2,2,2,15,6-27B,6,8,"[2, 4, 5, 7, 8, 11]","[0, 3, 5, 6, 8, 9]",54000.0,4.6,4.358898943540674,0.23076923076923078,0.2421052631578947,0.26049403612586386
cXbwc,cXbwc,25,29,0.0,C,V,F minor,(122010),1,2,2,0,1,0,6,4-10,4,4,"[0, 1, 3, 10]","[0, 1, 3, 10]",56000.0,2.0,4.358898943540674,0.057692307692307696,0.10526315789473684,0.26049403612586386
cXbwc,cXbwc,26,29,2.0,F,I,F minor,(112101),1,1,2,1,0,1,6,4-12A,4,4,"[3, 5, 6, 9]","[0, 1, 4, 10]",57000.0,2.3,2.0,0.057692307692307696,0.12105263157894736,0.11952286093343936
cXbwc,cXbwc,27,30,0.0,B-,IV,F minor,(101220),1,0,1,2,2,0,6,4-20,4,4,"[0, 1, 5, 8]","[2, 3, 7, 10]",58000.0,1.0,2.8284271247461903,0.057692307692307696,0.05263157894736842,0.16903085094570333
cXbwc,cXbwc,28,30,2.0,E-,bVII,F minor,(122010),1,2,2,0,1,0,6,4-10,4,4,"[5, 7, 8, 10]","[2, 4, 5, 7]",59000.0,2.0,3.1622776601683795,0.057692307692307696,0.10526315789473684,0.18898223650461363
cXbwc,cXbwc,29,31,0.0,A-,bIII,F minor,(121110),1,2,1,1,1,0,6,4-11B,4,4,"[3, 5, 7, 8]","[0, 7, 9, 11]",60000.0,2.0,1.4142135623730951,0.057692307692307696,0.10526315789473684,0.08451542547285167
cXbwc,cXbwc,30,32,0.0,B-,IV,F minor,(212100),2,1,2,1,0,0,6,4-3,4,4,"[4, 5, 7, 8]","[6, 7, 9, 10]",62000.0,2.5,2.0,0.057692307692307696,0.13157894736842105,0.11952286093343936
cXbwc,cXbwc,31,32,2.0,E-,bVII,F minor,(321000),3,2,1,0,0,0,6,4-1,4,5,"[0, 1, 2, 3]","[0, 9, 10, 11]",63000.0,4.0,2.0,0.057692307692307696,0.21052631578947367,0.11952286093343936
cXbwc,cXbwc,32,33,0.0,A-,bIII,F minor,(111000),1,1,1,0,0,0,3,3-2A,3,5,"[0, 1, 3]","[4, 5, 7]",64000.0,1.5,2.23606797749979,0.0,0.07894736842105263,0.1336306209562122
cXbwc,cXbwc,33,35,0.0,B-,IV,F minor,(032140),0,3,2,1,4,0,10,5-35,5,5,"[0, 2, 5, 7, 10]","[0, 2, 4, 7, 9]",68000.0,1.5,4.795831523312719,0.1346153846153846,0.07894736842105263,0.2866057521105554
cXbwc,cXbwc,34,37,0.0,B-,IV,F minor,(354351),3,5,4,3,5,1,21,7-23B,7,9,"[0, 1, 2, 3, 5, 8, 10]","[0, 2, 3, 4, 5, 7, 10]",72000.0,6.3,4.795831523312719,0.34615384615384615,0.33157894736842103,0.2866057521105554
cXbwc,cXbwc,35,38,0.0,E-,bVII,F minor,(665542),6,6,5,5,4,2,28,8-2B,8,8,"[2, 4, 5, 6, 7, 8, 9, 10]","[1, 2, 3, 4, 5, 6, 7, 11]",74000.0,10.6,4.123105625617661,0.4807692307692308,0.5578947368421052,0.24640269015229058
cXbwc,cXbwc,36,39,0.0,A-,bIII,F minor,(111000),1,1,1,0,0,0,3,3-2A,3,3,"[0, 1, 3]","[4, 5, 7]",76000.0,1.5,10.535653752852738,0.0,0.07894736842105263,0.6296257391725432
cXbwc,cXbwc,37,40,2.0,A-,bIII,F minor,(001110),0,0,1,1,1,0,3,3-11A,3,3,"[3, 6, 10]","[2, 7, 10]",79000.0,0.0,2.0,0.0,0.0,0.11952286093343936
cXbwc,cXbwc,38,41,0.0,D-,bVI,F minor,(323430),3,2,3,4,3,0,15,6-14A,6,8,"[0, 1, 3, 4, 5, 8]","[0, 2, 3, 4, 7, 11]",80000.0,4.0,5.477225575051661,0.23076923076923078,0.21052631578947367,0.32732683535398854
cXbwc,cXbwc,39,42,0.0,G-,bII,F minor,(122230),1,2,2,2,3,0,10,5-27A,5,5,"[3, 4, 6, 8, 11]","[0, 2, 5, 9, 10]",82000.0,2.0,3.0,0.1346153846153846,0.10526315789473684,0.17928429140015903
cXbwc,cXbwc,40,44,0.0,F,I,F minor,(223111),2,2,3,1,1,1,10,5-10A,5,6,"[0, 1, 3, 9, 10]","[4, 5, 7, 8, 10]",86000.0,3.8,2.8284271247461903,0.1346153846153846,0.19999999999999998,0.16903085094570333
cXbwc,cXbwc,41,45,0.0,B-,IV,F minor,(234222),2,3,4,2,2,2,15,6-23,6,9,"[0, 2, 3, 5, 6, 8]","[2, 4, 5, 7, 8, 10]",88000.0,5.1,2.23606797749979,0.23076923076923078,0.26842105263157895,0.1336306209562122
cXbwc,cXbwc,42,46,0.0,B-,IV,F minor,(122010),1,2,2,0,1,0,6,4-10,4,5,"[5, 7, 8, 10]","[0, 7, 9, 10]",90000.0,2.0,3.872983346207417,0.057692307692307696,0.10526315789473684,0.23145502494313788
cXbwc,cXbwc,43,47,0.0,B-,IV,F minor,(012120),0,1,2,1,2,0,6,4-26,4,4,"[1, 5, 8, 10]","[0, 3, 7, 10]",92000.0,0.5,2.0,0.057692307692307696,0.02631578947368421,0.11952286093343936
cXbwc,cXbwc,44,48,0.0,E-,bVII,F minor,(433221),4,3,3,2,2,1,15,6-36A,6,7,"[3, 4, 5, 6, 7, 10]","[0, 1, 2, 3, 4, 7]",94000.0,6.3,4.795831523312719,0.23076923076923078,0.33157894736842103,0.2866057521105554
cXbwc,cXbwc,45,49,0.0,A-,bIII,F minor,(223111),2,2,3,1,1,1,10,5-10B,5,7,"[0, 1, 3, 4, 10]","[2, 4, 5, 7, 8]",96000.0,3.8,2.6457513110645907,0.1346153846153846,0.19999999999999998,0.15811388300841897
cXbwc,cXbwc,46,50,0.0,F,I,F minor,(225222),2,2,5,2,2,2,15,6-27B,6,8,"[0, 2, 3, 5, 6, 9]","[0, 1, 4, 7, 9, 10]",98000.0,4.6,2.6457513110645907,0.23076923076923078,0.2421052631578947,0.15811388300841897
cXbwc,cXbwc,47,51,0.0,B-,IV,F minor,(032140),0,3,2,1,4,0,10,5-35,5,5,"[0, 2, 5, 7, 10]","[0, 2, 4, 7, 9]",100000.0,1.5,4.795831523312719,0.1346153846153846,0.07894736842105263,0.2866057521105554
cXbwc,cXbwc,48,53,0.0,G,II,F minor,(224232),2,2,4,2,3,2,15,6-29,6,7,"[0, 1, 4, 5, 7, 10]","[0, 3, 5, 6, 9, 10]",104000.0,4.6,3.872983346207417,0.23076923076923078,0.2421052631578947,0.23145502494313788
cXbwc,cXbwc,49,54,0.0,C,V,F minor,(233331),2,3,3,3,3,1,15,6-24A,6,9,"[0, 4, 5, 7, 8, 10]","[0, 4, 5, 7, 8, 10]",106000.0,4.3,2.0,0.23076923076923078,0.2263157894736842,0.11952286093343936
cXbwc,cXbwc,50,55,0.0,F,I,F minor,(121110),1,2,1,1,1,0,6,4-11B,4,7,"[0, 1, 8, 10]","[3, 5, 7, 8]",108000.0,2.0,3.872983346207417,0.057692307692307696,0.10526315789473684,0.23145502494313788
cXbwc,cXbwc,51,56,0.0,C,V,F minor,(143250),1,4,3,2,5,0,15,6-32,6,8,"[1, 3, 4, 6, 8, 11]","[1, 3, 4, 6, 8, 11]",110000.0,3.0,5.0,0.23076923076923078,0.15789473684210525,0.2988071523335984
cXbwc,cXbwc,52,57,0.0,F,I,F minor,(143250),1,4,3,2,5,0,15,6-32,6,8,"[0, 3, 5, 7, 8, 10]","[0, 2, 3, 5, 7, 10]",112000.0,3.0,0.0,0.23076923076923078,0.15789473684210525,0.0
cXbwc,cXbwc,53,58,0.0,C,V,F minor,(114112),1,1,4,1,1,2,10,5-31B,5,8,"[0, 1, 4, 7, 10]","[0, 1, 4, 7, 10]",114000.0,3.1,5.5677643628300215,0.1346153846153846,0.1631578947368421,0.33273756282434613
cXbwc,cXbwc,54,59,0.0,F,I,F minor,(012111),0,1,2,1,1,1,6,4-27B,4,4,"[2, 5, 8, 10]","[0, 3, 5, 9]",116000.0,1.3,2.449489742783178,0.057692307692307696,0.06842105263157895,0.14638501094227996
cXbwc,cXbwc,55,61,0.0,C,V,F minor,(101310),1,0,1,3,1,0,6,4-19A,4,4,"[0, 3, 7, 11]","[0, 3, 7, 11]",120000.0,1.0,2.8284271247461903,0.057692307692307696,0.05263157894736842,0.16903085094570333
cXbwc,cXbwc,56,61,2.0,F,I,F minor,(111000),1,1,1,0,0,0,3,3-2B,3,4,"[5, 7, 8]","[0, 2, 3]",121000.0,1.5,3.3166247903554,0.0,0.07894736842105263,0.19820624179302296
cXbwc,cXbwc,57,62,0.0,B-,IV,F minor,(111000),1,1,1,0,0,0,3,3-2B,3,5,"[5, 7, 8]","[7, 9, 10]",122000.0,1.5,0.0,0.0,0.07894736842105263,0.0
cXbwc,cXbwc,58,63,0.0,A-,bIII,F minor,(122230),1,2,2,2,3,0,10,5-27B,5,11,"[0, 3, 5, 7, 8]","[0, 4, 7, 9, 11]",124000.0,2.0,3.872983346207417,0.1346153846153846,0.10526315789473684,0.23145502494313788
cXbwc,cXbwc,59,64,2.0,E-,bVII,F minor,(122230),1,2,2,2,3,0,10,5-27B,5,5,"[0, 3, 5, 7, 8]","[0, 2, 4, 5, 9]",127000.0,2.0,0.0,0.1346153846153846,0.10526315789473684,0.0
cXbwc,cXbwc,60,65,0.0,A-,bIII,F minor,(212100),2,1,2,1,0,0,6,4-3,4,10,"[4, 5, 7, 8]","[0, 8, 9, 11]",128000.0,2.5,3.4641016151377544,0.057692307692307696,0.13157894736842105,0.20701966780270625
cXbwc,cXbwc,61,66,0.0,F,I,F minor,(336333),3,3,6,3,3,3,21,7-31A,7,8,"[0, 1, 3, 4, 6, 9, 10]","[1, 4, 5, 7, 8, 10, 11]",130000.0,6.9,6.557438524302,0.34615384615384615,0.3631578947368421,0.3918819064098629
cXbwc,cXbwc,62,67,0.0,B-,IV,F minor,(032221),0,3,2,2,2,1,10,5-34,5,5,"[0, 2, 5, 8, 10]","[0, 2, 4, 7, 10]",132000.0,2.3,5.5677643628300215,0.1346153846153846,0.12105263157894736,0.33273756282434613
cXbwc,cXbwc,63,69,0.0,B-,IV,F minor,(354351),3,5,4,3,5,1,21,7-23B,7,9,"[0, 1, 2, 3, 5, 8, 10]","[0, 2, 3, 4, 5, 7, 10]",136000.0,6.3,5.196152422706632,0.34615384615384615,0.33157894736842103,0.3105295017040594
cXbwc,cXbwc,64,70,0.0,E-,bVII,F minor,(665542),6,6,5,5,4,2,28,8-2B,8,8,"[2, 4, 5, 6, 7, 8, 9, 10]","[1, 2, 3, 4, 5, 6, 7, 11]",138000.0,10.6,4.123105625617661,0.4807692307692308,0.5578947368421052,0.24640269015229058
cXbwc,cXbwc,65,71,0.0,A-,bIII,F minor,(313431),3,1,3,4,3,1,15,6-44B,6,9,"[0, 3, 6, 7, 10, 11]","[2, 3, 4, 7, 10, 11]",140000.0,4.3,6.4031242374328485,0.23076923076923078,0.2263157894736842,0.38265986388511064
cXbwc,cXbwc,66,72,0.0,E-,bVII,F minor,(211110),2,1,1,1,1,0,6,4-4A,4,4,"[0, 1, 4, 11]","[1, 8, 9, 10]",142000.0,2.5,4.358898943540674,0.057692307692307696,0.13157894736842105,0.26049403612586386
cXbwc,cXbwc,67,72,2.0,A-,bIII,F minor,(121110),1,2,1,1,1,0,6,4-11A,4,4,"[3, 4, 6, 8]","[0, 7, 8, 10]",143000.0,2.0,1.4142135623730951,0.057692307692307696,0.10526315789473684,0.08451542547285167
cXbwc,cXbwc,68,73,0.0,D-,bVI,F minor,(322210),3,2,2,2,1,0,10,5-3B,5,6,"[0, 1, 3, 4, 5]","[0, 2, 3, 4, 11]",144000.0,4.0,2.449489742783178,0.1346153846153846,0.21052631578947367,0.14638501094227996
cXbwc,cXbwc,69,75,0.0,A-,bIII,F minor,(101310),1,0,1,3,1,0,6,4-19A,4,4,"[0, 3, 7, 11]","[3, 4, 7, 11]",148000.0,1.0,3.1622776601683795,0.057692307692307696,0.05263157894736842,0.18898223650461363
cXbwc,cXbwc,70,76,0.0,F,I,F minor,(345342),3,4,5,3,4,2,21,7-25B,7,7,"[0, 1, 3, 4, 5, 7, 10]","[0, 2, 5, 7, 8, 10, 11]",150000.0,6.6,7.0,0.34615384615384615,0.34736842105263155,0.4183300132670378
cXbwc,cXbwc,71,77,0.0,B-,IV,F minor,(225222),2,2,5,2,2,2,15,6-27B,6,8,"[0, 3, 5, 6, 8, 9]","[2, 5, 7, 8, 10, 11]",152000.0,4.6,3.1622776601683795,0.23076923076923078,0.2421052631578947,0.18898223650461363
cXbwc,cXbwc,72,78,0.0,B-,IV,F minor,(354351),3,5,4,3,5,1,21,7-23A,7,9,"[0, 2, 5, 7, 8, 9, 10]","[0, 2, 4, 7, 9, 10, 11]",154000.0,6.3,4.69041575982343,0.34615384615384615,0.33157894736842103,0.2803059552906941
cXbwc,cXbwc,73,79,0.0,B-,IV,F minor,(121110),1,2,1,1,1,0,6,4-11B,4,4,"[0, 1, 8, 10]","[0, 2, 3, 10]",156000.0,2.0,6.557438524302,0.057692307692307696,0.10526315789473684,0.3918819064098629
cXbwc,cXbwc,74,80,0.0,E-,bVII,F minor,(322210),3,2,2,2,1,0,10,5-3B,5,5,"[1, 2, 4, 5, 6]","[1, 2, 3, 10, 11]",158000.0,4.0,2.449489742783178,0.1346153846153846,0.21052631578947367,0.14638501094227996
cXbwc,cXbwc,75,82,0.0,F,I,F minor,(131221),1,3,1,2,2,1,10,5-24A,5,5,"[0, 1, 3, 5, 7]","[0, 2, 7, 8, 10]",162000.0,3.3,2.8284271247461903,0.1346153846153846,0.17368421052631577,0.16903085094570333
cXbwc,cXbwc,76,83,0.0,B-,IV,F minor,(224232),2,2,4,2,3,2,15,6-29,6,9,"[0, 3, 5, 6, 9, 10]","[0, 2, 5, 7, 8, 11]",164000.0,4.6,3.605551275463989,0.23076923076923078,0.2421052631578947,0.21547290184283363
cXbwc,cXbwc,77,85,0.0,G,II,F minor,(112011),1,1,2,0,1,1,6,4-13A,4,5,"[4, 5, 7, 10]","[0, 3, 9, 10]",168000.0,2.3,3.872983346207417,0.057692307692307696,0.12105263157894736,0.23145502494313788
cXbwc,cXbwc,78,86,0.0,C,V,F minor,(112011),1,1,2,0,1,1,6,4-13B,4,6,"[0, 1, 7, 10]","[0, 1, 7, 10]",170000.0,2.3,0.0,0.057692307692307696,0.12105263157894736,0.0
cXbwc,cXbwc,79,89,0.0,F,I,F minor,(344451),3,4,4,4,5,1,21,7-27B,7,8,"[0, 3, 5, 7, 8, 10, 11]","[0, 2, 3, 5, 6, 7, 10]",176000.0,5.8,7.0,0.34615384615384615,0.30526315789473685,0.4183300132670378
cXbwc,cXbwc,80,90,0.0,C,V,F minor,(114112),1,1,4,1,1,2,10,5-31B,5,8,"[0, 1, 4, 7, 10]","[0, 1, 4, 7, 10]",178000.0,3.1,6.244997998398398,0.1346153846153846,0.1631578947368421,0.37321001364608947
cXbwc,cXbwc,81,91,0.0,F,I,F minor,(122010),1,2,2,0,1,0,6,4-10,4,5,"[5, 7, 8, 10]","[0, 2, 3, 5]",180000.0,2.0,3.1622776601683795,0.057692307692307696,0.10526315789473684,0.18898223650461363
cXbwc,cXbwc,82,92,0.0,B,#IV,F minor,(344451),3,4,4,4,5,1,21,7-27B,7,8,"[0, 3, 5, 7, 8, 10, 11]","[0, 1, 4, 6, 8, 9, 11]",182000.0,5.8,6.708203932499369,0.34615384615384615,0.30526315789473685,0.4008918628686366
cXbwc,cXbwc,83,93,0.0,C,V,F minor,(122010),1,2,2,0,1,0,6,4-10,4,4,"[0, 1, 3, 10]","[0, 1, 3, 10]",184000.0,2.0,6.708203932499369,0.057692307692307696,0.10526315789473684,0.4008918628686366
cXbwc,cXbwc,84,93,2.0,F,I,F minor,(112011),1,1,2,0,1,1,6,4-13A,4,4,"[3, 4, 6, 9]","[1, 4, 10, 11]",185000.0,2.3,1.4142135623730951,0.057692307692307696,0.12105263157894736,0.08451542547285167
cXbwc,cXbwc,85,94,0.0,B-,IV,F minor,(012120),0,1,2,1,2,0,6,4-26,4,4,"[1, 5, 8, 10]","[0, 3, 7, 10]",186000.0,0.5,2.0,0.057692307692307696,0.02631578947368421,0.11952286093343936
cXbwc,cXbwc,86,94,2.0,E-,bVII,F minor,(112011),1,1,2,0,1,1,6,4-13A,4,4,"[1, 2, 4, 7]","[1, 4, 10, 11]",187000.0,2.3,2.0,0.057692307692307696,0.12105263157894736,0.11952286093343936
cXbwc,cXbwc,87,95,0.0,A-,bIII,F minor,(323430),3,2,3,4,3,0,15,6-14A,6,7,"[0, 3, 7, 8, 10, 11]","[0, 2, 3, 4, 7, 11]",188000.0,4.0,5.196152422706632,0.23076923076923078,0.21052631578947367,0.3105295017040594
cXbwc,cXbwc,88,96,2.0,E-,bVII,F minor,(011010),0,1,1,0,1,0,3,3-7A,3,3,"[0, 3, 10]","[0, 7, 9]",191000.0,0.5,5.830951894845301,0.0,0.02631578947368421,0.3484660262185848
lTXyc,Bluebird,0,1,0.0,E-,I,Eb major,(011010),0,1,1,0,1,0,3,3-7B,3,7,"[0, 7, 10]","[4, 7, 9]",0.0,0.5,0.0,0.0,0.02631578947368421,0.0
lTXyc,Bluebird,1,2,2.0,B-,V,Eb major,(100110),1,0,0,1,1,0,3,3-4B,3,3,"[0, 7, 11]","[1, 2, 9]",3000.0,1.0,2.0,0.0,0.05263157894736842,0.11952286093343936
lTXyc,Bluebird,2,3,0.0,G,III,Eb major,(012120),0,1,2,1,2,0,6,4-26,4,5,"[2, 5, 7, 10]","[0, 3, 7, 10]",4000.0,0.5,2.6457513110645907,0.057692307692307696,0.02631578947368421,0.15811388300841897
lTXyc,Bluebird,3,4,0.0,F,II,Eb major,(222220),2,2,2,2,2,0,10,5-11A,5,6,"[0, 3, 8, 10, 11]","[3, 5, 6, 7, 10]",6000.0,3.0,2.449489742783178,0.1346153846153846,0.15789473684210525,0.14638501094227996
lTXyc,Bluebird,4,4,2.0,B-,V,Eb major,(333231),3,3,3,2,3,1,15,6-11B,6,6,"[0, 5, 7, 8, 10, 11]","[0, 1, 2, 7, 9, 10]",7000.0,5.3,2.23606797749979,0.23076923076923078,0.2789473684210526,0.1336306209562122
lTXyc,Bluebird,5,5,0.0,E-,I,Eb major,(001110),0,0,1,1,1,0,3,3-11B,3,10,"[3, 7, 10]","[0, 4, 7]",8000.0,0.0,5.291502622129181,0.0,0.0,0.31622776601683794
lTXyc,Bluebird,6,7,0.0,E-,I,Eb major,(123121),1,2,3,1,2,1,10,5-25B,5,9,"[0, 1, 3, 7, 10]","[0, 4, 7, 9, 10]",12000.0,2.8,3.3166247903554,0.1346153846153846,0.14736842105263157,0.19820624179302296
lTXyc,Bluebird,7,9,0.0,A-,IV,Eb major,(001110),0,0,1,1,1,0,3,3-11A,3,10,"[3, 6, 10]","[2, 7, 10]",16000.0,0.0,3.3166247903554,0.0,0.0,0.19820624179302296
lTXyc,Bluebird,8,11,0.0,E-,I,Eb major,(122230),1,2,2,2,3,0,10,5-27B,5,9,"[0, 2, 3, 7, 10]","[0, 4, 7, 9, 11]",20000.0,2.0,3.3166247903554,0.1346153846153846,0.10526315789473684,0.19820624179302296
lTXyc,Bluebird,9,13,0.0,F,II,Eb major,(001110),0,0,1,1,1,0,3,3-11B,3,10,"[3, 7, 10]","[2, 5, 10]",24000.0,0.0,3.3166247903554,0.0,0.0,0.19820624179302296
lTXyc,Bluebird,10,15,0.0,E-,I,Eb major,(012120),0,1,2,1,2,0,6,4-26,4,9,"[0, 3, 7, 10]","[0, 4, 7, 9]",28000.0,0.5,1.7320508075688772,0.057692307692307696,0.02631578947368421,0.10350983390135313
lTXyc,Bluebird,11,41,0.0,E-,I,Eb major,(122230),1,2,2,2,3,0,10,5-27A,5,9,"[0, 3, 7, 8, 10]","[0, 4, 5, 7, 9]",80000.0,2.0,2.0,0.1346153846153846,0.10526315789473684,0.11952286093343936
lTXyc,Bluebird,12,42,0.0,E-,I,Eb major,(434442),4,3,4,4,4,2,21,7-38B,7,15,"[2, 3, 5, 6, 8, 9, 10]","[0, 2, 3, 5, 6, 7, 11]",82000.0,7.1,4.795831523312719,0.34615384615384615,0.3736842105263158,0.2866057521105554
lTXyc,Bluebird,13,43,0.0,E-,I,Eb major,(677673),6,7,7,6,7,3,36,9-7B,9,16,"[0, 1, 2, 3, 5, 7, 8, 10, 11]","[0, 2, 4, 5, 7, 8, 9, 10, 11]",84000.0,11.9,6.557438524302,0.6346153846153846,0.6263157894736843,0.3918819064098629
lTXyc,Bluebird,14,45,0.0,A-,IV,Eb major,(122131),1,2,2,1,3,1,10,5-29B,5,8,"[0, 3, 5, 6, 10]","[2, 4, 7, 9, 10]",88000.0,2.8,10.954451150103322,0.1346153846153846,0.14736842105263157,0.6546536707079771
lTXyc,Bluebird,15,46,0.0,A-,IV,Eb major,(131221),1,3,1,2,2,1,10,5-24A,5,6,"[0, 5, 6, 8, 10]","[0, 2, 4, 9, 10]",90000.0,3.3,2.0,0.1346153846153846,0.17368421052631577,0.11952286093343936
lTXyc,Bluebird,16,47,0.0,E-,I,Eb major,(111120),1,1,1,1,2,0,6,4-14B,4,4,"[2, 3, 5, 10]","[0, 2, 7, 11]",92000.0,1.5,2.449489742783178,0.057692307692307696,0.07894736842105263,0.14638501094227996
lTXyc,Bluebird,17,48,0.0,E-,I,Eb major,(443211),4,4,3,2,1,1,15,6-2B,6,6,"[0, 1, 2, 8, 10, 11]","[5, 7, 8, 9, 10, 11]",94000.0,6.8,5.0,0.23076923076923078,0.35789473684210527,0.2988071523335984
lTXyc,Bluebird,18,48,2.0,C,VI,Eb major,(434343),4,3,4,3,4,3,21,7-19A,7,8,"[0, 1, 4, 5, 7, 10, 11]","[0, 1, 4, 5, 7, 10, 11]",95000.0,7.9,4.0,0.34615384615384615,0.41578947368421054,0.23904572186687872
lTXyc,Bluebird,19,49,0.0,F,II,Eb major,(898884),8,9,8,8,8,4,45,10-2,10,16,"[0, 1, 2, 3, 5, 7, 8, 9, 10, 11]","[0, 2, 3, 4, 5, 6, 7, 8, 9, 10]",96000.0,15.7,10.488088481701515,0.8076923076923077,0.8263157894736842,0.6267831705280087
lTXyc,Bluebird,20,50,0.0,B-,V,Eb major,(676683),6,7,6,6,8,3,36,9-9,9,17,"[0, 1, 3, 5, 6, 7, 8, 10, 11]","[0, 1, 2, 3, 5, 7, 8, 9, 10]",98000.0,11.9,4.123105625617661,0.6346153846153846,0.6263157894736843,0.24640269015229058
lTXyc,Bluebird,21,51,0.0,E-,I,Eb major,(676683),6,7,6,6,8,3,36,9-9,9,16,"[0, 1, 3, 5, 6, 7, 8, 10, 11]","[0, 2, 3, 4, 5, 7, 8, 9, 10]",100000.0,11.9,0.0,0.6346153846153846,0.6263157894736843,0.0
lTXyc,Bluebird,22,53,0.0,E-,I,Eb major,(012120),0,1,2,1,2,0,6,4-26,4,7,"[0, 3, 7, 10]","[0, 4, 7, 9]",104000.0,0.5,12.569805089976535,0.057692307692307696,0.02631578947368421,0.7511895328648518
lTXyc,Bluebird,23,54,0.0,A-,IV,Eb major,(002001),0,0,2,0,0,1,3,3-10,3,4,"[0, 3, 6]","[4, 7, 10]",106000.0,0.8,2.6457513110645907,0.0,0.042105263157894736,0.15811388300841897
lTXyc,Bluebird,24,55,0.0,E-,I,Eb major,(032140),0,3,2,1,4,0,10,5-35,5,9,"[0, 3, 5, 7, 10]","[0, 2, 4, 7, 9]",108000.0,1.5,5.196152422706632,0.1346153846153846,0.07894736842105263,0.3105295017040594
lTXyc,Bluebird,25,56,0.0,E-,I,Eb major,(143241),1,4,3,2,4,1,15,6-33A,6,6,"[0, 1, 3, 5, 7, 10]","[0, 2, 4, 7, 9, 10]",110000.0,3.8,2.23606797749979,0.23076923076923078,0.19999999999999998,0.1336306209562122
lTXyc,Bluebird,26,59,0.0,E-,I,Eb major,(445332),4,4,5,3,3,2,21,7-10A,7,12,"[0, 1, 3, 6, 9, 10, 11]","[0, 3, 6, 7, 8, 9, 10]",116000.0,7.6,4.0,0.34615384615384615,0.39999999999999997,0.23904572186687872
lTXyc,Bluebird,27,60,0.0,E-,I,Eb major,(10101010105),10,10,10,10,10,5,55,11-1,11,17,"[0, 1, 2, 3, 4, 5, 6, 7, 8, 9, 10]","[0, 1, 2, 3, 4, 5, 6, 7, 9, 10, 11]",118000.0,19.0,14.2828568570857,1.0,1.0,0.8535639569308375
lTXyc,Bluebird,28,61,0.0,F,II,Eb major,(566452),5,6,6,4,5,2,28,8-10,8,11,"[0, 1, 2, 3, 5, 8, 10, 11]","[0, 3, 5, 6, 7, 8, 9, 10]",120000.0,9.6,11.269427669584644,0.4807692307692308,0.5052631578947369,0.6734771180756095
lTXyc,Bluebird,29,62,0.0,B-,V,Eb major,(221311),2,2,1,3,1,1,10,5-13B,5,11,"[2, 6, 8, 9, 10]","[0, 4, 8, 10, 11]",122000.0,3.8,8.246211251235321,0.1346153846153846,0.19999999999999998,0.49280538030458115
lTXyc,Bluebird,30,63,0.0,E-,I,Eb major,(686763),6,8,6,7,6,3,36,9-6,9,16,"[0, 1, 3, 5, 7, 8, 9, 10, 11]","[0, 2, 4, 5, 6, 7, 8, 9, 10]",124000.0,12.4,11.045361017187261,0.6346153846153846,0.6526315789473685,0.6600865744084526
lTXyc,Bluebird,31,64,0.0,F,II,Eb major,(343230),3,4,3,2,3,0,15,6-8,6,6,"[3, 5, 6, 7, 8, 10]","[0, 1, 2, 3, 5, 10]",126000.0,5.0,8.774964387392123,0.23076923076923078,0.2631578947368421,0.5244044240850758
lTXyc,Bluebird,32,64,2.0,B-,V,Eb major,(021030),0,2,1,0,3,0,6,4-23,4,5,"[1, 3, 8, 10]","[0, 3, 5, 10]",127000.0,1.0,4.58257569495584,0.057692307692307696,0.05263157894736842,0.27386127875258304
mRfYc,Steeplechase,0,1,0.0,B-,I,Bb major,(032140),0,3,2,1,4,0,10,5-35,5,5,"[0, 2, 5, 7, 10]","[0, 2, 4, 7, 9]",0.0,1.5,0.0,0.1346153846153846,0.07894736842105263,0.0
mRfYc,Steeplechase,1,2,0.0,C,II,Bb major,(101310),1,0,1,3,1,0,6,4-19B,4,4,"[3, 7, 10, 11]","[3, 7, 10, 11]",2000.0,1.0,4.898979485566356,0.057692307692307696,0.05263157894736842,0.2927700218845599
mRfYc,Steeplechase,2,3,0.0,B-,I,Bb major,(011010),0,1,1,0,1,0,3,3-7B,3,3,"[5, 8, 10]","[0, 7, 10]",4000.0,0.5,3.3166247903554,0.0,0.02631578947368421,0.19820624179302296
mRfYc,Steeplechase,3,3,2.0,G,VI,Bb major,(210000),2,1,0,0,0,0,3,3-1,3,3,"[6, 7, 8]","[0, 1, 11]",5000.0,2.5,2.449489742783178,0.0,0.13157894736842105,0.14638501094227996
mRfYc,Steeplechase,4,4,0.0,C,II,Bb major,(321000),3,2,1,0,0,0,6,4-1,4,4,"[2, 3, 4, 5]","[2, 3, 4, 5]",6000.0,4.0,1.7320508075688772,0.057692307692307696,0.21052631578947367,0.10350983390135313
mRfYc,Steeplechase,5,5,0.0,B-,I,Bb major,(032140),0,3,2,1,4,0,10,5-35,5,5,"[0, 2, 5, 7, 10]","[0, 2, 4, 7, 9]",8000.0,1.5,5.291502622129181,0.1346153846153846,0.07894736842105263,0.31622776601683794
mRfYc,Steeplechase,6,6,0.0,C,II,Bb major,(101310),1,0,1,3,1,0,6,4-19B,4,4,"[3, 7, 10, 11]","[3, 7, 10, 11]",10000.0,1.0,4.898979485566356,0.057692307692307696,0.05263157894736842,0.2927700218845599
mRfYc,Steeplechase,7,7,0.0,B-,I,Bb major,(011010),0,1,1,0,1,0,3,3-7B,3,3,"[5, 8, 10]","[0, 7, 10]",12000.0,0.5,3.3166247903554,0.0,0.02631578947368421,0.19820624179302296
mRfYc,Steeplechase,8,7,2.0,G,VI,Bb major,(210000),2,1,0,0,0,0,3,3-1,3,3,"[6, 7, 8]","[0, 1, 11]",13000.0,2.5,2.449489742783178,0.0,0.13157894736842105,0.14638501094227996
mRfYc,Steeplechase,9,8,0.0,C,II,Bb major,(111120),1,1,1,1,2,0,6,4-14B,4,4,"[2, 3, 5, 10]","[2, 3, 5, 10]",14000.0,1.5,2.6457513110645907,0.057692307692307696,0.07894736842105263,0.15811388300841897
mRfYc,Steeplechase,10,9,0.0,B-,I,Bb major,(032140),0,3,2,1,4,0,10,5-35,5,5,"[0, 2, 5, 7, 10]","[0, 2, 4, 7, 9]",16000.0,1.5,3.1622776601683795,0.1346153846153846,0.07894736842105263,0.18898223650461363
mRfYc,Steeplechase,11,10,0.0,C,II,Bb major,(101310),1,0,1,3,1,0,6,4-19B,4,4,"[3, 7, 10, 11]","[3, 7, 10, 11]",18000.0,1.0,4.898979485566356,0.057692307692307696,0.05263157894736842,0.2927700218845599
mRfYc,Steeplechase,12,11,0.0,B-,I,Bb major,(011010),0,1,1,0,1,0,3,3-7B,3,3,"[5, 8, 10]","[0, 7, 10]",20000.0,0.5,3.3166247903554,0.0,0.02631578947368421,0.19820624179302296
mRfYc,Steeplechase,13,11,2.0,G,VI,Bb major,(210000),2,1,0,0,0,0,3,3-1,3,3,"[6, 7, 8]","[0, 1, 11]",21000.0,2.5,2.449489742783178,0.0,0.13157894736842105,0.14638501094227996
mRfYc,Steeplechase,14,12,0.0,C,II,Bb major,(321000),3,2,1,0,0,0,6,4-1,4,4,"[2, 3, 4, 5]","[2, 3, 4, 5]",22000.0,4.0,1.7320508075688772,0.057692307692307696,0.21052631578947367,0.10350983390135313
mRfYc,Steeplechase,15,13,0.0,B-,I,Bb major,(032140),0,3,2,1,4,0,10,5-35,5,5,"[0, 2, 5, 7, 10]","[0, 2, 4, 7, 9]",24000.0,1.5,5.291502622129181,0.1346153846153846,0.07894736842105263,0.31622776601683794
mRfYc,Steeplechase,16,14,0.0,C,II,Bb major,(101310),1,0,1,3,1,0,6,4-19B,4,4,"[3, 7, 10, 11]","[3, 7, 10, 11]",26000.0,1.0,4.898979485566356,0.057692307692307696,0.05263157894736842,0.2927700218845599
mRfYc,Steeplechase,17,15,0.0,B-,I,Bb major,(011010),0,1,1,0,1,0,3,3-7B,3,3,"[5, 8, 10]","[0, 7, 10]",28000.0,0.5,3.3166247903554,0.0,0.02631578947368421,0.19820624179302296
mRfYc,Steeplechase,18,15,2.0,G,VI,Bb major,(210000),2,1,0,0,0,0,3,3-1,3,3,"[6, 7, 8]","[0, 1, 11]",29000.0,2.5,2.449489742783178,0.0,0.13157894736842105,0.14638501094227996
mRfYc,Steeplechase,19,16,0.0,C,II,Bb major,(111120),1,1,1,1,2,0,6,4-14B,4,4,"[2, 3, 5, 10]","[2, 3, 5, 10]",30000.0,1.5,2.6457513110645907,0.057692307692307696,0.07894736842105263,0.15811388300841897
mRfYc,Steeplechase,20,17,0.0,D,III,Bb major,(111000),1,1,1,0,0,0,3,3-2A,3,5,"[5, 6, 8]","[3, 4, 6]",32000.0,1.5,2.23606797749979,0.0,0.07894736842105263,0.1336306209562122
mRfYc,Steeplechase,21,18,0.0,D,III,Bb major,(224223),2,2,4,2,2,3,15,6-30A,6,8,"[0, 3, 4, 6, 9, 10]","[1, 2, 4, 7, 8, 10]",34000.0,5.4,5.291502622129181,0.23076923076923078,0.28421052631578947,0.31622776601683794
mRfYc,Steeplechase,22,19,0.0,G,VI,Bb major,(111120),1,1,1,1,2,0,6,4-14A,4,5,"[2, 4, 5, 9]","[2, 7, 9, 10]",36000.0,1.5,4.58257569495584,0.057692307692307696,0.07894736842105263,0.27386127875258304
mRfYc,Steeplechase,23,21,0.0,C,II,Bb major,(543342),5,4,3,3,4,2,21,7-5B,7,10,"[0, 1, 2, 4, 5, 6, 7]","[0, 1, 2, 4, 5, 6, 7]",40000.0,8.6,6.4031242374328485,0.34615384615384615,0.4526315789473684,0.38265986388511064
mRfYc,Steeplechase,24,22,0.0,C,II,Bb major,(254361),2,5,4,3,6,1,21,7-35,7,10,"[0, 2, 4, 5, 7, 9, 10]","[0, 2, 4, 5, 7, 9, 10]",42000.0,5.3,4.0,0.34615384615384615,0.2789473684210526,0.23904572186687872
mRfYc,Steeplechase,25,23,0.0,F,V,Bb major,(011010),0,1,1,0,1,0,3,3-7B,3,5,"[0, 7, 10]","[2, 5, 7]",44000.0,0.5,8.0,0.0,0.02631578947368421,0.47809144373375745
mRfYc,Steeplechase,26,24,0.0,F,V,Bb major,(234222),2,3,4,2,2,2,15,6-23,6,9,"[0, 2, 3, 5, 6, 8]","[0, 1, 3, 7, 9, 10]",46000.0,5.1,5.0990195135927845,0.23076923076923078,0.26842105263157895,0.304724700110022
mRfYc,Steeplechase,27,25,0.0,B-,I,Bb major,(032140),0,3,2,1,4,0,10,5-35,5,6,"[0, 2, 5, 7, 10]","[0, 2, 4, 7, 9]",48000.0,1.5,4.123105625617661,0.1346153846153846,0.07894736842105263,0.24640269015229058
mRfYc,Steeplechase,28,26,0.0,C,II,Bb major,(101310),1,0,1,3,1,0,6,4-19B,4,4,"[3, 7, 10, 11]","[3, 7, 10, 11]",50000.0,1.0,4.898979485566356,0.057692307692307696,0.05263157894736842,0.2927700218845599
mRfYc,Steeplechase,29,27,0.0,B-,I,Bb major,(011010),0,1,1,0,1,0,3,3-7B,3,3,"[5, 8, 10]","[0, 7, 10]",52000.0,0.5,3.3166247903554,0.0,0.02631578947368421,0.19820624179302296
mRfYc,Steeplechase,30,27,2.0,G,VI,Bb major,(210000),2,1,0,0,0,0,3,3-1,3,3,"[6, 7, 8]","[0, 1, 11]",53000.0,2.5,2.449489742783178,0.0,0.13157894736842105,0.14638501094227996
mRfYc,Steeplechase,31,28,0.0,C,II,Bb major,(321000),3,2,1,0,0,0,6,4-1,4,4,"[2, 3, 4, 5]","[2, 3, 4, 5]",54000.0,4.0,1.7320508075688772,0.057692307692307696,0.21052631578947367,0.10350983390135313
mRfYc,Steeplechase,32,29,0.0,B-,I,Bb major,(032140),0,3,2,1,4,0,10,5-35,5,5,"[0, 2, 5, 7, 10]","[0, 2, 4, 7, 9]",56000.0,1.5,5.291502622129181,0.1346153846153846,0.07894736842105263,0.31622776601683794
mRfYc,Steeplechase,33,30,0.0,C,II,Bb major,(101310),1,0,1,3,1,0,6,4-19B,4,4,"[3, 7, 10, 11]","[3, 7, 10, 11]",58000.0,1.0,4.898979485566356,0.057692307692307696,0.05263157894736842,0.2927700218845599
mRfYc,Steeplechase,34,31,0.0,B-,I,Bb major,(011010),0,1,1,0,1,0,3,3-7B,3,3,"[5, 8, 10]","[0, 7, 10]",60000.0,0.5,3.3166247903554,0.0,0.02631578947368421,0.19820624179302296
mRfYc,Steeplechase,35,31,2.0,G,VI,Bb major,(210000),2,1,0,0,0,0,3,3-1,3,3,"[6, 7, 8]","[0, 1, 11]",61000.0,2.5,2.449489742783178,0.0,0.13157894736842105,0.14638501094227996
mRfYc,Steeplechase,36,32,0.0,C,II,Bb major,(111120),1,1,1,1,2,0,6,4-14B,4,4,"[2, 3, 5, 10]","[2, 3, 5, 10]",62000.0,1.5,2.6457513110645907,0.057692307692307696,0.07894736842105263,0.15811388300841897
mRfYc,Steeplechase,37,33,0.0,B-,I,Bb major,(111000),1,1,1,0,0,0,3,3-2A,3,8,"[0, 9, 10]","[0, 2, 11]",64000.0,1.5,2.23606797749979,0.0,0.07894736842105263,0.1336306209562122
mRfYc,Steeplechase,38,34,0.0,C,II,Bb major,(100110),1,0,0,1,1,0,3,3-4B,3,4,"[2, 3, 10]","[2, 3, 10]",66000.0,1.0,2.0,0.0,0.05263157894736842,0.11952286093343936
mRfYc,Steeplechase,39,34,2.0,F,V,Bb major,(132130),1,3,2,1,3,0,10,5-23A,5,5,"[0, 2, 7, 9, 10]","[2, 4, 5, 7, 9]",67000.0,2.5,4.123105625617661,0.1346153846153846,0.13157894736842105,0.24640269015229058
mRfYc,Steeplechase,40,35,0.0,B-,I,Bb major,(100110),1,0,0,1,1,0,3,3-4B,3,4,"[5, 9, 10]","[0, 7, 11]",68000.0,1.0,4.123105625617661,0.0,0.05263157894736842,0.24640269015229058
mRfYc,Steeplechase,41,36,0.0,C,II,Bb major,(111000),1,1,1,0,0,0,3,3-2A,3,4,"[6, 7, 9]","[6, 7, 9]",70000.0,1.5,2.0,0.0,0.07894736842105263,0.11952286093343936
mRfYc,Steeplechase,42,36,2.0,F,V,Bb major,(233241),2,3,3,2,4,1,15,6-25B,6,8,"[0, 2, 3, 7, 9, 10]","[2, 4, 5, 7, 9, 10]",71000.0,4.3,5.477225575051661,0.23076923076923078,0.2263157894736842,0.32732683535398854
mRfYc,Steeplechase,43,37,0.0,F,V,Bb major,(021120),0,2,1,1,2,0,6,4-22B,4,5,"[0, 3, 5, 7]","[0, 2, 7, 10]",72000.0,1.0,3.872983346207417,0.057692307692307696,0.05263157894736842,0.23145502494313788
mRfYc,Steeplechase,44,37,2.0,B-,I,Bb major,(233241),2,3,3,2,4,1,15,6-25B,6,6,"[0, 2, 3, 5, 7, 8]","[2, 4, 5, 7, 9, 10]",73000.0,4.3,3.872983346207417,0.23076923076923078,0.2263157894736842,0.23145502494313788
mRfYc,Steeplechase,45,38,0.0,E-,IV,Bb major,(555553),5,5,5,5,5,3,28,8-15A,8,11,"[0, 2, 3, 6, 7, 8, 9, 10]","[0, 3, 4, 5, 6, 7, 9, 11]",74000.0,9.9,5.5677643628300215,0.4807692307692308,0.5210526315789474,0.33273756282434613
mRfYc,Steeplechase,46,39,0.0,D,III,Bb major,(100110),1,0,0,1,1,0,3,3-4A,3,3,"[2, 9, 10]","[0, 7, 8]",76000.0,1.0,10.344080432788601,0.0,0.05263157894736842,0.6181770435262516
mRfYc,Steeplechase,47,39,2.0,G,VI,Bb major,(143250),1,4,3,2,5,0,15,6-32,6,8,"[0, 2, 5, 7, 9, 10]","[0, 2, 3, 5, 7, 10]",77000.0,3.0,6.48074069840786,0.23076923076923078,0.15789473684210525,0.3872983346207417
mRfYc,Steeplechase,48,40,0.0,C,II,Bb major,(143250),1,4,3,2,5,0,15,6-32,6,6,"[0, 2, 5, 7, 9, 10]","[0, 2, 5, 7, 9, 10]",78000.0,3.0,0.0,0.23076923076923078,0.15789473684210525,0.0
mRfYc,Steeplechase,49,41,0.0,B-,I,Bb major,(344451),3,4,4,4,5,1,21,7-27B,7,8,"[0, 2, 3, 5, 6, 7, 10]","[0, 2, 4, 5, 7, 8, 9]",80000.0,5.8,3.1622776601683795,0.34615384615384615,0.30526315789473685,0.18898223650461363
mRfYc,Steeplechase,50,42,0.0,C,II,Bb major,(111000),1,1,1,0,0,0,3,3-2A,3,5,"[0, 9, 10]","[0, 9, 10]",82000.0,1.5,8.0,0.0,0.07894736842105263,0.47809144373375745
mRfYc,Steeplechase,51,42,2.0,F,V,Bb major,(021030),0,2,1,0,3,0,6,4-23,4,4,"[0, 5, 7, 10]","[0, 2, 5, 7]",83000.0,1.0,3.3166247903554,0.057692307692307696,0.05263157894736842,0.19820624179302296
mRfYc,Steeplechase,52,43,2.0,G,VI,Bb major,(101220),1,0,1,2,2,0,6,4-20,4,6,"[2, 5, 9, 10]","[2, 3, 7, 10]",85000.0,1.0,3.1622776601683795,0.057692307692307696,0.05263157894736842,0.18898223650461363
mRfYc,Steeplechase,53,44,0.0,C,II,Bb major,(201210),2,0,1,2,1,0,6,4-7,4,4,"[3, 4, 7, 8]","[3, 4, 7, 8]",86000.0,2.0,1.4142135623730951,0.057692307692307696,0.10526315789473684,0.08451542547285167
mRfYc,Steeplechase,54,44,2.0,F,V,Bb major,(020100),0,2,0,1,0,0,3,3-6,3,4,"[0, 2, 10]","[5, 7, 9]",87000.0,1.0,3.3166247903554,0.0,0.05263157894736842,0.19820624179302296
mRfYc,Steeplechase,55,45,0.0,F,V,Bb major,(112011),1,1,2,0,1,1,6,4-13B,4,5,"[0, 3, 5, 6]","[0, 1, 7, 10]",88000.0,2.3,3.0,0.057692307692307696,0.12105263157894736,0.17928429140015903
mRfYc,Steeplechase,56,45,2.0,B-,I,Bb major,(030201),0,3,0,2,0,1,6,4-21,4,4,"[0, 2, 8, 10]","[0, 2, 4, 10]",89000.0,2.3,3.7416573867739413,0.057692307692307696,0.12105263157894736,0.22360679774997896
mRfYc,Steeplechase,57,47,0.0,B-,I,Bb major,(110121),1,1,0,1,2,1,6,4-16A,4,7,"[0, 5, 6, 10]","[0, 2, 7, 8]",92000.0,2.3,3.1622776601683795,0.057692307692307696,0.12105263157894736,0.18898223650461363
mRfYc,Steeplechase,58,49,0.0,D,III,Bb major,(114112),1,1,4,1,1,2,10,5-31B,5,6,"[0, 2, 3, 6, 9]","[0, 1, 4, 7, 10]",96000.0,3.1,4.242640687119285,0.1346153846153846,0.1631578947368421,0.25354627641855493
mRfYc,Steeplechase,59,50,0.0,D,III,Bb major,(142422),1,4,2,4,2,2,15,6-34B,6,7,"[0, 2, 3, 6, 8, 10]","[0, 1, 4, 6, 8, 10]",98000.0,4.6,4.795831523312719,0.23076923076923078,0.2421052631578947,0.2866057521105554
mRfYc,Steeplechase,60,51,0.0,G,VI,Bb major,(111120),1,1,1,1,2,0,6,4-14A,4,5,"[2, 4, 5, 9]","[2, 7, 9, 10]",100000.0,1.5,4.795831523312719,0.057692307692307696,0.07894736842105263,0.2866057521105554
mRfYc,Steeplechase,61,52,0.0,G,VI,Bb major,(114112),1,1,4,1,1,2,10,5-31B,5,6,"[2, 5, 8, 10, 11]","[1, 3, 4, 7, 10]",102000.0,3.1,3.7416573867739413,0.1346153846153846,0.1631578947368421,0.22360679774997896
mRfYc,Steeplechase,62,53,0.0,C,II,Bb major,(544431),5,4,4,4,3,1,21,7-3A,7,9,"[2, 3, 4, 5, 6, 7, 10]","[2, 3, 4, 5, 6, 7, 10]",104000.0,7.8,6.244997998398398,0.34615384615384615,0.4105263157894737,0.37321001364608947
mRfYc,Steeplechase,63,54,0.0,C,II,Bb major,(456562),4,5,6,5,6,2,28,8-26,8,13,"[0, 1, 2, 4, 5, 7, 9, 10]","[0, 1, 2, 4, 5, 7, 9, 10]",106000.0,8.1,4.123105625617661,0.4807692307692308,0.4263157894736842,0.24640269015229058
mRfYc,Steeplechase,64,55,0.0,F,V,Bb major,(342231),3,4,2,2,3,1,15,6-9B,6,8,"[0, 5, 7, 9, 10, 11]","[0, 2, 4, 5, 6, 7]",108000.0,5.8,6.082762530298219,0.23076923076923078,0.30526315789473685,0.3635145899999849
mRfYc,Steeplechase,65,56,0.0,F,V,Bb major,(335442),3,3,5,4,4,2,21,7-32A,7,10,"[0, 2, 3, 6, 7, 9, 10]","[1, 2, 4, 5, 7, 9, 10]",110000.0,6.1,4.0,0.34615384615384615,0.32105263157894737,0.23904572186687872
mRfYc,Steeplechase,66,57,0.0,B-,I,Bb major,(010020),0,1,0,0,2,0,3,3-9,3,4,"[0, 5, 10]","[0, 2, 7]",112000.0,0.5,7.874007874011811,0.0,0.02631578947368421,0.4705619740571601
mRfYc,Steeplechase,67,58,0.0,C,II,Bb major,(111000),1,1,1,0,0,0,3,3-2B,3,3,"[0, 2, 3]","[0, 2, 3]",114000.0,1.5,2.449489742783178,0.0,0.07894736842105263,0.14638501094227996
mRfYc,Steeplechase,68,59,0.0,B-,I,Bb major,(032140),0,3,2,1,4,0,10,5-35,5,6,"[0, 2, 5, 7, 10]","[0, 2, 4, 7, 9]",116000.0,1.5,4.795831523312719,0.1346153846153846,0.07894736842105263,0.2866057521105554
mRfYc,Steeplechase,69,61,0.0,F,V,Bb major,(012120),0,1,2,1,2,0,6,4-26,4,4,"[0, 3, 5, 8]","[0, 3, 7, 10]",120000.0,0.5,2.8284271247461903,0.057692307692307696,0.02631578947368421,0.16903085094570333
mRfYc,Steeplechase,70,61,2.0,B-,I,Bb major,(321000),3,2,1,0,0,0,6,4-1,4,4,"[4, 5, 6, 7]","[6, 7, 8, 9]",121000.0,4.0,4.0,0.057692307692307696,0.21052631578947367,0.23904572186687872
mRfYc,Steeplechase,71,62,0.0,E-,IV,Bb major,(332110),3,3,2,1,1,0,10,5-2B,5,6,"[0, 1, 2, 3, 10]","[0, 7, 9, 10, 11]",122000.0,4.5,2.0,0.1346153846153846,0.23684210526315788,0.11952286093343936
mRfYc,Steeplechase,72,63,0.0,B-,I,Bb major,(444342),4,4,4,3,4,2,21,7-36A,7,11,"[0, 2, 3, 5, 9, 10, 11]","[0, 1, 2, 4, 5, 7, 11]",124000.0,7.6,4.795831523312719,0.34615384615384615,0.39999999999999997,0.2866057521105554
mRfYc,Steeplechase,73,64,0.0,C,II,Bb major,(122010),1,2,2,0,1,0,6,4-10,4,5,"[0, 7, 9, 10]","[0, 7, 9, 10]",126000.0,2.0,6.244997998398398,0.057692307692307696,0.10526315789473684,0.37321001364608947
mRfYc,Steeplechase,74,64,2.0,F,V,Bb major,(122010),1,2,2,0,1,0,6,4-10,4,6,"[0, 2, 3, 5]","[0, 7, 9, 10]",127000.0,2.0,0.0,0.057692307692307696,0.10526315789473684,0.0
mRfYc,Steeplechase,75,65,0.0,B-,I,Bb major,(011010),0,1,1,0,1,0,3,3-7B,3,3,"[0, 7, 10]","[0, 2, 9]",128000.0,0.5,1.7320508075688772,0.0,0.02631578947368421,0.10350983390135313
mTHyc,Buzzy,0,1,0.0,B-,I,Bb major,(121110),1,2,1,1,1,0,6,4-11A,4,7,"[0, 2, 9, 10]","[0, 2, 4, 11]",0.0,2.0,0.0,0.057692307692307696,0.10526315789473684,0.0
mTHyc,Buzzy,1,2,0.0,B-,I,Bb major,(010020),0,1,0,0,2,0,3,3-9,3,3,"[0, 5, 10]","[0, 2, 7]",2000.0,0.5,2.23606797749979,0.0,0.02631578947368421,0.1336306209562122
mTHyc,Buzzy,2,3,0.0,B-,I,Bb major,(354351),3,5,4,3,5,1,21,7-23A,7,8,"[0, 2, 5, 7, 8, 9, 10]","[0, 2, 4, 7, 9, 10, 11]",4000.0,6.3,7.745966692414834,0.34615384615384615,0.33157894736842103,0.46291004988627577
mTHyc,Buzzy,3,5,0.0,E-,IV,Bb major,(212100),2,1,2,1,0,0,6,4-3,4,7,"[0, 1, 9, 10]","[6, 7, 9, 10]",8000.0,2.5,7.14142842854285,0.057692307692307696,0.13157894736842105,0.42678197846541877
mTHyc,Buzzy,4,6,0.0,E-,IV,Bb major,(010020),0,1,0,0,2,0,3,3-9,3,3,"[0, 5, 10]","[2, 7, 9]",10000.0,0.5,3.605551275463989,0.0,0.02631578947368421,0.21547290184283363
mTHyc,Buzzy,5,7,0.0,B-,I,Bb major,(354351),3,5,4,3,5,1,21,7-23A,7,8,"[0, 2, 5, 7, 8, 9, 10]","[0, 2, 4, 7, 9, 10, 11]",12000.0,6.3,7.745966692414834,0.34615384615384615,0.33157894736842103,0.46291004988627577
mTHyc,Buzzy,6,9,0.0,C,II,Bb major,(121110),1,2,1,1,1,0,6,4-11A,4,7,"[0, 2, 9, 10]","[0, 2, 9, 10]",16000.0,2.0,6.557438524302,0.057692307692307696,0.10526315789473684,0.3918819064098629
mTHyc,Buzzy,7,10,0.0,F,V,Bb major,(010020),0,1,0,0,2,0,3,3-9,3,3,"[0, 5, 10]","[0, 5, 7]",18000.0,0.5,2.23606797749979,0.0,0.02631578947368421,0.1336306209562122
mTHyc,Buzzy,8,11,0.0,B-,I,Bb major,(354351),3,5,4,3,5,1,21,7-23A,7,8,"[0, 2, 5, 7, 8, 9, 10]","[0, 2, 4, 7, 9, 10, 11]",20000.0,6.3,7.745966692414834,0.34615384615384615,0.33157894736842103,0.46291004988627577
mTHyc,Buzzy,9,12,2.0,F,V,Bb major,(332110),3,3,2,1,1,0,10,5-2B,5,6,"[3, 5, 6, 7, 8]","[0, 1, 2, 3, 10]",23000.0,4.5,5.385164807134504,0.1346153846153846,0.23684210526315788,0.3218251521733945
mTHyc,Buzzy,10,13,0.0,B-,I,Bb major,(211110),2,1,1,1,1,0,6,4-4B,4,5,"[1, 2, 3, 10]","[0, 3, 4, 5]",24000.0,2.5,2.449489742783178,0.057692307692307696,0.13157894736842105,0.14638501094227996
mTHyc,Buzzy,11,14,0.0,B-,I,Bb major,(433221),4,3,3,2,2,1,15,6-3B,6,8,"[2, 3, 5, 6, 7, 8]","[4, 5, 7, 8, 9, 10]",26000.0,6.3,3.872983346207417,0.23076923076923078,0.33157894736842103,0.23145502494313788
mTHyc,Buzzy,12,15,0.0,B-,I,Bb major,(254361),2,5,4,3,6,1,21,7-35,7,9,"[0, 2, 3, 5, 7, 8, 10]","[0, 2, 4, 5, 7, 9, 10]",28000.0,5.3,5.0990195135927845,0.34615384615384615,0.2789473684210526,0.304724700110022
mTHyc,Buzzy,13,16,0.0,B-,I,Bb major,(443211),4,4,3,2,1,1,15,6-2A,6,7,"[0, 2, 8, 9, 10, 11]","[0, 1, 2, 4, 10, 11]",30000.0,6.8,5.656854249492381,0.23076923076923078,0.35789473684210527,0.33806170189140666
mTHyc,Buzzy,14,17,0.0,E-,IV,Bb major,(143241),1,4,3,2,4,1,15,6-33A,6,8,"[0, 1, 3, 5, 7, 10]","[0, 2, 4, 7, 9, 10]",32000.0,3.8,4.242640687119285,0.23076923076923078,0.19999999999999998,0.25354627641855493
mTHyc,Buzzy,15,18,0.0,E-,IV,Bb major,(210000),2,1,0,0,0,0,3,3-1,3,4,"[2, 3, 4]","[0, 1, 11]",34000.0,2.5,6.324555320336759,0.0,0.13157894736842105,0.37796447300922725
mTHyc,Buzzy,16,19,0.0,B-,I,Bb major,(131221),1,3,1,2,2,1,10,5-24B,5,7,"[3, 5, 7, 9, 10]","[0, 5, 7, 9, 11]",36000.0,3.3,3.872983346207417,0.1346153846153846,0.17368421052631577,0.23145502494313788
mTHyc,Buzzy,17,20,0.0,G,VI,Bb major,(335442),3,3,5,4,4,2,21,7-32A,7,8,"[0, 2, 3, 5, 7, 8, 11]","[0, 1, 4, 5, 7, 8, 10]",38000.0,6.1,5.385164807134504,0.34615384615384615,0.32105263157894737,0.3218251521733945
mTHyc,Buzzy,18,22,0.0,F,V,Bb major,(143250),1,4,3,2,5,0,15,6-32,6,9,"[0, 2, 3, 5, 7, 10]","[0, 2, 5, 7, 9, 10]",42000.0,3.0,4.242640687119285,0.23076923076923078,0.15789473684210525,0.25354627641855493
mTHyc,Buzzy,19,23,0.0,B-,I,Bb major,(224232),2,2,4,2,3,2,15,6-29,6,8,"[0, 3, 5, 6, 9, 10]","[0, 2, 5, 7, 8, 11]",44000.0,4.6,3.7416573867739413,0.23076923076923078,0.2421052631578947,0.22360679774997896
mTHyc,Buzzy,20,25,0.0,B-,I,Bb major,(100110),1,0,0,1,1,0,3,3-4B,3,10,"[2, 3, 10]","[0, 4, 5]",48000.0,1.0,5.477225575051661,0.0,0.05263157894736842,0.32732683535398854
mTHyc,Buzzy,21,26,0.0,E-,IV,Bb major,(100110),1,0,0,1,1,0,3,3-4B,3,4,"[2, 3, 10]","[0, 7, 11]",50000.0,1.0,0.0,0.0,0.05263157894736842,0.0
mTHyc,Buzzy,22,27,0.0,B-,I,Bb major,(110121),1,1,0,1,2,1,6,4-16B,4,6,"[2, 3, 8, 10]","[0, 4, 5, 10]",52000.0,2.3,1.7320508075688772,0.057692307692307696,0.12105263157894736,0.10350983390135313
mTHyc,Buzzy,23,28,0.0,B-,I,Bb major,(321000),3,2,1,0,0,0,6,4-1,4,4,"[4, 5, 6, 7]","[6, 7, 8, 9]",54000.0,4.0,3.4641016151377544,0.057692307692307696,0.21052631578947367,0.20701966780270625
mTHyc,Buzzy,24,29,0.0,E-,IV,Bb major,(223111),2,2,3,1,1,1,10,5-10A,5,7,"[0, 1, 3, 9, 10]","[0, 6, 7, 9, 10]",56000.0,3.8,2.8284271247461903,0.1346153846153846,0.19999999999999998,0.16903085094570333
mTHyc,Buzzy,25,31,0.0,B-,I,Bb major,(344451),3,4,4,4,5,1,21,7-27B,7,8,"[0, 2, 3, 5, 6, 7, 10]","[0, 2, 4, 5, 7, 8, 9]",60000.0,5.8,5.5677643628300215,0.34615384615384615,0.30526315789473685,0.33273756282434613
mTHyc,Buzzy,26,32,0.0,G,VI,Bb major,(225222),2,2,5,2,2,2,15,6-27B,6,9,"[2, 5, 7, 8, 10, 11]","[0, 1, 3, 4, 7, 10]",62000.0,4.6,4.47213595499958,0.23076923076923078,0.2421052631578947,0.2672612419124244
mTHyc,Buzzy,27,33,0.0,C,II,Bb major,(143250),1,4,3,2,5,0,15,6-32,6,6,"[0, 2, 3, 5, 7, 10]","[0, 2, 3, 5, 7, 10]",64000.0,3.0,4.69041575982343,0.23076923076923078,0.15789473684210525,0.2803059552906941
mTHyc,Buzzy,28,34,0.0,F,V,Bb major,(335442),3,3,5,4,4,2,21,7-32B,7,9,"[0, 2, 3, 5, 6, 9, 10]","[0, 1, 4, 5, 7, 9, 10]",66000.0,6.1,4.242640687119285,0.34615384615384615,0.32105263157894737,0.25354627641855493
mTHyc,Buzzy,29,35,0.0,B-,I,Bb major,(111120),1,1,1,1,2,0,6,4-14B,4,5,"[2, 3, 5, 10]","[0, 4, 5, 7]",68000.0,1.5,6.4031242374328485,0.057692307692307696,0.07894736842105263,0.38265986388511064
mTHyc,Buzzy,30,36,2.0,F,V,Bb major,(101310),1,0,1,3,1,0,6,4-19A,4,4,"[1, 2, 5, 9]","[0, 4, 8, 9]",71000.0,1.0,2.449489742783178,0.057692307692307696,0.05263157894736842,0.14638501094227996
mTHyc,Buzzy,31,37,0.0,B-,I,Bb major,(221100),2,2,1,1,0,0,6,4-2B,4,5,"[0, 8, 10, 11]","[0, 1, 2, 10]",72000.0,3.0,3.1622776601683795,0.057692307692307696,0.15789473684210525,0.18898223650461363
mTHyc,Buzzy,32,38,0.0,E-,IV,Bb major,(433452),4,3,3,4,5,2,21,7-20B,7,8,"[0, 3, 5, 6, 7, 10, 11]","[0, 2, 3, 4, 7, 8, 9]",74000.0,7.1,6.855654600401044,0.34615384615384615,0.3736842105263158,0.4097037257057139
mTHyc,Buzzy,33,39,0.0,B-,I,Bb major,(332110),3,3,2,1,1,0,10,5-2B,5,5,"[0, 1, 2, 3, 10]","[0, 2, 3, 4, 5]",76000.0,4.5,5.5677643628300215,0.1346153846153846,0.23684210526315788,0.33273756282434613
mTHyc,Buzzy,34,40,2.0,B-,I,Bb major,(111120),1,1,1,1,2,0,6,4-14A,4,4,"[4, 6, 7, 11]","[1, 6, 8, 9]",79000.0,1.5,3.1622776601683795,0.057692307692307696,0.07894736842105263,0.18898223650461363
mTHyc,Buzzy,35,41,0.0,E-,IV,Bb major,(465472),4,6,5,4,7,2,28,8-23,8,8,"[0, 1, 3, 5, 6, 7, 8, 10]","[0, 2, 3, 4, 5, 7, 9, 10]",80000.0,8.6,9.38083151964686,0.4807692307692308,0.4526315789473684,0.5606119105813882
mTHyc,Buzzy,36,43,0.0,B-,I,Bb major,(113221),1,1,3,2,2,1,10,5-32B,5,6,"[1, 3, 6, 7, 10]","[0, 3, 5, 8, 9]",84000.0,2.3,8.246211251235321,0.1346153846153846,0.12105263157894736,0.49280538030458115
mTHyc,Buzzy,37,44,0.0,B-,I,Bb major,(101100),1,0,1,1,0,0,3,3-3A,3,4,"[0, 1, 4]","[2, 3, 6]",86000.0,1.0,3.3166247903554,0.0,0.05263157894736842,0.19820624179302296
mTHyc,Buzzy,38,45,0.0,C,II,Bb major,(544431),5,4,4,4,3,1,21,7-3B,7,8,"[0, 1, 2, 3, 7, 10, 11]","[0, 1, 2, 3, 7, 10, 11]",88000.0,7.8,7.745966692414834,0.34615384615384615,0.4105263157894737,0.46291004988627577
mTHyc,Buzzy,39,46,0.0,F,V,Bb major,(254361),2,5,4,3,6,1,21,7-35,7,11,"[0, 2, 3, 5, 7, 9, 10]","[0, 2, 4, 5, 7, 9, 10]",90000.0,5.3,4.47213595499958,0.34615384615384615,0.2789473684210526,0.2672612419124244
mTHyc,Buzzy,40,47,0.0,B-,I,Bb major,(121110),1,2,1,1,1,0,6,4-11A,4,7,"[0, 2, 9, 10]","[0, 2, 4, 11]",92000.0,2.0,7.0,0.057692307692307696,0.10526315789473684,0.4183300132670378
mTHyc,Buzzy,41,48,2.0,F,V,Bb major,(111000),1,1,1,0,0,0,3,3-2B,3,4,"[3, 5, 6]","[0, 1, 10]",95000.0,1.5,1.7320508075688772,0.0,0.07894736842105263,0.10350983390135313
mTHyc,Buzzy,42,49,0.0,B-,I,Bb major,(100110),1,0,0,1,1,0,3,3-4B,3,5,"[2, 3, 10]","[0, 4, 5]",96000.0,1.0,2.0,0.0,0.05263157894736842,0.11952286093343936
myn4c,An Oscar For Treadwell,0,2,0.0,C,I,C major,(112011),1,1,2,0,1,1,6,4-13A,4,6,"[0, 2, 5, 11]","[0, 2, 5, 11]",2000.0,2.3,0.0,0.057692307692307696,0.12105263157894736,0.0
myn4c,An Oscar For Treadwell,1,3,0.0,D,II,C major,(101220),1,0,1,2,2,0,6,4-20,4,4,"[0, 4, 5, 9]","[2, 3, 7, 10]",4000.0,1.0,2.8284271247461903,0.057692307692307696,0.05263157894736842,0.16903085094570333
myn4c,An Oscar For Treadwell,2,3,2.0,G,V,C major,(001110),0,0,1,1,1,0,3,3-11B,3,3,"[0, 4, 7]","[0, 5, 9]",5000.0,0.0,1.7320508075688772,0.0,0.0,0.10350983390135313
myn4c,An Oscar For Treadwell,3,5,2.0,G,V,C major,(111000),1,1,1,0,0,0,3,3-2A,3,5,"[4, 5, 7]","[0, 9, 10]",9000.0,1.5,2.0,0.0,0.07894736842105263,0.11952286093343936
myn4c,An Oscar For Treadwell,4,6,0.0,C,I,C major,(211231),2,1,1,2,3,1,10,5-20A,5,9,"[0, 4, 5, 9, 10]","[0, 4, 5, 9, 10]",10000.0,3.3,3.872983346207417,0.1346153846153846,0.17368421052631577,0.23145502494313788
myn4c,An Oscar For Treadwell,5,7,0.0,F,IV,C major,(001110),0,0,1,1,1,0,3,3-11B,3,4,"[0, 5, 9]","[0, 4, 7]",12000.0,0.0,3.3166247903554,0.0,0.0,0.19820624179302296
myn4c,An Oscar For Treadwell,6,7,2.0,B-,bVII,C major,(010101),0,1,0,1,0,1,3,3-8A,3,4,"[2, 4, 8]","[4, 6, 10]",13000.0,1.3,2.0,0.0,0.06842105263157895,0.11952286093343936
myn4c,An Oscar For Treadwell,7,8,0.0,E,III,C major,(111000),1,1,1,0,0,0,3,3-2B,3,4,"[7, 9, 10]","[3, 5, 6]",14000.0,1.5,2.0,0.0,0.07894736842105263,0.11952286093343936
myn4c,An Oscar For Treadwell,8,9,0.0,D,II,C major,(121110),1,2,1,1,1,0,6,4-11B,4,4,"[0, 2, 4, 5]","[0, 2, 3, 10]",16000.0,2.0,1.7320508075688772,0.057692307692307696,0.10526315789473684,0.10350983390135313
myn4c,An Oscar For Treadwell,9,9,2.0,G,V,C major,(012111),0,1,2,1,1,1,6,4-27B,4,4,"[2, 4, 8, 11]","[1, 4, 7, 9]",17000.0,1.3,2.0,0.057692307692307696,0.06842105263157895,0.11952286093343936
myn4c,An Oscar For Treadwell,10,10,0.0,C,I,C major,(112011),1,1,2,0,1,1,6,4-13A,4,6,"[0, 2, 5, 11]","[0, 2, 5, 11]",18000.0,2.3,1.4142135623730951,0.057692307692307696,0.12105263157894736,0.08451542547285167
myn4c,An Oscar For Treadwell,11,11,0.0,D,II,C major,(101220),1,0,1,2,2,0,6,4-20,4,4,"[0, 4, 5, 9]","[2, 3, 7, 10]",20000.0,1.0,2.8284271247461903,0.057692307692307696,0.05263157894736842,0.16903085094570333
myn4c,An Oscar For Treadwell,12,11,2.0,G,V,C major,(001110),0,0,1,1,1,0,3,3-11B,3,3,"[0, 4, 7]","[0, 5, 9]",21000.0,0.0,1.7320508075688772,0.0,0.0,0.10350983390135313
myn4c,An Oscar For Treadwell,13,13,2.0,G,V,C major,(111000),1,1,1,0,0,0,3,3-2A,3,5,"[4, 5, 7]","[0, 9, 10]",25000.0,1.5,2.0,0.0,0.07894736842105263,0.11952286093343936
myn4c,An Oscar For Treadwell,14,14,0.0,C,I,C major,(211231),2,1,1,2,3,1,10,5-20A,5,9,"[0, 4, 5, 9, 10]","[0, 4, 5, 9, 10]",26000.0,3.3,3.872983346207417,0.1346153846153846,0.17368421052631577,0.23145502494313788
myn4c,An Oscar For Treadwell,15,15,0.0,F,IV,C major,(001110),0,0,1,1,1,0,3,3-11B,3,4,"[0, 5, 9]","[0, 4, 7]",28000.0,0.0,3.3166247903554,0.0,0.0,0.19820624179302296
myn4c,An Oscar For Treadwell,16,15,2.0,B-,bVII,C major,(010101),0,1,0,1,0,1,3,3-8A,3,4,"[2, 4, 8]","[4, 6, 10]",29000.0,1.3,2.0,0.0,0.06842105263157895,0.11952286093343936
myn4c,An Oscar For Treadwell,17,16,0.0,C,I,C major,(111000),1,1,1,0,0,0,3,3-2B,3,6,"[7, 9, 10]","[7, 9, 10]",30000.0,1.5,2.0,0.0,0.07894736842105263,0.11952286093343936
myn4c,An Oscar For Treadwell,18,17,0.0,C,I,C major,(001110),0,0,1,1,1,0,3,3-11A,3,4,"[0, 4, 9]","[0, 4, 9]",32000.0,0.0,2.0,0.0,0.0,0.11952286093343936
myn4c,An Oscar For Treadwell,19,18,0.0,E,III,C major,(231211),2,3,1,2,1,1,10,5-9A,5,6,"[2, 3, 4, 6, 8]","[0, 2, 4, 10, 11]",34000.0,4.3,3.872983346207417,0.1346153846153846,0.2263157894736842,0.23145502494313788
myn4c,An Oscar For Treadwell,20,19,0.0,E,III,C major,(210000),2,1,0,0,0,0,3,3-1,3,3,"[0, 1, 11]","[7, 8, 9]",36000.0,2.5,3.3166247903554,0.0,0.13157894736842105,0.19820624179302296
myn4c,An Oscar For Treadwell,21,20,0.0,A,VI,C major,(322210),3,2,2,2,1,0,10,5-3A,5,7,"[2, 3, 4, 6, 7]","[5, 6, 7, 9, 10]",38000.0,4.0,3.3166247903554,0.1346153846153846,0.21052631578947367,0.19820624179302296
myn4c,An Oscar For Treadwell,22,21,0.0,A,VI,C major,(321000),3,2,1,0,0,0,6,4-1,4,4,"[1, 2, 3, 4]","[4, 5, 6, 7]",40000.0,4.0,2.449489742783178,0.057692307692307696,0.21052631578947367,0.14638501094227996
myn4c,An Oscar For Treadwell,23,22,0.0,D,II,C major,(354351),3,5,4,3,5,1,21,7-23A,7,7,"[2, 4, 5, 6, 7, 9, 11]","[0, 2, 3, 4, 5, 7, 9]",42000.0,6.3,7.280109889280518,0.34615384615384615,0.33157894736842103,0.435069780938316
myn4c,An Oscar For Treadwell,24,23,0.0,D,II,C major,(233241),2,3,3,2,4,1,15,6-25B,6,10,"[0, 2, 4, 5, 9, 11]","[0, 2, 3, 7, 9, 10]",44000.0,4.3,2.8284271247461903,0.23076923076923078,0.2263157894736842,0.16903085094570333
myn4c,An Oscar For Treadwell,25,24,0.0,D,II,C major,(212320),2,1,2,3,2,0,10,5-37,5,9,"[0, 1, 2, 5, 9]","[0, 3, 7, 10, 11]",46000.0,2.5,3.3166247903554,0.1346153846153846,0.13157894736842105,0.19820624179302296
myn4c,An Oscar For Treadwell,26,25,0.0,G,V,C major,(336333),3,3,6,3,3,3,21,7-31B,7,10,"[2, 4, 5, 7, 8, 10, 11]","[0, 1, 3, 4, 7, 9, 10]",48000.0,6.9,5.5677643628300215,0.34615384615384615,0.3631578947368421,0.33273756282434613
myn4c,An Oscar For Treadwell,27,26,0.0,C,I,C major,(112011),1,1,2,0,1,1,6,4-13A,4,6,"[0, 2, 5, 11]","[0, 2, 5, 11]",50000.0,2.3,6.4031242374328485,0.057692307692307696,0.12105263157894736,0.38265986388511064
myn4c,An Oscar For Treadwell,28,27,0.0,D,II,C major,(101220),1,0,1,2,2,0,6,4-20,4,4,"[0, 4, 5, 9]","[2, 3, 7, 10]",52000.0,1.0,2.8284271247461903,0.057692307692307696,0.05263157894736842,0.16903085094570333
myn4c,An Oscar For Treadwell,29,27,2.0,G,V,C major,(001110),0,0,1,1,1,0,3,3-11B,3,3,"[0, 4, 7]","[0, 5, 9]",53000.0,0.0,1.7320508075688772,0.0,0.0,0.10350983390135313
myn4c,An Oscar For Treadwell,30,29,2.0,G,V,C major,(111000),1,1,1,0,0,0,3,3-2A,3,5,"[4, 5, 7]","[0, 9, 10]",57000.0,1.5,2.0,0.0,0.07894736842105263,0.11952286093343936
myn4c,An Oscar For Treadwell,31,30,0.0,C,I,C major,(211231),2,1,1,2,3,1,10,5-20A,5,9,"[0, 4, 5, 9, 10]","[0, 4, 5, 9, 10]",58000.0,3.3,3.872983346207417,0.1346153846153846,0.17368421052631577,0.23145502494313788
myn4c,An Oscar For Treadwell,32,31,0.0,F,IV,C major,(001110),0,0,1,1,1,0,3,3-11B,3,4,"[0, 5, 9]","[0, 4, 7]",60000.0,0.0,3.3166247903554,0.0,0.0,0.19820624179302296
myn4c,An Oscar For Treadwell,33,31,2.0,B-,bVII,C major,(010101),0,1,0,1,0,1,3,3-8A,3,4,"[2, 4, 8]","[4, 6, 10]",61000.0,1.3,2.0,0.0,0.06842105263157895,0.11952286093343936
myn4c,An Oscar For Treadwell,34,32,0.0,C,I,C major,(111000),1,1,1,0,0,0,3,3-2B,3,4,"[7, 9, 10]","[7, 9, 10]",62000.0,1.5,2.0,0.0,0.07894736842105263,0.11952286093343936
myn4c,An Oscar For Treadwell,35,33,0.0,D,II,C major,(001110),0,0,1,1,1,0,3,3-11A,3,3,"[0, 4, 9]","[2, 7, 10]",64000.0,0.0,2.0,0.0,0.0,0.11952286093343936
myn4c,An Oscar For Treadwell,36,34,0.0,C,I,C major,(111120),1,1,1,1,2,0,6,4-14B,4,5,"[0, 4, 5, 7]","[0, 4, 5, 7]",66000.0,1.5,1.7320508075688772,0.057692307692307696,0.07894736842105263,0.10350983390135313
myn4c,An Oscar For Treadwell,37,35,0.0,D,II,C major,(112011),1,1,2,0,1,1,6,4-13A,4,5,"[0, 2, 5, 11]","[0, 3, 9, 10]",68000.0,2.3,2.0,0.057692307692307696,0.12105263157894736,0.11952286093343936
myn4c,An Oscar For Treadwell,38,35,2.0,G,V,C major,(122010),1,2,2,0,1,0,6,4-10,4,5,"[5, 7, 8, 10]","[0, 1, 3, 10]",69000.0,2.0,1.4142135623730951,0.057692307692307696,0.10526315789473684,0.08451542547285167
myn4c,An Oscar For Treadwell,39,36,0.0,E,III,C major,(032140),0,3,2,1,4,0,10,5-35,5,5,"[2, 4, 7, 9, 11]","[0, 3, 5, 7, 10]",70000.0,1.5,3.4641016151377544,0.1346153846153846,0.07894736842105263,0.20701966780270625
myn4c,An Oscar For Treadwell,40,37,2.0,G,V,C major,(132130),1,3,2,1,3,0,10,5-23A,5,6,"[0, 5, 7, 8, 10]","[0, 1, 3, 5, 10]",73000.0,2.5,1.4142135623730951,0.1346153846153846,0.13157894736842105,0.08451542547285167
myn4c,An Oscar For Treadwell,41,38,0.0,C,I,C major,(443532),4,4,3,5,3,2,21,7-13A,7,9,"[0, 1, 2, 4, 8, 9, 10]","[0, 1, 2, 4, 8, 9, 10]",74000.0,7.6,5.5677643628300215,0.34615384615384615,0.39999999999999997,0.33273756282434613
myn4c,An Oscar For Treadwell,42,39,0.0,F,IV,C major,(021120),0,2,1,1,2,0,6,4-22A,4,4,"[0, 5, 7, 9]","[0, 2, 4, 7]",76000.0,1.0,6.708203932499369,0.057692307692307696,0.05263157894736842,0.4008918628686366
myn4c,An Oscar For Treadwell,43,39,2.0,B-,bVII,C major,(112011),1,1,2,0,1,1,6,4-13A,4,4,"[2, 3, 5, 8]","[4, 5, 7, 10]",77000.0,2.3,2.449489742783178,0.057692307692307696,0.12105263157894736,0.14638501094227996
myn4c,An Oscar For Treadwell,44,40,0.0,E,III,C major,(030201),0,3,0,2,0,1,6,4-21,4,4,"[5, 7, 9, 11]","[1, 3, 5, 7]",78000.0,2.3,3.7416573867739413,0.057692307692307696,0.12105263157894736,0.22360679774997896
myn4c,An Oscar For Treadwell,45,42,0.0,C,I,C major,(222121),2,2,2,1,2,1,10,5-12,5,10,"[0, 2, 3, 9, 10]","[0, 2, 3, 9, 10]",82000.0,3.8,3.7416573867739413,0.1346153846153846,0.19999999999999998,0.22360679774997896
myn4c,An Oscar For Treadwell,46,43,0.0,D,II,C major,(012120),0,1,2,1,2,0,6,4-26,4,4,"[0, 3, 5, 8]","[1, 3, 6, 10]",84000.0,0.5,2.449489742783178,0.057692307692307696,0.02631578947368421,0.14638501094227996
myn4c,An Oscar For Treadwell,47,44,0.0,E,III,C major,(032140),0,3,2,1,4,0,10,5-35,5,5,"[2, 4, 7, 9, 11]","[0, 3, 5, 7, 10]",86000.0,1.5,2.8284271247461903,0.1346153846153846,0.07894736842105263,0.16903085094570333
myn4c,An Oscar For Treadwell,48,45,0.0,D,II,C major,(121110),1,2,1,1,1,0,6,4-11B,4,4,"[0, 2, 4, 5]","[0, 2, 3, 10]",88000.0,2.0,3.4641016151377544,0.057692307692307696,0.10526315789473684,0.20701966780270625
myn4c,An Oscar For Treadwell,49,45,2.0,G,V,C major,(114112),1,1,4,1,1,2,10,5-31B,5,6,"[2, 5, 8, 10, 11]","[1, 3, 4, 7, 10]",89000.0,3.1,3.7416573867739413,0.1346153846153846,0.1631578947368421,0.22360679774997896
myn4c,An Oscar For Treadwell,50,46,0.0,C,I,C major,(345342),3,4,5,3,4,2,21,7-25A,7,8,"[0, 1, 2, 4, 5, 7, 10]","[0, 1, 2, 4, 5, 7, 10]",90000.0,6.6,5.196152422706632,0.34615384615384615,0.34736842105263155,0.3105295017040594
myn4c,An Oscar For Treadwell,51,47,0.0,F,IV,C major,(101310),1,0,1,3,1,0,6,4-19A,4,5,"[0, 4, 8, 9]","[3, 4, 7, 11]",92000.0,1.0,7.0,0.057692307692307696,0.05263157894736842,0.4183300132670378
myn4c,An Oscar For Treadwell,52,47,2.0,B-,bVII,C major,(221100),2,2,1,1,0,0,6,4-2B,4,4,"[5, 7, 8, 9]","[7, 9, 10, 11]",93000.0,3.0,3.1622776601683795,0.057692307692307696,0.15789473684210525,0.18898223650461363
myn4c,An Oscar For Treadwell,53,48,0.0,C,I,C major,(332110),3,3,2,1,1,0,10,5-2A,5,5,"[2, 3, 4, 5, 7]","[2, 3, 4, 5, 7]",94000.0,4.5,2.0,0.1346153846153846,0.23684210526315788,0.11952286093343936
myn4c,An Oscar For Treadwell,54,49,0.0,C,I,C major,(011010),0,1,1,0,1,0,3,3-7A,3,3,"[4, 6, 9]","[4, 6, 9]",96000.0,0.5,3.872983346207417,0.0,0.02631578947368421,0.23145502494313788
myn4c,An Oscar For Treadwell,55,50,0.0,E,III,C major,(231211),2,3,1,2,1,1,10,5-9A,5,8,"[2, 3, 4, 6, 8]","[0, 2, 4, 10, 11]",98000.0,4.3,3.605551275463989,0.1346153846153846,0.2263157894736842,0.21547290184283363
myn4c,An Oscar For Treadwell,56,51,0.0,E,III,C major,(011010),0,1,1,0,1,0,3,3-7A,3,3,"[1, 4, 11]","[0, 7, 9]",100000.0,0.5,3.605551275463989,0.0,0.02631578947368421,0.21547290184283363
myn4c,An Oscar For Treadwell,57,52,0.0,A,VI,C major,(233241),2,3,3,2,4,1,15,6-25B,6,9,"[1, 2, 4, 6, 7, 11]","[2, 4, 5, 7, 9, 10]",102000.0,4.3,5.0990195135927845,0.23076923076923078,0.2263157894736842,0.304724700110022
myn4c,An Oscar For Treadwell,58,53,0.0,A,VI,C major,(212100),2,1,2,1,0,0,6,4-3,4,4,"[3, 4, 6, 7]","[6, 7, 9, 10]",104000.0,2.5,4.795831523312719,0.057692307692307696,0.13157894736842105,0.2866057521105554
myn4c,An Oscar For Treadwell,59,54,0.0,D,II,C major,(443352),4,4,3,3,5,2,21,7-14A,7,10,"[0, 4, 5, 6, 7, 9, 11]","[2, 3, 4, 5, 7, 9, 10]",106000.0,7.6,6.855654600401044,0.34615384615384615,0.39999999999999997,0.4097037257057139
myn4c,An Oscar For Treadwell,60,55,0.0,D,II,C major,(143241),1,4,3,2,4,1,15,6-33A,6,10,"[0, 2, 4, 6, 9, 11]","[0, 2, 4, 7, 9, 10]",108000.0,3.8,3.4641016151377544,0.23076923076923078,0.19999999999999998,0.20701966780270625
myn4c,An Oscar For Treadwell,61,56,0.0,D,II,C major,(212320),2,1,2,3,2,0,10,5-37,5,5,"[0, 1, 2, 5, 9]","[0, 3, 7, 10, 11]",110000.0,2.5,4.123105625617661,0.1346153846153846,0.13157894736842105,0.24640269015229058
myn4c,An Oscar For Treadwell,62,57,0.0,G,V,C major,(566452),5,6,6,4,5,2,28,8-10,8,10,"[0, 2, 5, 7, 8, 9, 10, 11]","[0, 1, 2, 3, 4, 5, 7, 10]",112000.0,9.6,8.0,0.4807692307692308,0.5052631578947369,0.47809144373375745
myn4c,An Oscar For Treadwell,63,58,0.0,C,I,C major,(001110),0,0,1,1,1,0,3,3-11A,3,5,"[0, 4, 9]","[0, 4, 9]",114000.0,0.0,10.723805294763608,0.0,0.0,0.6408699444616557
myn4c,An Oscar For Treadwell,64,59,0.0,D,II,C major,(030201),0,3,0,2,0,1,6,4-21,4,4,"[5, 7, 9, 11]","[3, 5, 7, 9]",116000.0,2.3,3.605551275463989,0.057692307692307696,0.12105263157894736,0.21547290184283363
myn4c,An Oscar For Treadwell,65,61,0.0,D,II,C major,(021120),0,2,1,1,2,0,6,4-22A,4,4,"[0, 5, 7, 9]","[3, 5, 7, 10]",120000.0,1.0,2.8284271247461903,0.057692307692307696,0.05263157894736842,0.16903085094570333
myn4c,An Oscar For Treadwell,66,61,2.0,G,V,C major,(112011),1,1,2,0,1,1,6,4-13A,4,4,"[2, 3, 5, 8]","[1, 7, 8, 10]",121000.0,2.3,2.449489742783178,0.057692307692307696,0.12105263157894736,0.14638501094227996
myn4c,An Oscar For Treadwell,67,62,0.0,C,I,C major,(234222),2,3,4,2,2,2,15,6-45,6,8,"[0, 1, 2, 4, 7, 10]","[0, 1, 2, 4, 7, 10]",122000.0,5.1,3.872983346207417,0.23076923076923078,0.26842105263157895,0.23145502494313788
myn4c,An Oscar For Treadwell,68,63,0.0,F,IV,C major,(122230),1,2,2,2,3,0,10,5-27A,5,5,"[0, 4, 5, 7, 9]","[0, 2, 4, 7, 11]",124000.0,2.0,3.3166247903554,0.1346153846153846,0.10526315789473684,0.19820624179302296
myn4c,An Oscar For Treadwell,69,63,2.0,B-,bVII,C major,(111111),1,1,1,1,1,1,6,4-29A,4,4,"[0, 5, 6, 8]","[2, 7, 8, 10]",125000.0,2.3,2.8284271247461903,0.057692307692307696,0.12105263157894736,0.16903085094570333
myn4c,An Oscar For Treadwell,70,65,2.0,G,V,C major,(020100),0,2,0,1,0,0,3,3-6,3,4,"[0, 2, 4]","[5, 7, 9]",129000.0,1.0,2.23606797749979,0.0,0.05263157894736842,0.1336306209562122
myn4c,An Oscar For Treadwell,71,66,0.0,C,I,C major,(132130),1,3,2,1,3,0,10,5-23B,5,5,"[0, 2, 4, 5, 7]","[0, 2, 4, 5, 7]",130000.0,2.5,3.872983346207417,0.1346153846153846,0.13157894736842105,0.23145502494313788
myn4c,An Oscar For Treadwell,72,68,0.0,E,III,C major,(032140),0,3,2,1,4,0,10,5-35,5,5,"[0, 2, 5, 7, 9]","[1, 3, 5, 8, 10]",134000.0,1.5,1.4142135623730951,0.1346153846153846,0.07894736842105263,0.08451542547285167
myn4c,An Oscar For Treadwell,73,68,2.0,A,VI,C major,(321000),3,2,1,0,0,0,6,4-1,4,5,"[4, 5, 6, 7]","[7, 8, 9, 10]",135000.0,4.0,5.291502622129181,0.057692307692307696,0.21052631578947367,0.31622776601683794
myn4c,An Oscar For Treadwell,74,69,0.0,D,II,C major,(212100),2,1,2,1,0,0,6,4-3,4,4,"[1, 2, 4, 5]","[0, 2, 3, 11]",136000.0,2.5,2.0,0.057692307692307696,0.13157894736842105,0.11952286093343936
myn4c,An Oscar For Treadwell,75,69,2.0,G,V,C major,(021120),0,2,1,1,2,0,6,4-22B,4,6,"[0, 5, 8, 10]","[1, 3, 5, 10]",137000.0,1.0,3.1622776601683795,0.057692307692307696,0.05263157894736842,0.18898223650461363
myn4c,An Oscar For Treadwell,76,70,0.0,C,I,C major,(443352),4,4,3,3,5,2,21,7-14A,7,10,"[0, 1, 2, 3, 5, 7, 8]","[0, 1, 2, 3, 5, 7, 8]",138000.0,7.6,6.4031242374328485,0.34615384615384615,0.39999999999999997,0.38265986388511064
myn4c,An Oscar For Treadwell,77,71,0.0,F,IV,C major,(221311),2,2,1,3,1,1,10,5-13A,5,5,"[0, 4, 8, 9, 10]","[3, 4, 5, 7, 11]",140000.0,3.8,5.385164807134504,0.1346153846153846,0.19999999999999998,0.3218251521733945
myn4c,An Oscar For Treadwell,78,71,2.0,B-,bVII,C major,(021120),0,2,1,1,2,0,6,4-22A,4,4,"[0, 5, 7, 9]","[2, 7, 9, 11]",141000.0,1.0,3.1622776601683795,0.057692307692307696,0.05263157894736842,0.18898223650461363
myn4c,An Oscar For Treadwell,79,73,2.0,G,V,C major,(111000),1,1,1,0,0,0,3,3-2A,3,5,"[0, 2, 11]","[4, 5, 7]",145000.0,1.5,2.6457513110645907,0.0,0.07894736842105263,0.15811388300841897
myn4c,An Oscar For Treadwell,80,74,0.0,C,I,C major,(010020),0,1,0,0,2,0,3,3-9,3,3,"[0, 2, 7]","[0, 2, 7]",146000.0,0.5,2.449489742783178,0.0,0.02631578947368421,0.14638501094227996
myn4c,An Oscar For Treadwell,81,75,2.0,G,V,C major,(021120),0,2,1,1,2,0,6,4-22B,4,4,"[4, 7, 9, 11]","[0, 2, 4, 9]",149000.0,1.0,1.7320508075688772,0.057692307692307696,0.05263157894736842,0.10350983390135313
myn4c,An Oscar For Treadwell,82,76,2.0,A,VI,C major,(001110),0,0,1,1,1,0,3,3-11B,3,3,"[0, 5, 9]","[0, 3, 8]",151000.0,0.0,2.23606797749979,0.0,0.0,0.1336306209562122
myn4c,An Oscar For Treadwell,83,77,0.0,D,II,C major,(020202),0,2,0,2,0,2,6,4-25,4,4,"[1, 3, 7, 9]","[1, 5, 7, 11]",152000.0,2.6,3.3166247903554,0.057692307692307696,0.1368421052631579,0.19820624179302296
myn4c,An Oscar For Treadwell,84,78,0.0,C,I,C major,(345342),3,4,5,3,4,2,21,7-25A,7,9,"[0, 1, 2, 4, 5, 7, 10]","[0, 1, 2, 4, 5, 7, 10]",154000.0,6.6,7.416198487095663,0.34615384615384615,0.34736842105263155,0.44320263021395917
myn4c,An Oscar For Treadwell,85,79,0.0,F,IV,C major,(011010),0,1,1,0,1,0,3,3-7B,3,4,"[0, 2, 9]","[4, 7, 9]",156000.0,0.5,7.483314773547883,0.0,0.02631578947368421,0.4472135954999579
myn4c,An Oscar For Treadwell,86,79,2.0,B-,bVII,C major,(111120),1,1,1,1,2,0,6,4-14A,4,4,"[0, 5, 7, 8]","[2, 7, 9, 10]",157000.0,1.5,1.7320508075688772,0.057692307692307696,0.07894736842105263,0.10350983390135313
myn4c,An Oscar For Treadwell,87,80,0.0,C,I,C major,(332110),3,3,2,1,1,0,10,5-2A,5,5,"[2, 3, 4, 5, 7]","[2, 3, 4, 5, 7]",158000.0,4.5,3.1622776601683795,0.1346153846153846,0.23684210526315788,0.18898223650461363
myn4c,An Oscar For Treadwell,88,82,0.0,E,III,C major,(122010),1,2,2,0,1,0,6,4-10,4,5,"[6, 8, 9, 11]","[2, 4, 5, 7]",162000.0,2.0,2.449489742783178,0.057692307692307696,0.10526315789473684,0.14638501094227996
myn4c,An Oscar For Treadwell,89,84,0.0,A,VI,C major,(212320),2,1,2,3,2,0,10,5-17,5,6,"[3, 4, 6, 7, 11]","[2, 6, 7, 9, 10]",166000.0,2.5,3.4641016151377544,0.1346153846153846,0.13157894736842105,0.20701966780270625
myn4c,An Oscar For Treadwell,90,86,0.0,D,II,C major,(212320),2,1,2,3,2,0,10,5-17,5,6,"[3, 4, 6, 7, 11]","[1, 2, 4, 5, 9]",170000.0,2.5,0.0,0.1346153846153846,0.13157894736842105,0.0
myn4c,An Oscar For Treadwell,91,87,0.0,D,II,C major,(221100),2,2,1,1,0,0,6,4-2A,4,5,"[2, 3, 4, 6]","[0, 1, 2, 4]",172000.0,3.0,3.1622776601683795,0.057692307692307696,0.15789473684210525,0.18898223650461363
myn4c,An Oscar For Treadwell,92,88,0.0,D,II,C major,(254361),2,5,4,3,6,1,21,7-35,7,8,"[0, 2, 4, 5, 7, 9, 11]","[0, 2, 3, 5, 7, 9, 10]",174000.0,5.3,7.681145747868608,0.34615384615384615,0.2789473684210526,0.45903625751598937
myn4c,An Oscar For Treadwell,93,89,0.0,G,V,C major,(212221),2,1,2,2,2,1,10,5-18A,5,5,"[4, 5, 8, 9, 11]","[1, 2, 4, 9, 10]",176000.0,3.3,6.082762530298219,0.1346153846153846,0.17368421052631577,0.3635145899999849
myn4c,An Oscar For Treadwell,94,90,0.0,C,I,C major,(011010),0,1,1,0,1,0,3,3-7B,3,3,"[4, 7, 9]","[4, 7, 9]",178000.0,0.5,3.3166247903554,0.0,0.02631578947368421,0.19820624179302296
myn4c,An Oscar For Treadwell,95,92,0.0,E,III,C major,(111000),1,1,1,0,0,0,3,3-2B,3,4,"[0, 2, 3]","[8, 10, 11]",182000.0,1.5,1.4142135623730951,0.0,0.07894736842105263,0.08451542547285167
myn4c,An Oscar For Treadwell,96,92,2.0,A,VI,C major,(011010),0,1,1,0,1,0,3,3-7B,3,4,"[5, 8, 10]","[1, 8, 11]",183000.0,0.5,1.4142135623730951,0.0,0.02631578947368421,0.08451542547285167
myn4c,An Oscar For Treadwell,97,93,0.0,D,II,C major,(021120),0,2,1,1,2,0,6,4-22B,4,4,"[0, 3, 5, 7]","[1, 3, 5, 10]",184000.0,1.0,1.7320508075688772,0.057692307692307696,0.05263157894736842,0.10350983390135313
myn4c,An Oscar For Treadwell,98,94,0.0,C,I,C major,(543342),5,4,3,3,4,2,21,7-5B,7,9,"[0, 1, 2, 4, 5, 6, 7]","[0, 1, 2, 4, 5, 6, 7]",186000.0,8.6,6.708203932499369,0.34615384615384615,0.4526315789473684,0.4008918628686366
myn4c,An Oscar For Treadwell,99,95,0.0,F,IV,C major,(221311),2,2,1,3,1,1,10,5-13A,5,5,"[0, 4, 8, 9, 10]","[3, 4, 5, 7, 11]",188000.0,3.8,5.196152422706632,0.1346153846153846,0.19999999999999998,0.3105295017040594
myn4c,An Oscar For Treadwell,100,95,2.0,B-,bVII,C major,(111120),1,1,1,1,2,0,6,4-14A,4,4,"[0, 5, 7, 8]","[2, 7, 9, 10]",189000.0,1.5,2.8284271247461903,0.057692307692307696,0.07894736842105263,0.16903085094570333
myn4c,An Oscar For Treadwell,101,96,0.0,C,I,C major,(343230),3,4,3,2,3,0,15,6-8,6,7,"[0, 2, 3, 4, 5, 7]","[0, 2, 3, 4, 5, 7]",190000.0,5.0,4.358898943540674,0.23076923076923078,0.2631578947368421,0.26049403612586386
myn4c,An Oscar For Treadwell,102,97,0.0,D,II,C major,(111000),1,1,1,0,0,0,3,3-2A,3,4,"[0, 2, 11]","[0, 9, 10]",192000.0,1.5,5.477225575051661,0.0,0.07894736842105263,0.32732683535398854
myn4c,An Oscar For Treadwell,103,97,2.0,G,V,C major,(122010),1,2,2,0,1,0,6,4-10,4,4,"[0, 2, 9, 11]","[2, 4, 5, 7]",193000.0,2.0,1.7320508075688772,0.057692307692307696,0.10526315789473684,0.10350983390135313
myn4c,An Oscar For Treadwell,104,98,0.0,C,I,C major,(111000),1,1,1,0,0,0,3,3-2A,3,5,"[4, 5, 7]","[4, 5, 7]",194000.0,1.5,1.7320508075688772,0.0,0.07894736842105263,0.10350983390135313
nRfYc,Red Cross,0,2,0.0,B-,I,Bb major,(021120),0,2,1,1,2,0,6,4-22A,4,7,"[0, 2, 5, 10]","[0, 2, 4, 7]",2000.0,1.0,0.0,0.057692307692307696,0.05263157894736842,0.0
nRfYc,Red Cross,1,4,0.0,B-,I,Bb major,(021120),0,2,1,1,2,0,6,4-22A,4,7,"[0, 2, 5, 10]","[0, 2, 4, 7]",6000.0,1.0,0.0,0.057692307692307696,0.05263157894736842,0.0
nRfYc,Red Cross,2,6,0.0,B-,I,Bb major,(233331),2,3,3,3,3,1,15,6-24B,6,8,"[0, 2, 3, 5, 6, 10]","[0, 2, 4, 5, 7, 8]",10000.0,4.3,3.872983346207417,0.23076923076923078,0.2263157894736842,0.23145502494313788
nRfYc,Red Cross,3,7,0.0,B,bII,Bb major,(122131),1,2,2,1,3,1,10,5-29A,5,6,"[1, 5, 6, 8, 11]","[0, 2, 6, 7, 9]",12000.0,2.8,2.6457513110645907,0.1346153846153846,0.14736842105263157,0.15811388300841897
nRfYc,Red Cross,4,8,0.0,B-,I,Bb major,(122230),1,2,2,2,3,0,10,5-27A,5,9,"[0, 2, 5, 9, 10]","[0, 2, 4, 7, 11]",14000.0,2.0,1.4142135623730951,0.1346153846153846,0.10526315789473684,0.08451542547285167
nRfYc,Red Cross,5,10,0.0,B-,I,Bb major,(021120),0,2,1,1,2,0,6,4-22A,4,7,"[0, 2, 5, 10]","[0, 2, 4, 7]",18000.0,1.0,2.0,0.057692307692307696,0.05263157894736842,0.11952286093343936
nRfYc,Red Cross,6,12,0.0,B-,I,Bb major,(021120),0,2,1,1,2,0,6,4-22A,4,7,"[0, 2, 5, 10]","[0, 2, 4, 7]",22000.0,1.0,0.0,0.057692307692307696,0.05263157894736842,0.0
nRfYc,Red Cross,7,14,0.0,B-,I,Bb major,(233331),2,3,3,3,3,1,15,6-24B,6,8,"[0, 2, 3, 5, 6, 10]","[0, 2, 4, 5, 7, 8]",26000.0,4.3,3.872983346207417,0.23076923076923078,0.2263157894736842,0.23145502494313788
nRfYc,Red Cross,8,15,0.0,B,bII,Bb major,(122131),1,2,2,1,3,1,10,5-29A,5,6,"[1, 5, 6, 8, 11]","[0, 2, 6, 7, 9]",28000.0,2.8,2.6457513110645907,0.1346153846153846,0.14736842105263157,0.15811388300841897
nRfYc,Red Cross,9,16,0.0,B-,I,Bb major,(122230),1,2,2,2,3,0,10,5-27A,5,9,"[0, 2, 5, 9, 10]","[0, 2, 4, 7, 11]",30000.0,2.0,1.4142135623730951,0.1346153846153846,0.10526315789473684,0.08451542547285167
nRfYc,Red Cross,10,18,0.0,D,III,Bb major,(132130),1,3,2,1,3,0,10,5-23B,5,6,"[2, 4, 6, 7, 9]","[0, 2, 4, 5, 7]",34000.0,2.5,1.4142135623730951,0.1346153846153846,0.13157894736842105,0.08451542547285167
nRfYc,Red Cross,11,19,0.0,D,III,Bb major,(132130),1,3,2,1,3,0,10,5-23B,5,6,"[2, 4, 6, 7, 9]","[0, 2, 4, 5, 7]",36000.0,2.5,0.0,0.1346153846153846,0.13157894736842105,0.0
nRfYc,Red Cross,12,20,0.0,G,VI,Bb major,(132130),1,3,2,1,3,0,10,5-23B,5,6,"[0, 2, 7, 9, 11]","[0, 2, 4, 5, 7]",38000.0,2.5,0.0,0.1346153846153846,0.13157894736842105,0.0
nRfYc,Red Cross,13,21,0.0,G,VI,Bb major,(132130),1,3,2,1,3,0,10,5-23B,5,6,"[0, 2, 7, 9, 11]","[0, 2, 4, 5, 7]",40000.0,2.5,0.0,0.1346153846153846,0.13157894736842105,0.0
nRfYc,Red Cross,14,22,0.0,C,II,Bb major,(132130),1,3,2,1,3,0,10,5-23B,5,6,"[0, 2, 4, 5, 7]","[0, 2, 4, 5, 7]",42000.0,2.5,0.0,0.1346153846153846,0.13157894736842105,0.0
nRfYc,Red Cross,15,23,0.0,C,II,Bb major,(132130),1,3,2,1,3,0,10,5-23B,5,6,"[0, 2, 4, 5, 7]","[0, 2, 4, 5, 7]",44000.0,2.5,0.0,0.1346153846153846,0.13157894736842105,0.0
nRfYc,Red Cross,16,24,0.0,F,V,Bb major,(132130),1,3,2,1,3,0,10,5-23B,5,6,"[0, 5, 7, 9, 10]","[0, 2, 4, 5, 7]",46000.0,2.5,0.0,0.1346153846153846,0.13157894736842105,0.0
nRfYc,Red Cross,17,25,0.0,F,V,Bb major,(132130),1,3,2,1,3,0,10,5-23B,5,7,"[0, 5, 7, 9, 10]","[0, 2, 4, 5, 7]",48000.0,2.5,0.0,0.1346153846153846,0.13157894736842105,0.0
nRfYc,Red Cross,18,26,0.0,B-,I,Bb major,(021120),0,2,1,1,2,0,6,4-22A,4,7,"[0, 2, 5, 10]","[0, 2, 4, 7]",50000.0,1.0,2.0,0.057692307692307696,0.05263157894736842,0.11952286093343936
nRfYc,Red Cross,19,28,0.0,B-,I,Bb major,(021120),0,2,1,1,2,0,6,4-22A,4,7,"[0, 2, 5, 10]","[0, 2, 4, 7]",54000.0,1.0,0.0,0.057692307692307696,0.05263157894736842,0.0
nRfYc,Red Cross,20,30,0.0,B-,I,Bb major,(233331),2,3,3,3,3,1,15,6-24B,6,8,"[0, 2, 3, 5, 6, 10]","[0, 2, 4, 5, 7, 8]",58000.0,4.3,3.872983346207417,0.23076923076923078,0.2263157894736842,0.23145502494313788
nRfYc,Red Cross,21,31,0.0,B,bII,Bb major,(122131),1,2,2,1,3,1,10,5-29A,5,6,"[1, 5, 6, 8, 11]","[0, 2, 6, 7, 9]",60000.0,2.8,2.6457513110645907,0.1346153846153846,0.14736842105263157,0.15811388300841897
nRfYc,Red Cross,22,32,0.0,B-,I,Bb major,(212320),2,1,2,3,2,0,10,5-17,5,9,"[0, 1, 5, 9, 10]","[0, 2, 3, 7, 11]",62000.0,2.5,2.8284271247461903,0.1346153846153846,0.13157894736842105,0.16903085094570333
nRfYc,Red Cross,23,34,0.0,B-,I,Bb major,(010020),0,1,0,0,2,0,3,3-9,3,3,"[2, 4, 9]","[4, 6, 11]",66000.0,0.5,4.123105625617661,0.0,0.02631578947368421,0.24640269015229058
nRfYc,Red Cross,24,37,0.0,C,II,Bb major,(321000),3,2,1,0,0,0,6,4-1,4,4,"[0, 9, 10, 11]","[0, 9, 10, 11]",72000.0,4.0,3.872983346207417,0.057692307692307696,0.21052631578947367,0.23145502494313788
nRfYc,Red Cross,25,37,2.0,F,V,Bb major,(210111),2,1,0,1,1,1,6,4-5B,4,4,"[0, 1, 2, 8]","[3, 7, 8, 9]",73000.0,3.3,2.449489742783178,0.057692307692307696,0.17368421052631577,0.14638501094227996
nRfYc,Red Cross,26,38,0.0,B-,I,Bb major,(343230),3,4,3,2,3,0,15,6-8,6,9,"[3, 5, 6, 7, 8, 10]","[0, 5, 7, 8, 9, 10]",74000.0,5.0,5.0,0.23076923076923078,0.2631578947368421,0.2988071523335984
nRfYc,Red Cross,27,39,0.0,E-,IV,Bb major,(101100),1,0,1,1,0,0,3,3-3B,3,4,"[7, 10, 11]","[4, 7, 8]",76000.0,1.0,5.830951894845301,0.0,0.05263157894736842,0.3484660262185848
nRfYc,Red Cross,28,39,2.0,E-,IV,Bb major,(121110),1,2,1,1,1,0,6,4-11B,4,4,"[1, 3, 5, 6]","[0, 2, 3, 10]",77000.0,2.0,2.23606797749979,0.057692307692307696,0.10526315789473684,0.1336306209562122
nRfYc,Red Cross,29,41,2.0,F,V,Bb major,(011010),0,1,1,0,1,0,3,3-7A,3,3,"[5, 7, 10]","[0, 2, 5]",81000.0,0.5,1.7320508075688772,0.0,0.02631578947368421,0.10350983390135313
nRfYc,Red Cross,30,42,0.0,B-,I,Bb major,(111111),1,1,1,1,1,1,6,4-15A,4,5,"[1, 2, 5, 7]","[3, 4, 7, 9]",82000.0,2.3,1.7320508075688772,0.057692307692307696,0.12105263157894736,0.10350983390135313
nRfYc,Red Cross,31,44,0.0,B-,I,Bb major,(545662),5,4,5,6,6,2,28,8-20,8,13,"[0, 1, 2, 5, 6, 7, 9, 10]","[0, 2, 3, 4, 7, 8, 9, 11]",86000.0,8.6,9.591663046625438,0.4807692307692308,0.4526315789473684,0.5732115042211108
nRfYc,Red Cross,32,45,0.0,C,II,Bb major,(224322),2,2,4,3,2,2,15,6-28,6,8,"[0, 2, 3, 6, 9, 10]","[0, 2, 3, 6, 9, 10]",88000.0,4.6,6.244997998398398,0.23076923076923078,0.2421052631578947,0.37321001364608947
nRfYc,Red Cross,33,46,0.0,B-,I,Bb major,(443532),4,4,3,5,3,2,21,7-13A,7,9,"[0, 2, 6, 7, 8, 10, 11]","[0, 1, 2, 4, 8, 9, 10]",90000.0,7.6,3.7416573867739413,0.34615384615384615,0.39999999999999997,0.22360679774997896
nRfYc,Red Cross,34,47,0.0,E-,IV,Bb major,(111000),1,1,1,0,0,0,3,3-2B,3,10,"[0, 1, 10]","[7, 9, 10]",92000.0,1.5,7.745966692414834,0.0,0.07894736842105263,0.46291004988627577
nRfYc,Red Cross,35,48,0.0,B-,I,Bb major,(121110),1,2,1,1,1,0,6,4-11A,4,7,"[0, 2, 9, 10]","[0, 2, 4, 11]",94000.0,2.0,1.7320508075688772,0.057692307692307696,0.10526315789473684,0.10350983390135313
nRfYc,Red Cross,36,50,0.0,D,III,Bb major,(233241),2,3,3,2,4,1,15,6-25B,6,8,"[0, 2, 3, 7, 9, 10]","[0, 1, 5, 7, 8, 10]",98000.0,4.3,4.123105625617661,0.23076923076923078,0.2263157894736842,0.24640269015229058
nRfYc,Red Cross,37,51,0.0,D,III,Bb major,(224322),2,2,4,3,2,2,15,6-28,6,8,"[0, 2, 3, 6, 9, 10]","[0, 1, 4, 7, 8, 10]",100000.0,4.6,2.8284271247461903,0.23076923076923078,0.2421052631578947,0.16903085094570333
nRfYc,Red Cross,38,52,0.0,G,VI,Bb major,(546553),5,4,6,5,5,3,28,8-18A,8,9,"[0, 2, 3, 5, 6, 9, 10, 11]","[2, 3, 4, 5, 7, 8, 10, 11]",102000.0,9.4,5.5677643628300215,0.4807692307692308,0.4947368421052632,0.33273756282434613
nRfYc,Red Cross,39,53,0.0,G,VI,Bb major,(344433),3,4,4,4,3,3,21,7-28A,7,9,"[1, 2, 3, 5, 8, 9, 11]","[1, 2, 4, 6, 7, 8, 10]",104000.0,7.4,3.605551275463989,0.34615384615384615,0.38947368421052636,0.21547290184283363
nRfYc,Red Cross,40,54,0.0,C,II,Bb major,(254361),2,5,4,3,6,1,21,7-35,7,8,"[0, 2, 4, 5, 7, 9, 10]","[0, 2, 4, 5, 7, 9, 10]",106000.0,5.3,4.0,0.34615384615384615,0.2789473684210526,0.23904572186687872
nRfYc,Red Cross,41,55,0.0,C,II,Bb major,(335442),3,3,5,4,4,2,21,7-32A,7,9,"[1, 2, 4, 5, 7, 9, 10]","[1, 2, 4, 5, 7, 9, 10]",108000.0,6.1,3.4641016151377544,0.34615384615384615,0.32105263157894737,0.20701966780270625
nRfYc,Red Cross,42,56,0.0,C,II,Bb major,(353442),3,5,3,4,4,2,21,7-24B,7,8,"[0, 3, 5, 7, 9, 10, 11]","[0, 3, 5, 7, 9, 10, 11]",110000.0,7.1,2.8284271247461903,0.34615384615384615,0.3736842105263158,0.16903085094570333
nRfYc,Red Cross,43,57,0.0,F,V,Bb major,(335442),3,3,5,4,4,2,21,7-32B,7,10,"[0, 2, 3, 5, 6, 9, 10]","[0, 1, 4, 5, 7, 9, 10]",112000.0,6.1,2.8284271247461903,0.34615384615384615,0.32105263157894737,0.16903085094570333
nRfYc,Red Cross,44,60,0.0,B-,I,Bb major,(233331),2,3,3,3,3,1,15,6-46A,6,6,"[0, 3, 6, 7, 8, 10]","[0, 2, 5, 8, 9, 10]",118000.0,4.3,2.8284271247461903,0.23076923076923078,0.2263157894736842,0.16903085094570333
nRfYc,Red Cross,45,61,0.0,C,II,Bb major,(210000),2,1,0,0,0,0,3,3-1,3,4,"[3, 4, 5]","[3, 4, 5]",120000.0,2.5,5.656854249492381,0.0,0.13157894736842105,0.33806170189140666
nRfYc,Red Cross,46,62,0.0,B-,I,Bb major,(654321),6,5,4,3,2,1,21,7-1,7,8,"[0, 6, 7, 8, 9, 10, 11]","[0, 1, 2, 8, 9, 10, 11]",122000.0,9.3,7.874007874011811,0.34615384615384615,0.48947368421052634,0.4705619740571601
nRfYc,Red Cross,47,64,0.0,B-,I,Bb major,(032221),0,3,2,2,2,1,10,5-34,5,6,"[1, 3, 5, 7, 10]","[0, 3, 5, 7, 9]",126000.0,2.3,6.708203932499369,0.1346153846153846,0.12105263157894736,0.4008918628686366
nRfYc,Red Cross,48,65,0.0,C,II,Bb major,(111000),1,1,1,0,0,0,3,3-2A,3,4,"[0, 9, 10]","[0, 9, 10]",128000.0,1.5,3.872983346207417,0.0,0.07894736842105263,0.23145502494313788
nRfYc,Red Cross,49,65,2.0,F,V,Bb major,(021120),0,2,1,1,2,0,6,4-22A,4,4,"[3, 5, 7, 10]","[0, 2, 5, 10]",129000.0,1.0,2.6457513110645907,0.057692307692307696,0.05263157894736842,0.15811388300841897
rCn4c,Au Privave (No. 1),0,1,0.0,F,I,F major,(202420),2,0,2,4,2,0,10,5-21A,5,6,"[0, 4, 5, 8, 9]","[0, 3, 4, 7, 11]",0.0,2.0,0.0,0.1346153846153846,0.10526315789473684,0.0
rCn4c,Au Privave (No. 1),1,2,0.0,G,II,F major,(001110),0,0,1,1,1,0,3,3-11A,3,3,"[0, 4, 9]","[2, 5, 9]",2000.0,0.0,3.872983346207417,0.0,0.0,0.23145502494313788
rCn4c,Au Privave (No. 1),2,2,2.0,A-,bIII,F major,(111000),1,1,1,0,0,0,3,3-2A,3,4,"[4, 5, 7]","[8, 9, 11]",3000.0,1.5,2.0,0.0,0.07894736842105263,0.11952286093343936
rCn4c,Au Privave (No. 1),3,3,0.0,F,I,F major,(131221),1,3,1,2,2,1,10,5-24B,5,8,"[3, 5, 7, 9, 10]","[0, 2, 4, 5, 10]",4000.0,3.3,3.605551275463989,0.1346153846153846,0.17368421052631577,0.21547290184283363
rCn4c,Au Privave (No. 1),4,5,0.0,B-,IV,F major,(100011),1,0,0,0,1,1,3,3-5B,3,4,"[5, 10, 11]","[0, 1, 7]",8000.0,1.8,3.872983346207417,0.0,0.09473684210526316,0.23145502494313788
rCn4c,Au Privave (No. 1),5,6,0.0,B-,IV,F major,(122010),1,2,2,0,1,0,6,4-10,4,5,"[5, 7, 8, 10]","[0, 7, 9, 10]",10000.0,2.0,3.0,0.057692307692307696,0.10526315789473684,0.17928429140015903
rCn4c,Au Privave (No. 1),6,7,0.0,F,I,F major,(122010),1,2,2,0,1,0,6,4-10,4,4,"[0, 7, 9, 10]","[2, 4, 5, 7]",12000.0,2.0,0.0,0.057692307692307696,0.10526315789473684,0.0
rCn4c,Au Privave (No. 1),7,8,2.0,D,VI,F major,(111000),1,1,1,0,0,0,3,3-2A,3,4,"[0, 9, 10]","[7, 8, 10]",15000.0,1.5,1.7320508075688772,0.0,0.07894736842105263,0.10350983390135313
rCn4c,Au Privave (No. 1),8,9,0.0,G,II,F major,(122230),1,2,2,2,3,0,10,5-27A,5,6,"[0, 4, 5, 7, 9]","[0, 2, 5, 9, 10]",16000.0,2.0,3.872983346207417,0.1346153846153846,0.10526315789473684,0.23145502494313788
rCn4c,Au Privave (No. 1),9,10,0.0,C,V,F major,(110121),1,1,0,1,2,1,6,4-16B,4,6,"[0, 4, 5, 10]","[0, 4, 5, 10]",18000.0,2.3,2.8284271247461903,0.057692307692307696,0.12105263157894736,0.16903085094570333
rCn4c,Au Privave (No. 1),10,12,0.0,G,II,F major,(101220),1,0,1,2,2,0,6,4-20,4,4,"[2, 5, 9, 10]","[2, 3, 7, 10]",22000.0,1.0,2.0,0.057692307692307696,0.05263157894736842,0.11952286093343936
rCn4c,Au Privave (No. 1),11,13,0.0,F,I,F major,(202420),2,0,2,4,2,0,10,5-21A,5,6,"[0, 4, 5, 8, 9]","[0, 3, 4, 7, 11]",24000.0,2.0,2.449489742783178,0.1346153846153846,0.10526315789473684,0.14638501094227996
rCn4c,Au Privave (No. 1),12,14,0.0,G,II,F major,(001110),0,0,1,1,1,0,3,3-11A,3,3,"[0, 4, 9]","[2, 5, 9]",26000.0,0.0,3.872983346207417,0.0,0.0,0.23145502494313788
rCn4c,Au Privave (No. 1),13,14,2.0,A-,bIII,F major,(111000),1,1,1,0,0,0,3,3-2A,3,4,"[4, 5, 7]","[8, 9, 11]",27000.0,1.5,2.0,0.0,0.07894736842105263,0.11952286093343936
rCn4c,Au Privave (No. 1),14,15,0.0,F,I,F major,(131221),1,3,1,2,2,1,10,5-24B,5,8,"[3, 5, 7, 9, 10]","[0, 2, 4, 5, 10]",28000.0,3.3,3.605551275463989,0.1346153846153846,0.17368421052631577,0.21547290184283363
rCn4c,Au Privave (No. 1),15,17,0.0,B-,IV,F major,(100011),1,0,0,0,1,1,3,3-5B,3,4,"[5, 10, 11]","[0, 1, 7]",32000.0,1.8,3.872983346207417,0.0,0.09473684210526316,0.23145502494313788
rCn4c,Au Privave (No. 1),16,18,0.0,B-,IV,F major,(122010),1,2,2,0,1,0,6,4-10,4,5,"[5, 7, 8, 10]","[0, 7, 9, 10]",34000.0,2.0,3.0,0.057692307692307696,0.10526315789473684,0.17928429140015903
rCn4c,Au Privave (No. 1),17,19,0.0,F,I,F major,(122010),1,2,2,0,1,0,6,4-10,4,4,"[0, 7, 9, 10]","[2, 4, 5, 7]",36000.0,2.0,0.0,0.057692307692307696,0.10526315789473684,0.0
rCn4c,Au Privave (No. 1),18,20,2.0,D,VI,F major,(111000),1,1,1,0,0,0,3,3-2A,3,4,"[0, 9, 10]","[7, 8, 10]",39000.0,1.5,1.7320508075688772,0.0,0.07894736842105263,0.10350983390135313
rCn4c,Au Privave (No. 1),19,21,0.0,G,II,F major,(122230),1,2,2,2,3,0,10,5-27A,5,6,"[0, 4, 5, 7, 9]","[0, 2, 5, 9, 10]",40000.0,2.0,3.872983346207417,0.1346153846153846,0.10526315789473684,0.23145502494313788
rCn4c,Au Privave (No. 1),20,22,0.0,C,V,F major,(110121),1,1,0,1,2,1,6,4-16B,4,6,"[0, 4, 5, 10]","[0, 4, 5, 10]",42000.0,2.3,2.8284271247461903,0.057692307692307696,0.12105263157894736,0.16903085094570333
rCn4c,Au Privave (No. 1),21,24,0.0,G,II,F major,(101220),1,0,1,2,2,0,6,4-20,4,4,"[2, 5, 9, 10]","[2, 3, 7, 10]",46000.0,1.0,2.0,0.057692307692307696,0.05263157894736842,0.11952286093343936
rCn4c,Au Privave (No. 1),22,25,0.0,F,I,F major,(210111),2,1,0,1,1,1,6,4-5A,4,5,"[0, 1, 5, 11]","[0, 6, 7, 8]",48000.0,3.3,2.449489742783178,0.057692307692307696,0.17368421052631577,0.14638501094227996
rCn4c,Au Privave (No. 1),23,26,0.0,F,I,F major,(233241),2,3,3,2,4,1,15,6-25A,6,8,"[0, 4, 5, 7, 9, 10]","[0, 2, 4, 5, 7, 11]",50000.0,4.3,4.795831523312719,0.23076923076923078,0.2263157894736842,0.2866057521105554
rCn4c,Au Privave (No. 1),24,27,0.0,C,V,F major,(143241),1,4,3,2,4,1,15,6-33B,6,8,"[0, 3, 5, 7, 9, 10]","[0, 3, 5, 7, 9, 10]",52000.0,3.8,1.4142135623730951,0.23076923076923078,0.19999999999999998,0.08451542547285167
rCn4c,Au Privave (No. 1),25,28,2.0,B,#IV,F major,(012120),0,1,2,1,2,0,6,4-26,4,4,"[2, 5, 7, 10]","[3, 6, 8, 11]",55000.0,0.5,4.123105625617661,0.057692307692307696,0.02631578947368421,0.24640269015229058
rCn4c,Au Privave (No. 1),26,29,0.0,B-,IV,F major,(012120),0,1,2,1,2,0,6,4-26,4,7,"[2, 5, 7, 10]","[0, 4, 7, 9]",56000.0,0.5,0.0,0.057692307692307696,0.02631578947368421,0.0
rCn4c,Au Privave (No. 1),27,30,0.0,B-,IV,F major,(010101),0,1,0,1,0,1,3,3-8B,3,3,"[1, 5, 7]","[3, 7, 9]",58000.0,1.3,3.0,0.0,0.06842105263157895,0.17928429140015903
rCn4c,Au Privave (No. 1),28,31,0.0,F,I,F major,(544431),5,4,4,4,3,1,21,7-3B,7,8,"[0, 1, 2, 3, 4, 5, 9]","[0, 4, 7, 8, 9, 10, 11]",60000.0,7.8,8.246211251235321,0.34615384615384615,0.4105263157894737,0.49280538030458115
rCn4c,Au Privave (No. 1),29,32,0.0,F,I,F major,(122010),1,2,2,0,1,0,6,4-10,4,6,"[0, 7, 9, 10]","[2, 4, 5, 7]",62000.0,2.0,6.708203932499369,0.057692307692307696,0.10526315789473684,0.4008918628686366
rCn4c,Au Privave (No. 1),30,32,2.0,D,VI,F major,(112011),1,1,2,0,1,1,6,4-13A,4,4,"[0, 1, 3, 6]","[1, 4, 10, 11]",63000.0,2.3,1.4142135623730951,0.057692307692307696,0.12105263157894736,0.08451542547285167
rCn4c,Au Privave (No. 1),31,33,0.0,G,II,F major,(101220),1,0,1,2,2,0,6,4-20,4,9,"[2, 5, 9, 10]","[2, 3, 7, 10]",64000.0,1.0,2.8284271247461903,0.057692307692307696,0.05263157894736842,0.16903085094570333
rCn4c,Au Privave (No. 1),32,34,0.0,C,V,F major,(211110),2,1,1,1,1,0,6,4-4A,4,6,"[0, 7, 8, 9]","[0, 7, 8, 9]",66000.0,2.5,2.0,0.057692307692307696,0.13157894736842105,0.11952286093343936
rCn4c,Au Privave (No. 1),33,35,0.0,F,I,F major,(011010),0,1,1,0,1,0,3,3-7B,3,4,"[0, 2, 9]","[4, 7, 9]",68000.0,0.5,2.23606797749979,0.0,0.02631578947368421,0.1336306209562122
rCn4c,Au Privave (No. 1),34,37,0.0,F,I,F major,(111111),1,1,1,1,1,1,6,4-29B,4,6,"[0, 5, 9, 11]","[0, 4, 6, 7]",72000.0,2.3,1.7320508075688772,0.057692307692307696,0.12105263157894736,0.10350983390135313
rCn4c,Au Privave (No. 1),35,38,0.0,B-,IV,F major,(221100),2,2,1,1,0,0,6,4-2A,4,7,"[0, 2, 10, 11]","[0, 1, 2, 4]",74000.0,3.0,2.0,0.057692307692307696,0.15789473684210525,0.11952286093343936
rCn4c,Au Privave (No. 1),36,39,0.0,F,I,F major,(332110),3,3,2,1,1,0,10,5-2A,5,9,"[0, 7, 8, 9, 10]","[2, 3, 4, 5, 7]",76000.0,4.5,2.0,0.1346153846153846,0.23684210526315788,0.11952286093343936
rCn4c,Au Privave (No. 1),37,40,0.0,F,I,F major,(343230),3,4,3,2,3,0,15,6-8,6,8,"[0, 2, 3, 4, 5, 7]","[0, 2, 7, 9, 10, 11]",78000.0,5.0,2.6457513110645907,0.23076923076923078,0.2631578947368421,0.15811388300841897
rCn4c,Au Privave (No. 1),38,41,0.0,B-,IV,F major,(225222),2,2,5,2,2,2,15,6-27B,6,7,"[2, 4, 5, 7, 8, 11]","[1, 4, 6, 7, 9, 10]",80000.0,4.6,3.7416573867739413,0.23076923076923078,0.2421052631578947,0.22360679774997896
rCn4c,Au Privave (No. 1),39,42,0.0,B-,IV,F major,(111120),1,1,1,1,2,0,6,4-14B,4,5,"[0, 4, 5, 7]","[2, 6, 7, 9]",82000.0,1.5,4.795831523312719,0.057692307692307696,0.07894736842105263,0.2866057521105554
rCn4c,Au Privave (No. 1),40,44,2.0,D,VI,F major,(111120),1,1,1,1,2,0,6,4-14A,4,4,"[2, 7, 9, 10]","[0, 5, 7, 8]",87000.0,1.5,0.0,0.057692307692307696,0.07894736842105263,0.0
rCn4c,Au Privave (No. 1),41,45,0.0,G,II,F major,(677673),6,7,7,6,7,3,36,9-7B,9,16,"[0, 1, 2, 3, 4, 5, 7, 9, 10]","[0, 2, 3, 5, 6, 7, 8, 9, 10]",88000.0,11.9,12.489995996796797,0.6346153846153846,0.6263157894736843,0.7464200272921789
rCn4c,Au Privave (No. 1),42,46,0.0,C,V,F major,(667773),6,6,7,7,7,3,36,9-11A,9,17,"[0, 1, 2, 4, 5, 7, 8, 9, 10]","[0, 1, 2, 4, 5, 7, 8, 9, 10]",90000.0,11.4,1.4142135623730951,0.6346153846153846,0.6,0.08451542547285167
rCn4c,Au Privave (No. 1),43,47,0.0,F,I,F major,(123121),1,2,3,1,2,1,10,5-25B,5,6,"[0, 4, 7, 9, 10]","[2, 4, 5, 7, 11]",92000.0,2.8,11.045361017187261,0.1346153846153846,0.14736842105263157,0.6600865744084526
rCn4c,Au Privave (No. 1),44,48,2.0,C,V,F major,(012111),0,1,2,1,1,1,6,4-27A,4,5,"[2, 4, 7, 10]","[2, 4, 7, 10]",95000.0,1.3,2.0,0.057692307692307696,0.06842105263157895,0.11952286093343936
rCn4c,Au Privave (No. 1),45,49,0.0,F,I,F major,(321121),3,2,1,1,2,1,10,5-5B,5,5,"[0, 5, 9, 10, 11]","[0, 4, 5, 6, 7]",96000.0,4.8,3.4641016151377544,0.1346153846153846,0.25263157894736843,0.20701966780270625
rCn4c,Au Privave (No. 1),46,50,0.0,B-,IV,F major,(233331),2,3,3,3,3,1,15,6-24B,6,9,"[3, 5, 7, 8, 10, 11]","[0, 1, 5, 7, 9, 10]",98000.0,4.3,3.3166247903554,0.23076923076923078,0.2263157894736842,0.19820624179302296
rCn4c,Au Privave (No. 1),47,52,2.0,F,I,F major,(020100),0,2,0,1,0,0,3,3-6,3,3,"[3, 5, 7]","[0, 2, 10]",103000.0,1.0,5.291502622129181,0.0,0.05263157894736842,0.31622776601683794
rCn4c,Au Privave (No. 1),48,53,0.0,B-,IV,F major,(032221),0,3,2,2,2,1,10,5-34,5,8,"[0, 2, 5, 8, 10]","[0, 2, 4, 7, 10]",104000.0,2.3,3.3166247903554,0.1346153846153846,0.12105263157894736,0.19820624179302296
rCn4c,Au Privave (No. 1),49,54,0.0,B-,IV,F major,(020202),0,2,0,2,0,2,6,4-25,4,5,"[1, 5, 7, 11]","[1, 3, 7, 9]",106000.0,2.6,3.1622776601683795,0.057692307692307696,0.1368421052631579,0.18898223650461363
rCn4c,Au Privave (No. 1),50,55,0.0,F,I,F major,(101100),1,0,1,1,0,0,3,3-3B,3,3,"[0, 3, 4]","[7, 10, 11]",108000.0,1.0,3.3166247903554,0.0,0.05263157894736842,0.19820624179302296
rCn4c,Au Privave (No. 1),51,56,0.0,A,III,F major,(221100),2,2,1,1,0,0,6,4-2B,4,4,"[0, 1, 2, 10]","[1, 3, 4, 5]",110000.0,3.0,2.23606797749979,0.057692307692307696,0.15789473684210525,0.1336306209562122
rCn4c,Au Privave (No. 1),52,56,2.0,D,VI,F major,(212100),2,1,2,1,0,0,6,4-3,4,6,"[6, 7, 9, 10]","[4, 5, 7, 8]",111000.0,2.5,1.4142135623730951,0.057692307692307696,0.13157894736842105,0.08451542547285167
rCn4c,Au Privave (No. 1),53,57,0.0,G,II,F major,(122010),1,2,2,0,1,0,6,4-10,4,5,"[0, 7, 9, 10]","[0, 2, 3, 5]",112000.0,2.0,2.0,0.057692307692307696,0.10526315789473684,0.11952286093343936
rCn4c,Au Privave (No. 1),54,58,0.0,C,V,F major,(333321),3,3,3,3,2,1,15,6-39B,6,9,"[0, 1, 3, 7, 10, 11]","[0, 1, 3, 7, 10, 11]",114000.0,5.3,4.123105625617661,0.23076923076923078,0.2789473684210526,0.24640269015229058
rCn4c,Au Privave (No. 1),55,59,0.0,F,I,F major,(221311),2,2,1,3,1,1,10,5-13B,5,5,"[0, 1, 5, 9, 11]","[0, 4, 6, 7, 8]",116000.0,3.8,2.6457513110645907,0.1346153846153846,0.19999999999999998,0.15811388300841897
rRfYc,Si Si,0,1,0.0,F,I,F major,(021030),0,2,1,0,3,0,6,4-23,4,6,"[0, 2, 5, 7]","[0, 2, 7, 9]",0.0,1.0,0.0,0.057692307692307696,0.05263157894736842,0.0
rRfYc,Si Si,1,2,0.0,E,VII,F major,(100110),1,0,0,1,1,0,3,3-4B,3,4,"[5, 9, 10]","[1, 5, 6]",2000.0,1.0,3.3166247903554,0.0,0.05263157894736842,0.19820624179302296
rRfYc,Si Si,2,2,2.0,A,III,F major,(012111),0,1,2,1,1,1,6,4-27B,4,4,"[1, 4, 7, 9]","[0, 4, 7, 10]",3000.0,1.3,2.6457513110645907,0.057692307692307696,0.06842105263157895,0.15811388300841897
rRfYc,Si Si,3,3,0.0,D,VI,F major,(111000),1,1,1,0,0,0,3,3-2A,3,5,"[0, 9, 10]","[7, 8, 10]",4000.0,1.5,2.23606797749979,0.0,0.07894736842105263,0.1336306209562122
rRfYc,Si Si,4,3,2.0,G,II,F major,(020100),0,2,0,1,0,0,3,3-6,3,3,"[5, 7, 9]","[0, 2, 10]",5000.0,1.0,2.0,0.0,0.05263157894736842,0.11952286093343936
rRfYc,Si Si,5,4,2.0,F,I,F major,(012111),0,1,2,1,1,1,6,4-27B,4,4,"[0, 3, 5, 9]","[0, 4, 7, 10]",7000.0,1.3,2.6457513110645907,0.057692307692307696,0.06842105263157895,0.15811388300841897
rRfYc,Si Si,6,5,0.0,B-,IV,F major,(102111),1,0,2,1,1,1,6,4-18A,4,6,"[2, 5, 10, 11]","[0, 1, 4, 7]",8000.0,1.8,1.4142135623730951,0.057692307692307696,0.09473684210526316,0.08451542547285167
rRfYc,Si Si,7,6,0.0,B-,IV,F major,(132130),1,3,2,1,3,0,10,5-23B,5,8,"[0, 5, 7, 9, 10]","[0, 2, 7, 9, 11]",10000.0,2.5,3.7416573867739413,0.1346153846153846,0.13157894736842105,0.22360679774997896
rRfYc,Si Si,8,7,0.0,F,I,F major,(101220),1,0,1,2,2,0,6,4-20,4,5,"[0, 4, 5, 9]","[0, 4, 7, 11]",12000.0,1.0,3.4641016151377544,0.057692307692307696,0.05263157894736842,0.20701966780270625
rRfYc,Si Si,9,8,0.0,A,III,F major,(001110),0,0,1,1,1,0,3,3-11A,3,4,"[0, 4, 9]","[0, 3, 7]",14000.0,0.0,1.7320508075688772,0.0,0.0,0.10350983390135313
rRfYc,Si Si,10,8,2.0,D,VI,F major,(211110),2,1,1,1,1,0,6,4-4B,4,4,"[2, 5, 6, 7]","[0, 3, 4, 5]",15000.0,2.5,2.23606797749979,0.057692307692307696,0.13157894736842105,0.1336306209562122
rRfYc,Si Si,11,9,0.0,G,II,F major,(111120),1,1,1,1,2,0,6,4-14B,4,6,"[0, 5, 9, 10]","[2, 3, 5, 10]",16000.0,1.5,1.4142135623730951,0.057692307692307696,0.07894736842105263,0.08451542547285167
rRfYc,Si Si,12,10,0.0,C,V,F major,(212221),2,1,2,2,2,1,10,5-18B,5,7,"[1, 2, 7, 9, 10]","[1, 2, 7, 9, 10]",18000.0,3.3,2.0,0.1346153846153846,0.17368421052631577,0.11952286093343936
rRfYc,Si Si,13,11,0.0,F,I,F major,(233331),2,3,3,3,3,1,15,6-24A,6,9,"[1, 2, 4, 5, 7, 9]","[0, 2, 4, 8, 9, 11]",20000.0,4.3,2.6457513110645907,0.23076923076923078,0.2263157894736842,0.15811388300841897
rRfYc,Si Si,14,12,0.0,G,II,F major,(011010),0,1,1,0,1,0,3,3-7A,3,4,"[0, 3, 10]","[3, 5, 8]",22000.0,0.5,5.0990195135927845,0.0,0.02631578947368421,0.304724700110022
rRfYc,Si Si,15,12,2.0,C,V,F major,(111000),1,1,1,0,0,0,3,3-2A,3,3,"[0, 9, 10]","[0, 9, 10]",23000.0,1.5,1.4142135623730951,0.0,0.07894736842105263,0.08451542547285167
rRfYc,Si Si,16,13,0.0,F,I,F major,(021120),0,2,1,1,2,0,6,4-22A,4,6,"[0, 5, 7, 9]","[0, 2, 4, 7]",24000.0,1.0,2.6457513110645907,0.057692307692307696,0.05263157894736842,0.15811388300841897
rRfYc,Si Si,17,15,0.0,D,VI,F major,(210000),2,1,0,0,0,0,3,3-1,3,3,"[9, 10, 11]","[7, 8, 9]",28000.0,2.5,3.3166247903554,0.0,0.13157894736842105,0.19820624179302296
rRfYc,Si Si,18,15,2.0,G,II,F major,(111000),1,1,1,0,0,0,3,3-2A,3,5,"[0, 9, 10]","[2, 3, 5]",29000.0,1.5,1.4142135623730951,0.0,0.07894736842105263,0.08451542547285167
rRfYc,Si Si,19,16,0.0,C,V,F major,(012111),0,1,2,1,1,1,6,4-27A,4,4,"[0, 3, 7, 9]","[0, 3, 7, 9]",30000.0,1.3,2.23606797749979,0.057692307692307696,0.06842105263157895,0.1336306209562122
rRfYc,Si Si,20,16,2.0,F,I,F major,(020301),0,2,0,3,0,1,6,4-24,4,6,"[1, 5, 7, 9]","[0, 2, 4, 8]",31000.0,1.8,3.1622776601683795,0.057692307692307696,0.09473684210526316,0.18898223650461363
rRfYc,Si Si,21,17,0.0,B-,IV,F major,(111000),1,1,1,0,0,0,3,3-2A,3,6,"[0, 9, 10]","[0, 2, 11]",32000.0,1.5,3.605551275463989,0.0,0.07894736842105263,0.21547290184283363
rRfYc,Si Si,22,19,0.0,F,I,F major,(544431),5,4,4,4,3,1,21,7-3B,7,8,"[0, 1, 2, 3, 4, 5, 9]","[0, 4, 7, 8, 9, 10, 11]",36000.0,7.8,7.745966692414834,0.34615384615384615,0.4105263157894737,0.46291004988627577
rRfYc,Si Si,23,20,0.0,A,III,F major,(001110),0,0,1,1,1,0,3,3-11A,3,4,"[0, 4, 9]","[0, 3, 7]",38000.0,0.0,8.0,0.0,0.0,0.47809144373375745
rRfYc,Si Si,24,20,2.0,D,VI,F major,(111111),1,1,1,1,1,1,6,4-29A,4,4,"[3, 8, 9, 11]","[1, 6, 7, 9]",39000.0,2.3,1.7320508075688772,0.057692307692307696,0.12105263157894736,0.10350983390135313
rRfYc,Si Si,25,21,0.0,G,II,F major,(032221),0,3,2,2,2,1,10,5-34,5,7,"[0, 2, 4, 7, 10]","[0, 3, 5, 7, 9]",40000.0,2.3,2.8284271247461903,0.1346153846153846,0.12105263157894736,0.16903085094570333
rRfYc,Si Si,26,22,0.0,G,II,F major,(543210),5,4,3,2,1,0,15,6-1,6,8,"[0, 1, 2, 3, 4, 5]","[5, 6, 7, 8, 9, 10]",42000.0,7.0,5.385164807134504,0.23076923076923078,0.3684210526315789,0.3218251521733945
rRfYc,Si Si,27,22,2.0,C,V,F major,(224322),2,2,4,3,2,2,15,6-28,6,8,"[1, 4, 5, 7, 9, 10]","[1, 4, 5, 7, 9, 10]",43000.0,4.6,4.47213595499958,0.23076923076923078,0.2421052631578947,0.2672612419124244
rRfYc,Si Si,28,23,0.0,F,I,F major,(012111),0,1,2,1,1,1,6,4-27A,4,6,"[0, 3, 7, 9]","[2, 4, 7, 10]",44000.0,1.3,3.872983346207417,0.057692307692307696,0.06842105263157895,0.23145502494313788
rRfYc,Si Si,29,25,0.0,F,I,F major,(211231),2,1,1,2,3,1,10,5-20A,5,7,"[0, 4, 5, 7, 11]","[0, 2, 6, 7, 11]",48000.0,3.3,3.1622776601683795,0.1346153846153846,0.17368421052631577,0.18898223650461363
rRfYc,Si Si,30,26,0.0,G,II,F major,(101310),1,0,1,3,1,0,6,4-19A,4,5,"[1, 2, 5, 9]","[2, 6, 7, 10]",50000.0,1.0,2.8284271247461903,0.057692307692307696,0.05263157894736842,0.16903085094570333
rRfYc,Si Si,31,26,2.0,C,V,F major,(321000),3,2,1,0,0,0,6,4-1,4,4,"[0, 1, 10, 11]","[0, 1, 10, 11]",51000.0,4.0,4.242640687119285,0.057692307692307696,0.21052631578947367,0.25354627641855493
rRfYc,Si Si,32,27,0.0,F,I,F major,(332110),3,3,2,1,1,0,10,5-2A,5,5,"[0, 7, 8, 9, 10]","[2, 3, 4, 5, 7]",52000.0,4.5,2.0,0.1346153846153846,0.23684210526315788,0.11952286093343936
rRfYc,Si Si,33,29,0.0,B-,IV,F major,(112011),1,1,2,0,1,1,6,4-13B,4,7,"[5, 8, 10, 11]","[0, 1, 7, 10]",56000.0,2.3,3.1622776601683795,0.057692307692307696,0.12105263157894736,0.18898223650461363
rRfYc,Si Si,34,30,0.0,B-,IV,F major,(344352),3,4,4,3,5,2,21,7-29A,7,10,"[1, 2, 3, 5, 7, 8, 10]","[0, 3, 4, 5, 7, 9, 10]",58000.0,6.6,6.557438524302,0.34615384615384615,0.34736842105263155,0.3918819064098629
rRfYc,Si Si,35,31,0.0,F,I,F major,(123121),1,2,3,1,2,1,10,5-25B,5,10,"[0, 4, 7, 9, 10]","[2, 4, 5, 7, 11]",60000.0,2.8,4.795831523312719,0.1346153846153846,0.14736842105263157,0.2866057521105554
rRfYc,Si Si,36,32,0.0,A,III,F major,(102111),1,0,2,1,1,1,6,4-18B,4,4,"[1, 2, 7, 10]","[1, 4, 5, 10]",62000.0,1.8,2.449489742783178,0.057692307692307696,0.09473684210526316,0.14638501094227996
rRfYc,Si Si,37,32,2.0,D,VI,F major,(321000),3,2,1,0,0,0,6,4-1,4,5,"[0, 9, 10, 11]","[7, 8, 9, 10]",63000.0,4.0,3.4641016151377544,0.057692307692307696,0.21052631578947367,0.20701966780270625
rRfYc,Si Si,38,35,0.0,F,I,F major,(100011),1,0,0,0,1,1,3,3-5A,3,4,"[0, 5, 11]","[0, 6, 7]",68000.0,1.8,3.3166247903554,0.0,0.09473684210526316,0.19820624179302296
rRfYc,Si Si,39,37,0.0,F,I,F major,(213211),2,1,3,2,1,1,10,5-16B,5,6,"[0, 5, 8, 9, 11]","[0, 3, 4, 6, 7]",72000.0,3.3,3.872983346207417,0.1346153846153846,0.17368421052631577,0.23145502494313788
rRfYc,Si Si,40,38,0.0,E,VII,F major,(021030),0,2,1,0,3,0,6,4-23,4,4,"[2, 4, 7, 9]","[0, 3, 5, 10]",74000.0,1.0,4.242640687119285,0.057692307692307696,0.05263157894736842,0.25354627641855493
rRfYc,Si Si,41,38,2.0,A,III,F major,(004002),0,0,4,0,0,2,6,4-28,4,4,"[1, 4, 7, 10]","[1, 4, 7, 10]",75000.0,1.6,5.0990195135927845,0.057692307692307696,0.08421052631578947,0.304724700110022
rRfYc,Si Si,42,39,0.0,D,VI,F major,(001110),0,0,1,1,1,0,3,3-11A,3,4,"[2, 5, 9]","[0, 3, 7]",76000.0,0.0,3.872983346207417,0.0,0.0,0.23145502494313788
rRfYc,Si Si,43,39,2.0,G,II,F major,(000300),0,0,0,3,0,0,3,3-12,3,4,"[1, 5, 9]","[2, 6, 10]",77000.0,0.0,2.449489742783178,0.0,0.0,0.14638501094227996
rRfYc,Si Si,44,40,0.0,C,V,F major,(012120),0,1,2,1,2,0,6,4-26,4,6,"[0, 3, 7, 10]","[0, 3, 7, 10]",78000.0,0.5,3.605551275463989,0.057692307692307696,0.02631578947368421,0.21547290184283363
rRfYc,Si Si,45,40,2.0,F,I,F major,(321000),3,2,1,0,0,0,6,4-1,4,4,"[0, 1, 2, 11]","[6, 7, 8, 9]",79000.0,4.0,4.0,0.057692307692307696,0.21052631578947367,0.23904572186687872
rRfYc,Si Si,46,41,0.0,B-,IV,F major,(122010),1,2,2,0,1,0,6,4-10,4,5,"[5, 7, 8, 10]","[0, 7, 9, 10]",80000.0,2.0,2.449489742783178,0.057692307692307696,0.10526315789473684,0.14638501094227996
rRfYc,Si Si,47,43,0.0,F,I,F major,(333231),3,3,3,2,3,1,15,6-40A,6,10,"[0, 4, 5, 6, 7, 9]","[0, 1, 2, 4, 7, 11]",84000.0,5.3,3.872983346207417,0.23076923076923078,0.2789473684210526,0.23145502494313788
rRfYc,Si Si,48,44,0.0,A,III,F major,(001110),0,0,1,1,1,0,3,3-11A,3,4,"[0, 4, 9]","[0, 3, 7]",86000.0,0.0,5.291502622129181,0.0,0.0,0.31622776601683794
rRfYc,Si Si,49,44,2.0,D,VI,F major,(111111),1,1,1,1,1,1,6,4-29A,4,4,"[3, 8, 9, 11]","[1, 6, 7, 9]",87000.0,2.3,1.7320508075688772,0.057692307692307696,0.12105263157894736,0.10350983390135313
rRfYc,Si Si,50,45,0.0,G,II,F major,(212320),2,1,2,3,2,0,10,5-37,5,7,"[2, 5, 6, 7, 10]","[0, 3, 7, 10, 11]",88000.0,2.5,2.8284271247461903,0.1346153846153846,0.13157894736842105,0.16903085094570333
rRfYc,Si Si,51,46,2.0,C,V,F major,(122230),1,2,2,2,3,0,10,5-27A,5,5,"[0, 2, 5, 9, 10]","[0, 2, 5, 9, 10]",91000.0,2.0,2.0,0.1346153846153846,0.10526315789473684,0.11952286093343936
rRfYc,Si Si,52,47,0.0,F,I,F major,(122230),1,2,2,2,3,0,10,5-27A,5,8,"[0, 2, 5, 9, 10]","[0, 4, 5, 7, 9]",92000.0,2.0,0.0,0.1346153846153846,0.10526315789473684,0.0
rRfYc,Si Si,53,48,0.0,G,II,F major,(111000),1,1,1,0,0,0,3,3-2B,3,4,"[5, 7, 8]","[0, 1, 10]",94000.0,1.5,3.872983346207417,0.0,0.07894736842105263,0.23145502494313788
rRfYc,Si Si,54,48,2.0,C,V,F major,(030201),0,3,0,2,0,1,6,4-21,4,5,"[0, 2, 8, 10]","[0, 2, 8, 10]",95000.0,2.3,3.3166247903554,0.057692307692307696,0.12105263157894736,0.19820624179302296
rRfYc,Si Si,55,49,0.0,F,I,F major,(121110),1,2,1,1,1,0,6,4-11B,4,6,"[0, 2, 4, 5]","[0, 7, 9, 11]",96000.0,2.0,2.449489742783178,0.057692307692307696,0.10526315789473684,0.14638501094227996
t66yc,t66yc,0,1,0.0,D,II,C major,(001110),0,0,1,1,1,0,3,3-11A,3,4,"[3, 6, 10]","[1, 4, 8]",0.0,0.0,0.0,0.0,0.0,0.0
t66yc,t66yc,1,1,2.0,G,V,C major,(111111),1,1,1,1,1,1,6,4-15A,4,4,"[1, 7, 8, 11]","[0, 1, 4, 6]",1000.0,2.3,1.7320508075688772,0.057692307692307696,0.12105263157894736,0.10350983390135313
t66yc,t66yc,2,2,0.0,C,I,C major,(122230),1,2,2,2,3,0,10,5-27A,5,8,"[0, 4, 5, 7, 9]","[0, 4, 5, 7, 9]",2000.0,2.0,2.8284271247461903,0.1346153846153846,0.10526315789473684,0.16903085094570333
t66yc,t66yc,3,3,0.0,C,I,C major,(032140),0,3,2,1,4,0,10,5-35,5,7,"[0, 2, 4, 7, 9]","[0, 2, 4, 7, 9]",4000.0,1.5,2.0,0.1346153846153846,0.07894736842105263,0.11952286093343936
t66yc,t66yc,4,4,0.0,G,V,C major,(112101),1,1,2,1,0,1,6,4-12A,4,6,"[1, 7, 9, 10]","[0, 2, 3, 6]",6000.0,2.3,4.69041575982343,0.057692307692307696,0.12105263157894736,0.2803059552906941
t66yc,t66yc,5,5,0.0,C,I,C major,(122010),1,2,2,0,1,0,6,4-10,4,8,"[0, 7, 9, 10]","[0, 7, 9, 10]",8000.0,2.0,2.0,0.057692307692307696,0.10526315789473684,0.11952286093343936
t66yc,t66yc,6,6,0.0,F,IV,C major,(114112),1,1,4,1,1,2,10,5-31A,5,5,"[0, 3, 6, 9, 10]","[1, 4, 5, 7, 10]",10000.0,3.1,3.1622776601683795,0.1346153846153846,0.1631578947368421,0.18898223650461363
t66yc,t66yc,7,7,0.0,F,IV,C major,(554331),5,5,4,3,3,1,21,7-2B,7,8,"[3, 5, 6, 7, 8, 9, 10]","[0, 1, 2, 3, 4, 5, 10]",12000.0,8.3,6.4031242374328485,0.34615384615384615,0.4368421052631579,0.38265986388511064
t66yc,t66yc,8,8,0.0,C,I,C major,(122010),1,2,2,0,1,0,6,4-10,4,6,"[2, 4, 5, 7]","[2, 4, 5, 7]",14000.0,2.0,6.557438524302,0.057692307692307696,0.10526315789473684,0.3918819064098629
t66yc,t66yc,9,9,0.0,E,III,C major,(111000),1,1,1,0,0,0,3,3-2B,3,3,"[7, 9, 10]","[3, 5, 6]",16000.0,1.5,1.7320508075688772,0.0,0.07894736842105263,0.10350983390135313
t66yc,t66yc,10,10,0.0,D,II,C major,(121321),1,2,1,3,2,1,10,5-30A,5,6,"[0, 2, 4, 8, 9]","[0, 2, 6, 7, 10]",18000.0,2.8,3.872983346207417,0.1346153846153846,0.14736842105263157,0.23145502494313788
t66yc,t66yc,11,12,0.0,C,I,C major,(012120),0,1,2,1,2,0,6,4-26,4,5,"[0, 2, 5, 9]","[0, 2, 5, 9]",22000.0,0.5,2.8284271247461903,0.057692307692307696,0.02631578947368421,0.16903085094570333
t66yc,t66yc,12,13,0.0,D,II,C major,(001110),0,0,1,1,1,0,3,3-11B,3,3,"[0, 4, 7]","[2, 5, 10]",24000.0,0.0,1.7320508075688772,0.0,0.0,0.10350983390135313
t66yc,t66yc,13,13,2.0,G,V,C major,(100110),1,0,0,1,1,0,3,3-4B,3,4,"[0, 4, 5]","[5, 9, 10]",25000.0,1.0,1.4142135623730951,0.0,0.05263157894736842,0.08451542547285167
t66yc,t66yc,14,14,0.0,C,I,C major,(100110),1,0,0,1,1,0,3,3-4B,3,3,"[0, 4, 5]","[0, 4, 5]",26000.0,1.0,0.0,0.0,0.05263157894736842,0.0
t66yc,t66yc,15,16,0.0,C,I,C major,(332110),3,3,2,1,1,0,10,5-2B,5,7,"[2, 4, 5, 6, 7]","[2, 4, 5, 6, 7]",30000.0,4.5,4.123105625617661,0.1346153846153846,0.23684210526315788,0.24640269015229058
t66yc,t66yc,16,17,0.0,G,V,C major,(121110),1,2,1,1,1,0,6,4-11A,4,5,"[0, 2, 9, 10]","[2, 3, 5, 7]",32000.0,2.0,2.449489742783178,0.057692307692307696,0.10526315789473684,0.14638501094227996
t66yc,t66yc,17,17,2.0,C,I,C major,(000300),0,0,0,3,0,0,3,3-12,3,4,"[0, 4, 8]","[0, 4, 8]",33000.0,0.0,3.3166247903554,0.0,0.0,0.19820624179302296
t66yc,t66yc,18,18,0.0,F,IV,C major,(143241),1,4,3,2,4,1,15,6-33A,6,7,"[0, 2, 3, 5, 7, 9]","[0, 2, 4, 7, 9, 10]",34000.0,3.8,6.6332495807108,0.23076923076923078,0.19999999999999998,0.3964124835860459
t66yc,t66yc,19,20,0.0,C,I,C major,(333321),3,3,3,3,2,1,15,6-39A,6,8,"[1, 2, 3, 4, 7, 11]","[1, 2, 3, 4, 7, 11]",38000.0,5.3,3.1622776601683795,0.23076923076923078,0.2789473684210526,0.18898223650461363
t66yc,t66yc,20,22,0.0,D,II,C major,(654321),6,5,4,3,2,1,21,7-1,7,7,"[0, 1, 2, 3, 4, 5, 11]","[0, 1, 2, 3, 9, 10, 11]",42000.0,9.3,3.7416573867739413,0.34615384615384615,0.48947368421052634,0.22360679774997896
t66yc,t66yc,21,23,0.0,G,V,C major,(565552),5,6,5,5,5,2,28,8-11B,8,12,"[0, 3, 5, 7, 8, 9, 10, 11]","[0, 1, 2, 3, 4, 5, 8, 10]",44000.0,9.6,4.123105625617661,0.4807692307692308,0.5052631578947369,0.24640269015229058
t66yc,t66yc,22,24,0.0,C,I,C major,(012120),0,1,2,1,2,0,6,4-26,4,5,"[0, 4, 7, 9]","[0, 4, 7, 9]",46000.0,0.5,9.38083151964686,0.057692307692307696,0.02631578947368421,0.5606119105813882
t66yc,t66yc,23,25,2.0,G,V,C major,(210000),2,1,0,0,0,0,3,3-1,3,3,"[4, 5, 6]","[9, 10, 11]",49000.0,2.5,3.605551275463989,0.0,0.13157894736842105,0.21547290184283363
t66yc,t66yc,24,26,0.0,C,I,C major,(132130),1,3,2,1,3,0,10,5-23B,5,7,"[0, 5, 7, 9, 10]","[0, 5, 7, 9, 10]",50000.0,2.5,4.358898943540674,0.1346153846153846,0.13157894736842105,0.26049403612586386
t66yc,t66yc,25,27,0.0,F,IV,C major,(111120),1,1,1,1,2,0,6,4-14B,4,6,"[0, 4, 5, 7]","[0, 2, 7, 11]",52000.0,1.5,2.449489742783178,0.057692307692307696,0.07894736842105263,0.14638501094227996
t66yc,t66yc,26,29,0.0,C,I,C major,(020100),0,2,0,1,0,0,3,3-6,3,5,"[0, 2, 10]","[0, 2, 10]",56000.0,1.0,2.6457513110645907,0.0,0.05263157894736842,0.15811388300841897
t66yc,t66yc,27,30,0.0,F,IV,C major,(032140),0,3,2,1,4,0,10,5-35,5,10,"[0, 2, 5, 7, 9]","[0, 2, 4, 7, 9]",58000.0,1.5,4.58257569495584,0.1346153846153846,0.07894736842105263,0.27386127875258304
t66yc,t66yc,28,31,0.0,F,IV,C major,(233331),2,3,3,3,3,1,15,6-24B,6,9,"[0, 2, 3, 7, 9, 11]","[2, 4, 6, 7, 9, 10]",60000.0,4.3,3.3166247903554,0.23076923076923078,0.2263157894736842,0.19820624179302296
t66yc,t66yc,29,32,0.0,C,I,C major,(321121),3,2,1,1,2,1,10,5-5B,5,6,"[0, 1, 2, 7, 11]","[0, 1, 2, 7, 11]",62000.0,4.8,3.3166247903554,0.1346153846153846,0.25263157894736843,0.19820624179302296
t66yc,t66yc,30,34,0.0,D,II,C major,(122230),1,2,2,2,3,0,10,5-27B,5,6,"[0, 2, 4, 5, 9]","[0, 2, 3, 7, 10]",66000.0,2.0,2.8284271247461903,0.1346153846153846,0.10526315789473684,0.16903085094570333
t66yc,t66yc,31,35,0.0,G,V,C major,(336333),3,3,6,3,3,3,21,7-31A,7,9,"[0, 2, 5, 6, 8, 9, 11]","[1, 2, 4, 5, 7, 10, 11]",68000.0,6.9,5.5677643628300215,0.34615384615384615,0.3631578947368421,0.33273756282434613
t66yc,t66yc,32,36,0.0,C,I,C major,(323430),3,2,3,4,3,0,15,6-14A,6,8,"[0, 2, 3, 4, 7, 11]","[0, 2, 3, 4, 7, 11]",70000.0,4.0,4.47213595499958,0.23076923076923078,0.21052631578947367,0.2672612419124244
t66yc,t66yc,33,38,0.0,C,I,C major,(232341),2,3,2,3,4,1,15,6-26,6,7,"[0, 4, 5, 7, 9, 11]","[0, 4, 5, 7, 9, 11]",74000.0,4.3,2.449489742783178,0.23076923076923078,0.2263157894736842,0.14638501094227996
t66yc,t66yc,34,39,0.0,D,II,C major,(021120),0,2,1,1,2,0,6,4-22B,4,4,"[2, 5, 7, 9]","[0, 3, 5, 7]",76000.0,1.0,3.872983346207417,0.057692307692307696,0.05263157894736842,0.23145502494313788
t66yc,t66yc,35,39,2.0,G,V,C major,(011010),0,1,1,0,1,0,3,3-7A,3,3,"[2, 4, 7]","[0, 7, 9]",77000.0,0.5,1.7320508075688772,0.0,0.02631578947368421,0.10350983390135313
t66yc,t66yc,36,40,0.0,C,I,C major,(121110),1,2,1,1,1,0,6,4-11B,4,6,"[0, 2, 4, 5]","[0, 2, 4, 5]",78000.0,2.0,1.7320508075688772,0.057692307692307696,0.10526315789473684,0.10350983390135313
t66yc,t66yc,37,41,0.0,G,V,C major,(100011),1,0,0,0,1,1,3,3-5A,3,4,"[4, 5, 10]","[3, 9, 10]",80000.0,1.8,2.6457513110645907,0.0,0.09473684210526316,0.15811388300841897
t66yc,t66yc,38,41,2.0,C,I,C major,(020100),0,2,0,1,0,0,3,3-6,3,4,"[0, 2, 10]","[0, 2, 10]",81000.0,1.0,2.8284271247461903,0.0,0.05263157894736842,0.16903085094570333
t66yc,t66yc,39,42,0.0,F,IV,C major,(132130),1,3,2,1,3,0,10,5-23B,5,8,"[0, 5, 7, 9, 10]","[0, 2, 4, 5, 7]",82000.0,2.5,3.872983346207417,0.1346153846153846,0.13157894736842105,0.23145502494313788
t66yc,t66yc,40,44,0.0,C,I,C major,(332110),3,3,2,1,1,0,10,5-2B,5,5,"[2, 4, 5, 6, 7]","[2, 4, 5, 6, 7]",86000.0,4.5,2.8284271247461903,0.1346153846153846,0.23684210526315788,0.16903085094570333
t66yc,t66yc,41,45,0.0,A,VI,C major,(225222),2,2,5,2,2,2,15,6-27B,6,9,"[0, 1, 4, 7, 9, 10]","[0, 1, 3, 4, 7, 10]",88000.0,4.6,4.123105625617661,0.23076923076923078,0.2421052631578947,0.24640269015229058
t66yc,t66yc,42,46,0.0,D,II,C major,(143250),1,4,3,2,5,0,15,6-32,6,8,"[0, 2, 4, 5, 7, 9]","[0, 2, 3, 5, 7, 10]",90000.0,3.0,4.69041575982343,0.23076923076923078,0.15789473684210525,0.2803059552906941
t66yc,t66yc,43,47,0.0,G,V,C major,(336333),3,3,6,3,3,3,21,7-31A,7,8,"[0, 2, 5, 6, 8, 9, 11]","[1, 2, 4, 5, 7, 10, 11]",92000.0,6.9,5.291502622129181,0.34615384615384615,0.3631578947368421,0.31622776601683794
t66yc,t66yc,44,49,0.0,D,II,C major,(111000),1,1,1,0,0,0,3,3-2A,3,4,"[0, 2, 11]","[0, 9, 10]",96000.0,1.5,7.745966692414834,0.0,0.07894736842105263,0.46291004988627577
t66yc,t66yc,45,49,2.0,G,V,C major,(122010),1,2,2,0,1,0,6,4-10,4,4,"[0, 2, 9, 11]","[2, 4, 5, 7]",97000.0,2.0,1.7320508075688772,0.057692307692307696,0.10526315789473684,0.10350983390135313
tCfYc,Ko Ko,0,1,0.0,B-,I,Bb major,(122230),1,2,2,2,3,0,10,5-27A,5,8,"[0, 2, 5, 9, 10]","[0, 2, 4, 7, 11]",0.0,2.0,0.0,0.1346153846153846,0.10526315789473684,0.0
tCfYc,Ko Ko,1,2,0.0,B-,I,Bb major,(333231),3,3,3,2,3,1,15,6-11B,6,8,"[0, 2, 3, 5, 6, 7]","[2, 4, 5, 7, 8, 9]",2000.0,5.3,2.6457513110645907,0.23076923076923078,0.2789473684210526,0.15811388300841897
tCfYc,Ko Ko,2,3,0.0,F,V,Bb major,(221100),2,2,1,1,0,0,6,4-2B,4,6,"[6, 8, 9, 10]","[1, 3, 4, 5]",4000.0,3.0,4.123105625617661,0.057692307692307696,0.15789473684210525,0.24640269015229058
tCfYc,Ko Ko,3,5,0.0,E-,IV,Bb major,(021030),0,2,1,0,3,0,6,4-23,4,6,"[0, 5, 7, 10]","[2, 4, 7, 9]",8000.0,1.0,3.7416573867739413,0.057692307692307696,0.05263157894736842,0.22360679774997896
tCfYc,Ko Ko,4,6,0.0,E-,IV,Bb major,(010020),0,1,0,0,2,0,3,3-9,3,4,"[0, 5, 10]","[2, 7, 9]",10000.0,0.5,1.7320508075688772,0.0,0.02631578947368421,0.10350983390135313
tCfYc,Ko Ko,5,7,0.0,A-,bVII,Bb major,(110121),1,1,0,1,2,1,6,4-16A,4,6,"[0, 5, 6, 10]","[2, 4, 9, 10]",12000.0,2.3,1.7320508075688772,0.057692307692307696,0.12105263157894736,0.10350983390135313
tCfYc,Ko Ko,6,8,0.0,A-,bVII,Bb major,(010020),0,1,0,0,2,0,3,3-9,3,4,"[0, 5, 10]","[2, 4, 9]",14000.0,0.5,1.7320508075688772,0.0,0.02631578947368421,0.10350983390135313
tCfYc,Ko Ko,7,9,0.0,B-,I,Bb major,(012120),0,1,2,1,2,0,6,4-26,4,4,"[2, 5, 7, 10]","[0, 4, 7, 9]",16000.0,0.5,2.23606797749979,0.057692307692307696,0.02631578947368421,0.1336306209562122
tCfYc,Ko Ko,8,10,0.0,B-,I,Bb major,(465562),4,6,5,5,6,2,28,8-22A,8,8,"[0, 2, 3, 5, 7, 9, 10, 11]","[0, 1, 2, 4, 5, 7, 9, 11]",18000.0,8.6,9.273618495495704,0.4807692307692308,0.4526315789473684,0.5542047068934521
tCfYc,Ko Ko,9,11,0.0,C,II,Bb major,(221100),2,2,1,1,0,0,6,4-2A,4,4,"[0, 1, 2, 4]","[0, 1, 2, 4]",20000.0,3.0,9.591663046625438,0.057692307692307696,0.15789473684210525,0.5732115042211108
tCfYc,Ko Ko,10,12,0.0,C,II,Bb major,(343230),3,4,3,2,3,0,15,6-8,6,8,"[2, 4, 5, 6, 7, 9]","[2, 4, 5, 6, 7, 9]",22000.0,5.0,4.358898943540674,0.23076923076923078,0.2631578947368421,0.26049403612586386
tCfYc,Ko Ko,11,13,0.0,C,II,Bb major,(221100),2,2,1,1,0,0,6,4-2A,4,5,"[6, 7, 8, 10]","[6, 7, 8, 10]",24000.0,3.0,4.358898943540674,0.057692307692307696,0.15789473684210525,0.26049403612586386
tCfYc,Ko Ko,12,14,0.0,G,VI,Bb major,(225222),2,2,5,2,2,2,15,6-27A,6,8,"[0, 2, 3, 5, 8, 11]","[1, 4, 5, 7, 8, 10]",26000.0,4.6,5.0,0.23076923076923078,0.2421052631578947,0.2988071523335984
tCfYc,Ko Ko,13,15,0.0,C,II,Bb major,(565552),5,6,5,5,5,2,28,8-11A,8,9,"[0, 1, 2, 3, 5, 7, 10, 11]","[0, 1, 2, 3, 5, 7, 10, 11]",28000.0,9.6,6.557438524302,0.4807692307692308,0.5052631578947369,0.3918819064098629
tCfYc,Ko Ko,14,16,0.0,F,V,Bb major,(313431),3,1,3,4,3,1,15,6-44B,6,8,"[0, 3, 6, 7, 10, 11]","[1, 2, 5, 6, 7, 10]",30000.0,4.3,6.244997998398398,0.23076923076923078,0.2263157894736842,0.37321001364608947
tCfYc,Ko Ko,15,17,0.0,B-,I,Bb major,(333231),3,3,3,2,3,1,15,6-40A,6,9,"[0, 2, 5, 9, 10, 11]","[0, 1, 2, 4, 7, 11]",32000.0,5.3,2.8284271247461903,0.23076923076923078,0.2789473684210526,0.16903085094570333
tCfYc,Ko Ko,16,18,0.0,B-,I,Bb major,(333231),3,3,3,2,3,1,15,6-11B,6,8,"[0, 2, 3, 5, 6, 7]","[2, 4, 5, 7, 8, 9]",34000.0,5.3,0.0,0.23076923076923078,0.2789473684210526,0.0
tCfYc,Ko Ko,17,19,0.0,F,V,Bb major,(221100),2,2,1,1,0,0,6,4-2B,4,7,"[6, 8, 9, 10]","[1, 3, 4, 5]",36000.0,3.0,4.123105625617661,0.057692307692307696,0.15789473684210525,0.24640269015229058
tCfYc,Ko Ko,18,21,0.0,E-,IV,Bb major,(143250),1,4,3,2,5,0,15,6-32,6,8,"[0, 2, 3, 5, 7, 10]","[0, 2, 4, 7, 9, 11]",40000.0,3.0,5.916079783099616,0.23076923076923078,0.15789473684210525,0.3535533905932738
tCfYc,Ko Ko,19,22,0.0,E-,IV,Bb major,(354351),3,5,4,3,5,1,21,7-23A,7,8,"[0, 3, 5, 6, 7, 8, 10]","[0, 2, 3, 4, 5, 7, 9]",42000.0,6.3,2.8284271247461903,0.34615384615384615,0.33157894736842103,0.16903085094570333
tCfYc,Ko Ko,20,25,0.0,B-,I,Bb major,(544431),5,4,4,4,3,1,21,7-3A,7,7,"[0, 1, 2, 5, 9, 10, 11]","[0, 1, 2, 3, 4, 7, 11]",48000.0,7.8,3.1622776601683795,0.34615384615384615,0.4105263157894737,0.18898223650461363
tCfYc,Ko Ko,21,26,0.0,B-,I,Bb major,(323430),3,2,3,4,3,0,15,6-14B,6,8,"[2, 5, 6, 7, 9, 10]","[0, 4, 7, 8, 9, 11]",50000.0,4.0,3.1622776601683795,0.23076923076923078,0.21052631578947367,0.18898223650461363
tCfYc,Ko Ko,22,27,0.0,C,II,Bb major,(121110),1,2,1,1,1,0,6,4-11B,4,5,"[5, 7, 9, 10]","[5, 7, 9, 10]",52000.0,2.0,4.58257569495584,0.057692307692307696,0.10526315789473684,0.27386127875258304
tCfYc,Ko Ko,23,28,0.0,C,II,Bb major,(122131),1,2,2,1,3,1,10,5-29B,5,5,"[2, 4, 7, 9, 10]","[2, 4, 7, 9, 10]",54000.0,2.8,2.449489742783178,0.1346153846153846,0.14736842105263157,0.14638501094227996
tCfYc,Ko Ko,24,29,0.0,C,II,Bb major,(654553),6,5,4,5,5,3,28,8-5A,8,8,"[0, 4, 5, 6, 7, 8, 10, 11]","[0, 4, 5, 6, 7, 8, 10, 11]",56000.0,10.9,7.874007874011811,0.4807692307692308,0.5736842105263158,0.4705619740571601
tCfYc,Ko Ko,25,30,0.0,F,V,Bb major,(233241),2,3,3,2,4,1,15,6-25B,6,8,"[0, 2, 3, 7, 9, 10]","[2, 4, 5, 7, 9, 10]",58000.0,4.3,5.916079783099616,0.23076923076923078,0.2263157894736842,0.3535533905932738
tCfYc,Ko Ko,26,31,0.0,B-,I,Bb major,(122230),1,2,2,2,3,0,10,5-27A,5,6,"[0, 2, 5, 9, 10]","[0, 2, 4, 7, 11]",60000.0,2.0,2.23606797749979,0.1346153846153846,0.10526315789473684,0.1336306209562122
tCfYc,Ko Ko,27,33,0.0,C#,bIII,Bb major,(021120),0,2,1,1,2,0,6,4-22A,4,7,"[4, 6, 8, 11]","[3, 5, 7, 10]",64000.0,1.0,2.0,0.057692307692307696,0.05263157894736842,0.11952286093343936
tCfYc,Ko Ko,28,34,0.0,F#,bVI,Bb major,(211110),2,1,1,1,1,0,6,4-4A,4,6,"[1, 2, 3, 6]","[0, 7, 8, 9]",66000.0,2.5,2.449489742783178,0.057692307692307696,0.13157894736842105,0.14638501094227996
tCfYc,Ko Ko,29,37,0.0,B,bII,Bb major,(021120),0,2,1,1,2,0,6,4-22A,4,7,"[2, 4, 6, 9]","[3, 5, 7, 10]",72000.0,1.0,2.449489742783178,0.057692307692307696,0.05263157894736842,0.14638501094227996
tCfYc,Ko Ko,30,38,0.0,E,#IV,Bb major,(211110),2,1,1,1,1,0,6,4-4A,4,6,"[0, 1, 4, 11]","[0, 7, 8, 9]",74000.0,2.5,2.449489742783178,0.057692307692307696,0.13157894736842105,0.14638501094227996
tCfYc,Ko Ko,31,39,0.0,A,VII,Bb major,(143241),1,4,3,2,4,1,15,6-33A,6,8,"[1, 2, 4, 6, 8, 11]","[2, 4, 5, 7, 9, 11]",76000.0,3.8,5.0,0.23076923076923078,0.19999999999999998,0.2988071523335984
tCfYc,Ko Ko,32,40,0.0,A,VII,Bb major,(122230),1,2,2,2,3,0,10,5-27A,5,7,"[1, 4, 8, 9, 11]","[0, 2, 4, 7, 11]",78000.0,2.0,2.6457513110645907,0.1346153846153846,0.10526315789473684,0.15811388300841897
tCfYc,Ko Ko,33,41,0.0,A,VII,Bb major,(012120),0,1,2,1,2,0,6,4-26,4,4,"[0, 4, 7, 9]","[0, 3, 7, 10]",80000.0,0.5,2.0,0.057692307692307696,0.02631578947368421,0.11952286093343936
tCfYc,Ko Ko,34,42,0.0,D,III,Bb major,(231211),2,3,1,2,1,1,10,5-9A,5,5,"[0, 1, 2, 4, 6]","[0, 2, 4, 10, 11]",82000.0,4.3,3.4641016151377544,0.1346153846153846,0.2263157894736842,0.20701966780270625
tCfYc,Ko Ko,35,43,0.0,G,VI,Bb major,(323430),3,2,3,4,3,0,15,6-14A,6,6,"[0, 2, 3, 4, 7, 11]","[0, 4, 5, 7, 8, 9]",84000.0,4.0,3.872983346207417,0.23076923076923078,0.21052631578947367,0.23145502494313788
tCfYc,Ko Ko,36,44,0.0,G,VI,Bb major,(444441),4,4,4,4,4,1,21,7-11A,7,9,"[0, 2, 6, 7, 9, 10, 11]","[0, 2, 3, 4, 5, 7, 11]",86000.0,6.8,2.8284271247461903,0.34615384615384615,0.35789473684210527,0.16903085094570333
tCfYc,Ko Ko,37,45,0.0,G,VI,Bb major,(543210),5,4,3,2,1,0,15,6-1,6,8,"[0, 1, 2, 3, 4, 5]","[5, 6, 7, 8, 9, 10]",88000.0,7.0,4.0,0.23076923076923078,0.3684210526315789,0.23904572186687872
tCfYc,Ko Ko,38,46,0.0,C,II,Bb major,(233241),2,3,3,2,4,1,15,6-25B,6,8,"[2, 4, 5, 7, 9, 10]","[2, 4, 5, 7, 9, 10]",90000.0,4.3,4.47213595499958,0.23076923076923078,0.2263157894736842,0.2672612419124244
tCfYc,Ko Ko,39,47,0.0,C,II,Bb major,(432100),4,3,2,1,0,0,10,5-1,5,9,"[0, 1, 2, 3, 11]","[0, 1, 2, 3, 11]",92000.0,5.5,4.795831523312719,0.1346153846153846,0.2894736842105263,0.2866057521105554
tCfYc,Ko Ko,40,48,0.0,F,V,Bb major,(424641),4,2,4,6,4,1,21,7-21B,7,8,"[2, 3, 6, 7, 9, 10, 11]","[1, 2, 4, 5, 6, 9, 10]",94000.0,5.8,6.855654600401044,0.34615384615384615,0.30526315789473685,0.4097037257057139
tCfYc,Ko Ko,41,49,0.0,B-,I,Bb major,(122230),1,2,2,2,3,0,10,5-27A,5,7,"[0, 2, 5, 9, 10]","[0, 2, 4, 7, 11]",96000.0,2.0,5.5677643628300215,0.1346153846153846,0.10526315789473684,0.33273756282434613
tCfYc,Ko Ko,42,51,0.0,F,V,Bb major,(221100),2,2,1,1,0,0,6,4-2A,4,5,"[6, 7, 8, 10]","[1, 2, 3, 5]",100000.0,3.0,3.4641016151377544,0.057692307692307696,0.15789473684210525,0.20701966780270625
tCfYc,Ko Ko,43,52,0.0,B-,I,Bb major,(344352),3,4,4,3,5,2,21,7-29A,7,8,"[0, 2, 3, 5, 8, 9, 10]","[0, 2, 4, 5, 7, 10, 11]",102000.0,6.6,6.855654600401044,0.34615384615384615,0.34736842105263155,0.4097037257057139
tCfYc,Ko Ko,44,53,0.0,E-,IV,Bb major,(143250),1,4,3,2,5,0,15,6-32,6,8,"[0, 2, 3, 5, 7, 10]","[0, 2, 4, 7, 9, 11]",104000.0,3.0,3.1622776601683795,0.23076923076923078,0.15789473684210525,0.18898223650461363
tCfYc,Ko Ko,45,55,0.0,A-,bVII,Bb major,(212320),2,1,2,3,2,0,10,5-37,5,7,"[1, 2, 3, 6, 10]","[2, 5, 6, 7, 10]",108000.0,2.5,4.58257569495584,0.1346153846153846,0.13157894736842105,0.27386127875258304
tCfYc,Ko Ko,46,56,0.0,A-,bVII,Bb major,(324222),3,2,4,2,2,2,15,6-13,6,8,"[0, 1, 6, 7, 9, 10]","[1, 2, 4, 5, 10, 11]",110000.0,5.6,3.3166247903554,0.23076923076923078,0.29473684210526313,0.19820624179302296
tCfYc,Ko Ko,47,57,0.0,B-,I,Bb major,(335442),3,3,5,4,4,2,21,7-32A,7,8,"[0, 2, 3, 6, 7, 9, 10]","[0, 2, 4, 5, 8, 9, 11]",112000.0,6.1,3.1622776601683795,0.34615384615384615,0.32105263157894737,0.18898223650461363
tCfYc,Ko Ko,48,58,0.0,B-,I,Bb major,(143250),1,4,3,2,5,0,15,6-32,6,8,"[0, 2, 5, 7, 9, 10]","[0, 2, 4, 7, 9, 11]",114000.0,3.0,4.242640687119285,0.23076923076923078,0.15789473684210525,0.25354627641855493
tCfYc,Ko Ko,49,59,0.0,C,II,Bb major,(443352),4,4,3,3,5,2,21,7-14B,7,8,"[0, 4, 5, 7, 9, 10, 11]","[0, 4, 5, 7, 9, 10, 11]",116000.0,7.6,3.7416573867739413,0.34615384615384615,0.39999999999999997,0.22360679774997896
tCfYc,Ko Ko,50,65,0.0,B-,I,Bb major,(032140),0,3,2,1,4,0,10,5-35,5,10,"[0, 2, 5, 7, 10]","[0, 2, 4, 7, 9]",128000.0,1.5,5.196152422706632,0.1346153846153846,0.07894736842105263,0.3105295017040594
tCfYc,Ko Ko,51,66,0.0,B-,I,Bb major,(132130),1,3,2,1,3,0,10,5-23A,5,8,"[0, 2, 7, 9, 10]","[0, 2, 4, 9, 11]",130000.0,2.5,1.4142135623730951,0.1346153846153846,0.13157894736842105,0.08451542547285167
tCfYc,Ko Ko,52,67,0.0,F,V,Bb major,(344352),3,4,4,3,5,2,21,7-29A,7,8,"[0, 2, 3, 5, 8, 9, 10]","[0, 3, 4, 5, 7, 9, 10]",132000.0,6.6,4.58257569495584,0.34615384615384615,0.34736842105263155,0.27386127875258304
tCfYc,Ko Ko,53,68,0.0,B-,I,Bb major,(020301),0,2,0,3,0,1,6,4-24,4,6,"[0, 2, 6, 10]","[0, 2, 4, 8]",134000.0,1.8,7.416198487095663,0.057692307692307696,0.09473684210526316,0.44320263021395917
tCfYc,Ko Ko,54,69,0.0,E-,IV,Bb major,(143250),1,4,3,2,5,0,15,6-32,6,8,"[0, 2, 3, 5, 7, 10]","[0, 2, 4, 7, 9, 11]",136000.0,3.0,6.4031242374328485,0.23076923076923078,0.15789473684210525,0.38265986388511064
tCfYc,Ko Ko,55,70,0.0,E-,IV,Bb major,(032140),0,3,2,1,4,0,10,5-35,5,6,"[0, 2, 5, 7, 10]","[2, 4, 7, 9, 11]",138000.0,1.5,2.23606797749979,0.1346153846153846,0.07894736842105263,0.1336306209562122
tCfYc,Ko Ko,56,71,0.0,A-,bVII,Bb major,(101220),1,0,1,2,2,0,6,4-20,4,4,"[1, 5, 6, 10]","[2, 5, 9, 10]",140000.0,1.0,4.0,0.057692307692307696,0.05263157894736842,0.23904572186687872
tCfYc,Ko Ko,57,72,0.0,A-,bVII,Bb major,(665542),6,6,5,5,4,2,28,8-2B,8,8,"[0, 1, 2, 3, 4, 5, 6, 10]","[2, 4, 5, 6, 7, 8, 9, 10]",142000.0,10.6,9.695359714832659,0.4807692307692308,0.5578947368421052,0.5794085654478071
tCfYc,Ko Ko,58,73,0.0,B-,I,Bb major,(254361),2,5,4,3,6,1,21,7-35,7,8,"[0, 2, 3, 5, 7, 9, 10]","[0, 2, 4, 5, 7, 9, 11]",144000.0,5.3,5.196152422706632,0.34615384615384615,0.2789473684210526,0.3105295017040594
tCfYc,Ko Ko,59,74,0.0,B-,I,Bb major,(143250),1,4,3,2,5,0,15,6-32,6,8,"[0, 2, 5, 7, 9, 10]","[0, 2, 4, 7, 9, 11]",146000.0,3.0,2.449489742783178,0.23076923076923078,0.15789473684210525,0.14638501094227996
tCfYc,Ko Ko,60,75,0.0,C,II,Bb major,(443352),4,4,3,3,5,2,21,7-14B,7,8,"[0, 4, 5, 7, 9, 10, 11]","[0, 4, 5, 7, 9, 10, 11]",148000.0,7.6,3.7416573867739413,0.34615384615384615,0.39999999999999997,0.22360679774997896
tCfYc,Ko Ko,61,77,0.0,C,II,Bb major,(001110),0,0,1,1,1,0,3,3-11A,3,4,"[0, 3, 7]","[0, 3, 7]",152000.0,0.0,7.745966692414834,0.0,0.0,0.46291004988627577
tCfYc,Ko Ko,62,78,0.0,G,VI,Bb major,(224232),2,2,4,2,3,2,15,6-29,6,8,"[0, 2, 5, 7, 8, 11]","[0, 1, 4, 5, 7, 10]",154000.0,4.6,5.0990195135927845,0.23076923076923078,0.2421052631578947,0.304724700110022
tCfYc,Ko Ko,63,79,0.0,C,II,Bb major,(122230),1,2,2,2,3,0,10,5-27A,5,6,"[2, 3, 5, 7, 10]","[2, 3, 5, 7, 10]",156000.0,2.0,3.0,0.1346153846153846,0.10526315789473684,0.17928429140015903
tCfYc,Ko Ko,64,81,0.0,B-,I,Bb major,(333231),3,3,3,2,3,1,15,6-40A,6,10,"[2, 3, 4, 5, 7, 10]","[0, 4, 5, 6, 7, 9]",160000.0,5.3,2.6457513110645907,0.23076923076923078,0.2789473684210526,0.15811388300841897
tCfYc,Ko Ko,65,82,0.0,B-,I,Bb major,(101100),1,0,1,1,0,0,3,3-3B,3,5,"[0, 1, 9]","[2, 3, 11]",162000.0,1.0,5.291502622129181,0.0,0.05263157894736842,0.31622776601683794
tCfYc,Ko Ko,66,83,0.0,F,V,Bb major,(445332),4,4,5,3,3,2,21,7-10A,7,9,"[0, 2, 5, 8, 9, 10, 11]","[0, 3, 4, 5, 6, 7, 9]",164000.0,7.6,7.615773105863909,0.34615384615384615,0.39999999999999997,0.45512949491639976
tCfYc,Ko Ko,67,84,0.0,B-,I,Bb major,(432321),4,3,2,3,2,1,15,6-4,6,8,"[1, 2, 3, 5, 6, 7]","[3, 4, 5, 7, 8, 9]",166000.0,6.3,3.4641016151377544,0.23076923076923078,0.33157894736842103,0.20701966780270625
tCfYc,Ko Ko,68,85,0.0,E-,IV,Bb major,(342231),3,4,2,2,3,1,15,6-9A,6,8,"[0, 2, 7, 8, 9, 10]","[4, 5, 6, 7, 9, 11]",168000.0,5.8,2.0,0.23076923076923078,0.30526315789473685,0.11952286093343936
tCfYc,Ko Ko,69,86,0.0,E-,IV,Bb major,(143250),1,4,3,2,5,0,15,6-32,6,8,"[0, 2, 3, 5, 7, 10]","[0, 2, 4, 7, 9, 11]",170000.0,3.0,3.1622776601683795,0.23076923076923078,0.15789473684210525,0.18898223650461363
tCfYc,Ko Ko,70,87,0.0,A-,bVII,Bb major,(122010),1,2,2,0,1,0,6,4-10,4,7,"[0, 2, 3, 5]","[4, 6, 7, 9]",172000.0,2.0,5.0,0.057692307692307696,0.10526315789473684,0.2988071523335984
tCfYc,Ko Ko,71,89,0.0,B-,I,Bb major,(321000),3,2,1,0,0,0,6,4-1,4,6,"[2, 3, 4, 5]","[4, 5, 6, 7]",176000.0,4.0,2.449489742783178,0.057692307692307696,0.21052631578947367,0.14638501094227996
tCfYc,Ko Ko,72,90,0.0,B-,I,Bb major,(143241),1,4,3,2,4,1,15,6-33A,6,9,"[0, 2, 4, 7, 9, 10]","[0, 2, 4, 6, 9, 11]",178000.0,3.8,5.744562646538029,0.23076923076923078,0.19999999999999998,0.34330328116279757
tCfYc,Ko Ko,73,91,0.0,C,II,Bb major,(032140),0,3,2,1,4,0,10,5-35,5,5,"[0, 2, 4, 7, 9]","[0, 2, 4, 7, 9]",180000.0,1.5,2.23606797749979,0.1346153846153846,0.07894736842105263,0.1336306209562122
tCfYc,Ko Ko,74,93,0.0,C,II,Bb major,(212100),2,1,2,1,0,0,6,4-3,4,4,"[0, 8, 9, 11]","[0, 8, 9, 11]",184000.0,2.5,4.898979485566356,0.057692307692307696,0.13157894736842105,0.2927700218845599
tCfYc,Ko Ko,75,94,0.0,F,V,Bb major,(654321),6,5,4,3,2,1,21,7-1,7,8,"[4, 5, 6, 7, 8, 9, 10]","[0, 1, 2, 3, 4, 5, 11]",186000.0,9.3,6.708203932499369,0.34615384615384615,0.48947368421052634,0.4008918628686366
tCfYc,Ko Ko,76,95,0.0,B-,I,Bb major,(556453),5,5,6,4,5,3,28,8-13A,8,8,"[0, 1, 3, 4, 6, 9, 10, 11]","[0, 1, 2, 3, 5, 6, 8, 11]",188000.0,9.9,4.358898943540674,0.4807692307692308,0.5210526315789474,0.26049403612586386
tCfYc,Ko Ko,77,97,0.0,C#,bIII,Bb major,(123121),1,2,3,1,2,1,10,5-25A,5,6,"[1, 4, 8, 10, 11]","[0, 3, 7, 9, 10]",192000.0,2.8,7.483314773547883,0.1346153846153846,0.14736842105263157,0.4472135954999579
tCfYc,Ko Ko,78,98,0.0,F#,bVI,Bb major,(254361),2,5,4,3,6,1,21,7-35,7,8,"[1, 3, 4, 6, 8, 10, 11]","[0, 2, 4, 5, 7, 9, 10]",194000.0,5.3,5.5677643628300215,0.34615384615384615,0.2789473684210526,0.33273756282434613
tCfYc,Ko Ko,79,99,0.0,B,bII,Bb major,(122230),1,2,2,2,3,0,10,5-27B,5,8,"[3, 6, 8, 10, 11]","[0, 4, 7, 9, 11]",196000.0,2.0,5.0,0.1346153846153846,0.10526315789473684,0.2988071523335984
tCfYc,Ko Ko,80,100,0.0,B,bII,Bb major,(001110),0,0,1,1,1,0,3,3-11A,3,3,"[3, 8, 11]","[0, 4, 9]",198000.0,0.0,3.3166247903554,0.0,0.0,0.19820624179302296
tCfYc,Ko Ko,81,101,0.0,B,bII,Bb major,(123121),1,2,3,1,2,1,10,5-25A,5,6,"[2, 6, 8, 9, 11]","[0, 3, 7, 9, 10]",200000.0,2.8,3.3166247903554,0.1346153846153846,0.14736842105263157,0.19820624179302296
tCfYc,Ko Ko,82,102,0.0,E,#IV,Bb major,(210000),2,1,0,0,0,0,3,3-1,3,5,"[2, 3, 4]","[0, 10, 11]",202000.0,2.5,4.123105625617661,0.0,0.13157894736842105,0.24640269015229058
tCfYc,Ko Ko,83,103,0.0,A,VII,Bb major,(554331),5,5,4,3,3,1,21,7-2B,7,8,"[0, 1, 6, 8, 9, 10, 11]","[0, 1, 2, 3, 4, 9, 11]",204000.0,8.3,7.745966692414834,0.34615384615384615,0.4368421052631579,0.46291004988627577
tCfYc,Ko Ko,84,104,0.0,A,VII,Bb major,(122010),1,2,2,0,1,0,6,4-10,4,4,"[1, 2, 4, 11]","[2, 4, 5, 7]",206000.0,2.0,6.557438524302,0.057692307692307696,0.10526315789473684,0.3918819064098629
tCfYc,Ko Ko,85,105,0.0,A,VII,Bb major,(012120),0,1,2,1,2,0,6,4-26,4,4,"[0, 4, 7, 9]","[0, 3, 7, 10]",208000.0,0.5,2.0,0.057692307692307696,0.02631578947368421,0.11952286093343936
tCfYc,Ko Ko,86,106,0.0,D,III,Bb major,(254361),2,5,4,3,6,1,21,7-35,7,8,"[0, 2, 4, 6, 7, 9, 11]","[0, 2, 4, 5, 7, 9, 10]",210000.0,5.3,6.708203932499369,0.34615384615384615,0.2789473684210526,0.4008918628686366
tCfYc,Ko Ko,87,107,0.0,G,VI,Bb major,(110121),1,1,0,1,2,1,6,4-16B,4,4,"[0, 2, 6, 7]","[0, 5, 7, 11]",212000.0,2.3,7.280109889280518,0.057692307692307696,0.12105263157894736,0.435069780938316
tCfYc,Ko Ko,88,108,0.0,G,VI,Bb major,(434541),4,3,4,5,4,1,21,7-37,7,9,"[0, 2, 3, 4, 6, 7, 11]","[0, 4, 5, 7, 8, 9, 11]",214000.0,6.3,7.0,0.34615384615384615,0.33157894736842103,0.4183300132670378
tCfYc,Ko Ko,89,110,0.0,C,II,Bb major,(544431),5,4,4,4,3,1,21,7-3A,7,8,"[2, 3, 4, 5, 6, 7, 10]","[2, 3, 4, 5, 6, 7, 10]",218000.0,7.8,2.0,0.34615384615384615,0.4105263157894737,0.11952286093343936
tCfYc,Ko Ko,90,111,0.0,C,II,Bb major,(344451),3,4,4,4,5,1,21,7-27B,7,8,"[0, 1, 2, 5, 7, 9, 10]","[0, 1, 2, 5, 7, 9, 10]",220000.0,5.8,2.8284271247461903,0.34615384615384615,0.30526315789473685,0.16903085094570333
tCfYc,Ko Ko,91,112,0.0,F,V,Bb major,(233241),2,3,3,2,4,1,15,6-25B,6,8,"[0, 2, 3, 7, 9, 10]","[2, 4, 5, 7, 9, 10]",222000.0,4.3,2.8284271247461903,0.23076923076923078,0.2263157894736842,0.16903085094570333
tCfYc,Ko Ko,92,113,0.0,B-,I,Bb major,(233241),2,3,3,2,4,1,15,6-47B,6,8,"[0, 3, 5, 6, 7, 10]","[0, 2, 5, 7, 8, 9]",224000.0,4.3,0.0,0.23076923076923078,0.2263157894736842,0.0
tCfYc,Ko Ko,93,114,0.0,B-,I,Bb major,(343230),3,4,3,2,3,0,15,6-8,6,8,"[0, 2, 7, 9, 10, 11]","[0, 1, 2, 4, 9, 11]",226000.0,5.0,2.0,0.23076923076923078,0.2631578947368421,0.11952286093343936
tCfYc,Ko Ko,94,115,0.0,F,V,Bb major,(040402),0,4,0,4,0,2,10,5-33,5,6,"[0, 2, 6, 8, 10]","[1, 3, 5, 7, 9]",228000.0,3.6,5.916079783099616,0.1346153846153846,0.18947368421052632,0.3535533905932738
tCfYc,Ko Ko,95,117,0.0,E-,IV,Bb major,(012120),0,1,2,1,2,0,6,4-26,4,4,"[2, 5, 7, 10]","[2, 4, 7, 11]",232000.0,0.5,5.477225575051661,0.057692307692307696,0.02631578947368421,0.32732683535398854
tCfYc,Ko Ko,96,118,0.0,E-,IV,Bb major,(032140),0,3,2,1,4,0,10,5-35,5,8,"[0, 2, 5, 7, 10]","[2, 4, 7, 9, 11]",234000.0,1.5,2.8284271247461903,0.1346153846153846,0.07894736842105263,0.16903085094570333
tCfYc,Ko Ko,97,119,0.0,A-,bVII,Bb major,(101220),1,0,1,2,2,0,6,4-20,4,5,"[1, 5, 6, 10]","[2, 5, 9, 10]",236000.0,1.0,4.0,0.057692307692307696,0.05263157894736842,0.23904572186687872
tCfYc,Ko Ko,98,120,0.0,A-,bVII,Bb major,(665542),6,6,5,5,4,2,28,8-2B,8,8,"[0, 1, 2, 3, 4, 5, 6, 10]","[2, 4, 5, 6, 7, 8, 9, 10]",238000.0,10.6,9.695359714832659,0.4807692307692308,0.5578947368421052,0.5794085654478071
tCfYc,Ko Ko,99,121,0.0,B-,I,Bb major,(254361),2,5,4,3,6,1,21,7-35,7,8,"[0, 2, 3, 5, 7, 9, 10]","[0, 2, 4, 5, 7, 9, 11]",240000.0,5.3,5.196152422706632,0.34615384615384615,0.2789473684210526,0.3105295017040594
tCfYc,Ko Ko,100,122,0.0,B-,I,Bb major,(143250),1,4,3,2,5,0,15,6-32,6,8,"[0, 2, 5, 7, 9, 10]","[0, 2, 4, 7, 9, 11]",242000.0,3.0,2.449489742783178,0.23076923076923078,0.15789473684210525,0.14638501094227996
tCfYc,Ko Ko,101,123,0.0,C,II,Bb major,(443352),4,4,3,3,5,2,21,7-14B,7,8,"[0, 4, 5, 7, 9, 10, 11]","[0, 4, 5, 7, 9, 10, 11]",244000.0,7.6,3.7416573867739413,0.34615384615384615,0.39999999999999997,0.22360679774997896
tCfYc,Ko Ko,102,125,0.0,C,II,Bb major,(012111),0,1,2,1,1,1,6,4-27A,4,4,"[1, 5, 7, 10]","[1, 5, 7, 10]",248000.0,1.3,6.855654600401044,0.057692307692307696,0.06842105263157895,0.4097037257057139
tCfYc,Ko Ko,103,126,0.0,F,V,Bb major,(212100),2,1,2,1,0,0,6,4-3,4,5,"[0, 1, 9, 10]","[4, 5, 7, 8]",250000.0,2.5,2.449489742783178,0.057692307692307696,0.13157894736842105,0.14638501094227996
tCfYc,Ko Ko,104,127,0.0,B-,I,Bb major,(544431),5,4,4,4,3,1,21,7-3B,7,8,"[2, 5, 6, 7, 8, 9, 10]","[0, 4, 7, 8, 9, 10, 11]",252000.0,7.8,6.4031242374328485,0.34615384615384615,0.4105263157894737,0.38265986388511064
tCfYc,Ko Ko,105,128,0.0,C,II,Bb major,(210021),2,1,0,0,2,1,6,4-6,4,4,"[3, 4, 5, 10]","[3, 4, 5, 10]",254000.0,3.3,7.14142842854285,0.057692307692307696,0.17368421052631577,0.42678197846541877
tCfYc,Ko Ko,106,128,2.0,F,V,Bb major,(110121),1,1,0,1,2,1,6,4-16B,4,4,"[0, 2, 6, 7]","[1, 2, 7, 9]",255000.0,2.3,1.4142135623730951,0.057692307692307696,0.12105263157894736,0.08451542547285167
tRfYc,Scrapple From the Apple,0,1,0.0,G,I,G minor,(323430),3,2,3,4,3,0,15,6-14B,6,7,"[2, 5, 6, 7, 9, 10]","[0, 2, 3, 7, 10, 11]",0.0,4.0,0.0,0.23076923076923078,0.21052631578947367,0.0
tRfYc,Scrapple From the Apple,1,2,0.0,C,IV,G minor,(122010),1,2,2,0,1,0,6,4-10,4,4,"[0, 7, 9, 10]","[0, 7, 9, 10]",2000.0,2.0,5.0,0.057692307692307696,0.10526315789473684,0.2988071523335984
tRfYc,Scrapple From the Apple,2,3,0.0,G,I,G minor,(223431),2,2,3,4,3,1,15,6-31B,6,9,"[1, 2, 5, 7, 9, 10]","[0, 2, 3, 6, 7, 10]",4000.0,3.8,4.795831523312719,0.23076923076923078,0.19999999999999998,0.2866057521105554
tRfYc,Scrapple From the Apple,3,5,0.0,F,bVII,G minor,(021120),0,2,1,1,2,0,6,4-22A,4,7,"[0, 5, 7, 9]","[0, 2, 4, 7]",8000.0,1.0,4.358898943540674,0.057692307692307696,0.05263157894736842,0.26049403612586386
tRfYc,Scrapple From the Apple,4,6,2.0,B,III,G minor,(221131),2,2,1,1,3,1,10,5-14A,5,5,"[2, 4, 9, 10, 11]","[0, 3, 5, 10, 11]",11000.0,3.8,2.449489742783178,0.1346153846153846,0.19999999999999998,0.14638501094227996
tRfYc,Scrapple From the Apple,5,7,0.0,F,bVII,G minor,(221100),2,2,1,1,0,0,6,4-2A,4,6,"[0, 8, 9, 10]","[3, 4, 5, 7]",12000.0,3.0,3.1622776601683795,0.057692307692307696,0.15789473684210525,0.18898223650461363
tRfYc,Scrapple From the Apple,6,8,0.0,F,bVII,G minor,(111000),1,1,1,0,0,0,3,3-2A,3,4,"[0, 9, 10]","[4, 5, 7]",14000.0,1.5,1.7320508075688772,0.0,0.07894736842105263,0.10350983390135313
tRfYc,Scrapple From the Apple,7,9,0.0,G,I,G minor,(323430),3,2,3,4,3,0,15,6-14B,6,7,"[2, 5, 6, 7, 9, 10]","[0, 2, 3, 7, 10, 11]",16000.0,4.0,5.830951894845301,0.23076923076923078,0.21052631578947367,0.3484660262185848
tRfYc,Scrapple From the Apple,8,10,0.0,C,IV,G minor,(122010),1,2,2,0,1,0,6,4-10,4,4,"[0, 7, 9, 10]","[0, 7, 9, 10]",18000.0,2.0,5.0,0.057692307692307696,0.10526315789473684,0.2988071523335984
tRfYc,Scrapple From the Apple,9,11,0.0,G,I,G minor,(223431),2,2,3,4,3,1,15,6-31B,6,9,"[1, 2, 5, 7, 9, 10]","[0, 2, 3, 6, 7, 10]",20000.0,3.8,4.795831523312719,0.23076923076923078,0.19999999999999998,0.2866057521105554
tRfYc,Scrapple From the Apple,10,13,0.0,F,bVII,G minor,(021120),0,2,1,1,2,0,6,4-22A,4,7,"[0, 5, 7, 9]","[0, 2, 4, 7]",24000.0,1.0,4.358898943540674,0.057692307692307696,0.05263157894736842,0.26049403612586386
tRfYc,Scrapple From the Apple,11,14,2.0,B,III,G minor,(221131),2,2,1,1,3,1,10,5-14A,5,5,"[2, 4, 9, 10, 11]","[0, 3, 5, 10, 11]",27000.0,3.8,2.449489742783178,0.1346153846153846,0.19999999999999998,0.14638501094227996
tRfYc,Scrapple From the Apple,12,15,0.0,F,bVII,G minor,(221100),2,2,1,1,0,0,6,4-2A,4,6,"[0, 8, 9, 10]","[3, 4, 5, 7]",28000.0,3.0,3.1622776601683795,0.057692307692307696,0.15789473684210525,0.18898223650461363
tRfYc,Scrapple From the Apple,13,16,0.0,F,bVII,G minor,(100110),1,0,0,1,1,0,3,3-4B,3,4,"[0, 4, 5]","[0, 7, 11]",30000.0,1.0,2.6457513110645907,0.0,0.05263157894736842,0.15811388300841897
tRfYc,Scrapple From the Apple,14,17,0.0,E,VI,G minor,(222121),2,2,2,1,2,1,10,5-12,5,6,"[1, 2, 4, 6, 7]","[0, 2, 3, 9, 10]",32000.0,3.8,3.3166247903554,0.1346153846153846,0.19999999999999998,0.19820624179302296
tRfYc,Scrapple From the Apple,15,18,0.0,A,II,G minor,(254361),2,5,4,3,6,1,21,7-35,7,8,"[1, 2, 4, 6, 7, 9, 11]","[0, 2, 4, 5, 7, 9, 10]",34000.0,5.3,5.744562646538029,0.34615384615384615,0.2789473684210526,0.34330328116279757
tRfYc,Scrapple From the Apple,16,19,0.0,D,V,G minor,(021120),0,2,1,1,2,0,6,4-22B,4,7,"[4, 7, 9, 11]","[2, 5, 7, 9]",36000.0,1.0,6.557438524302,0.057692307692307696,0.05263157894736842,0.3918819064098629
tRfYc,Scrapple From the Apple,17,20,0.0,D,V,G minor,(443352),4,4,3,3,5,2,21,7-14B,7,7,"[0, 1, 2, 6, 7, 9, 11]","[0, 4, 5, 7, 9, 10, 11]",38000.0,7.6,6.4031242374328485,0.34615384615384615,0.39999999999999997,0.38265986388511064
tRfYc,Scrapple From the Apple,18,21,0.0,G,I,G minor,(465562),4,6,5,5,6,2,28,8-22A,8,12,"[0, 1, 2, 4, 5, 7, 9, 11]","[0, 2, 4, 5, 6, 7, 9, 10]",40000.0,8.6,3.605551275463989,0.4807692307692308,0.4526315789473684,0.21547290184283363
tRfYc,Scrapple From the Apple,19,22,0.0,G,I,G minor,(233331),2,3,3,3,3,1,15,6-24B,6,8,"[2, 4, 6, 7, 9, 10]","[0, 2, 3, 7, 9, 11]",42000.0,4.3,5.5677643628300215,0.23076923076923078,0.2263157894736842,0.33273756282434613
tRfYc,Scrapple From the Apple,20,23,0.0,G,I,G minor,(254361),2,5,4,3,6,1,21,7-35,7,11,"[0, 2, 4, 5, 7, 9, 10]","[0, 2, 3, 5, 7, 9, 10]",44000.0,5.3,3.7416573867739413,0.34615384615384615,0.2789473684210526,0.22360679774997896
tRfYc,Scrapple From the Apple,21,24,0.0,C,IV,G minor,(132130),1,3,2,1,3,0,10,5-23A,5,6,"[0, 2, 7, 9, 10]","[0, 2, 7, 9, 10]",46000.0,2.5,4.795831523312719,0.1346153846153846,0.13157894736842105,0.2866057521105554
tRfYc,Scrapple From the Apple,22,25,0.0,G,I,G minor,(323430),3,2,3,4,3,0,15,6-14B,6,7,"[2, 5, 6, 7, 9, 10]","[0, 2, 3, 7, 10, 11]",48000.0,4.0,3.872983346207417,0.23076923076923078,0.21052631578947367,0.23145502494313788
tRfYc,Scrapple From the Apple,23,26,0.0,C,IV,G minor,(122010),1,2,2,0,1,0,6,4-10,4,4,"[0, 7, 9, 10]","[0, 7, 9, 10]",50000.0,2.0,5.0,0.057692307692307696,0.10526315789473684,0.2988071523335984
tRfYc,Scrapple From the Apple,24,27,0.0,G,I,G minor,(223431),2,2,3,4,3,1,15,6-31B,6,9,"[1, 2, 5, 7, 9, 10]","[0, 2, 3, 6, 7, 10]",52000.0,3.8,4.795831523312719,0.23076923076923078,0.19999999999999998,0.2866057521105554
tRfYc,Scrapple From the Apple,25,29,0.0,F,bVII,G minor,(021120),0,2,1,1,2,0,6,4-22A,4,7,"[0, 5, 7, 9]","[0, 2, 4, 7]",56000.0,1.0,4.358898943540674,0.057692307692307696,0.05263157894736842,0.26049403612586386
tRfYc,Scrapple From the Apple,26,30,2.0,B,III,G minor,(221131),2,2,1,1,3,1,10,5-14A,5,5,"[2, 4, 9, 10, 11]","[0, 3, 5, 10, 11]",59000.0,3.8,2.449489742783178,0.1346153846153846,0.19999999999999998,0.14638501094227996
tRfYc,Scrapple From the Apple,27,31,0.0,F,bVII,G minor,(221100),2,2,1,1,0,0,6,4-2A,4,6,"[0, 8, 9, 10]","[3, 4, 5, 7]",60000.0,3.0,3.1622776601683795,0.057692307692307696,0.15789473684210525,0.18898223650461363
tRfYc,Scrapple From the Apple,28,32,0.0,F,bVII,G minor,(100110),1,0,0,1,1,0,3,3-4B,3,4,"[0, 4, 5]","[0, 7, 11]",62000.0,1.0,2.6457513110645907,0.0,0.05263157894736842,0.15811388300841897
tRfYc,Scrapple From the Apple,29,33,0.0,G,I,G minor,(353442),3,5,3,4,4,2,21,7-24B,7,8,"[0, 2, 4, 5, 6, 7, 10]","[0, 3, 5, 7, 9, 10, 11]",64000.0,7.1,7.745966692414834,0.34615384615384615,0.3736842105263158,0.46291004988627577
tRfYc,Scrapple From the Apple,30,34,0.0,C,IV,G minor,(122230),1,2,2,2,3,0,10,5-27A,5,6,"[0, 2, 5, 9, 10]","[0, 2, 5, 9, 10]",66000.0,2.0,4.795831523312719,0.1346153846153846,0.10526315789473684,0.2866057521105554
tRfYc,Scrapple From the Apple,31,35,0.0,G,I,G minor,(132130),1,3,2,1,3,0,10,5-23A,5,7,"[2, 4, 5, 7, 9]","[0, 2, 7, 9, 10]",68000.0,2.5,1.4142135623730951,0.1346153846153846,0.13157894736842105,0.08451542547285167
tRfYc,Scrapple From the Apple,32,36,0.0,C,IV,G minor,(336333),3,3,6,3,3,3,21,7-31A,7,8,"[1, 2, 4, 5, 7, 8, 10]","[1, 2, 4, 5, 7, 8, 10]",70000.0,6.9,5.744562646538029,0.34615384615384615,0.3631578947368421,0.34330328116279757
tRfYc,Scrapple From the Apple,33,37,0.0,F,bVII,G minor,(544431),5,4,4,4,3,1,21,7-3A,7,9,"[0, 1, 2, 5, 9, 10, 11]","[0, 4, 5, 6, 7, 8, 9]",72000.0,7.8,3.7416573867739413,0.34615384615384615,0.4105263157894737,0.22360679774997896
tRfYc,Scrapple From the Apple,34,38,0.0,B-,bIII,G minor,(122010),1,2,2,0,1,0,6,4-10,4,4,"[5, 7, 8, 10]","[0, 7, 9, 10]",74000.0,2.0,6.708203932499369,0.057692307692307696,0.10526315789473684,0.4008918628686366
tRfYc,Scrapple From the Apple,35,38,2.0,B,III,G minor,(011010),0,1,1,0,1,0,3,3-7B,3,5,"[5, 8, 10]","[6, 9, 11]",75000.0,0.5,1.7320508075688772,0.0,0.02631578947368421,0.10350983390135313
tRfYc,Scrapple From the Apple,36,39,0.0,F,bVII,G minor,(111000),1,1,1,0,0,0,3,3-2B,3,4,"[5, 7, 8]","[0, 2, 3]",76000.0,1.5,1.4142135623730951,0.0,0.07894736842105263,0.08451542547285167
tRfYc,Scrapple From the Apple,37,40,0.0,A,II,G minor,(011010),0,1,1,0,1,0,3,3-7B,3,5,"[5, 8, 10]","[1, 8, 11]",78000.0,0.5,1.4142135623730951,0.0,0.02631578947368421,0.08451542547285167
tRfYc,Scrapple From the Apple,38,41,0.0,G,I,G minor,(101310),1,0,1,3,1,0,6,4-19A,4,4,"[2, 6, 7, 10]","[0, 3, 7, 11]",80000.0,1.0,3.3166247903554,0.057692307692307696,0.05263157894736842,0.19820624179302296
tRfYc,Scrapple From the Apple,39,42,0.0,C,IV,G minor,(254361),2,5,4,3,6,1,21,7-35,7,11,"[0, 2, 4, 5, 7, 9, 10]","[0, 2, 4, 5, 7, 9, 10]",82000.0,5.3,7.810249675906654,0.34615384615384615,0.2789473684210526,0.46675169293441543
tRfYc,Scrapple From the Apple,40,43,0.0,G,I,G minor,(335442),3,3,5,4,4,2,21,7-32B,7,10,"[0, 1, 4, 5, 7, 9, 10]","[0, 2, 3, 5, 6, 9, 10]",84000.0,6.1,3.4641016151377544,0.34615384615384615,0.32105263157894737,0.20701966780270625
tRfYc,Scrapple From the Apple,41,44,0.0,C,IV,G minor,(332110),3,3,2,1,1,0,10,5-2A,5,8,"[2, 3, 4, 5, 7]","[2, 3, 4, 5, 7]",86000.0,4.5,5.5677643628300215,0.1346153846153846,0.23684210526315788,0.33273756282434613
tRfYc,Scrapple From the Apple,42,46,0.0,B-,bIII,G minor,(111120),1,1,1,1,2,0,6,4-14A,4,4,"[2, 7, 9, 10]","[0, 4, 9, 11]",90000.0,1.5,3.1622776601683795,0.057692307692307696,0.07894736842105263,0.18898223650461363
tRfYc,Scrapple From the Apple,43,46,2.0,B,III,G minor,(002001),0,0,2,0,0,1,3,3-10,3,4,"[2, 8, 11]","[0, 3, 9]",91000.0,0.8,3.0,0.0,0.042105263157894736,0.17928429140015903
tRfYc,Scrapple From the Apple,44,47,0.0,F,bVII,G minor,(143250),1,4,3,2,5,0,15,6-32,6,9,"[0, 2, 5, 7, 9, 10]","[0, 2, 4, 5, 7, 9]",92000.0,3.0,6.928203230275509,0.23076923076923078,0.15789473684210525,0.4140393356054125
tRfYc,Scrapple From the Apple,45,49,0.0,E,VI,G minor,(143241),1,4,3,2,4,1,15,6-33B,6,6,"[1, 2, 4, 7, 9, 11]","[0, 3, 5, 7, 9, 10]",96000.0,3.8,1.4142135623730951,0.23076923076923078,0.19999999999999998,0.08451542547285167
tRfYc,Scrapple From the Apple,46,50,0.0,A,II,G minor,(453432),4,5,3,4,3,2,21,7-9B,7,8,"[1, 3, 4, 5, 6, 7, 11]","[2, 4, 6, 7, 8, 9, 10]",98000.0,8.1,4.0,0.34615384615384615,0.4263157894736842,0.23904572186687872
tRfYc,Scrapple From the Apple,47,51,0.0,D,V,G minor,(354351),3,5,4,3,5,1,21,7-23B,7,10,"[0, 1, 2, 4, 7, 9, 11]","[0, 2, 5, 7, 9, 10, 11]",100000.0,6.3,2.8284271247461903,0.34615384615384615,0.33157894736842103,0.16903085094570333
tRfYc,Scrapple From the Apple,48,53,0.0,G,I,G minor,(143250),1,4,3,2,5,0,15,6-32,6,6,"[0, 2, 4, 5, 7, 9]","[0, 2, 5, 7, 9, 10]",104000.0,3.0,2.8284271247461903,0.23076923076923078,0.15789473684210525,0.16903085094570333
tRfYc,Scrapple From the Apple,49,54,0.0,G,I,G minor,(223111),2,2,3,1,1,1,10,5-10A,5,10,"[1, 2, 4, 5, 7]","[0, 6, 7, 9, 10]",106000.0,3.8,4.795831523312719,0.1346153846153846,0.19999999999999998,0.2866057521105554
tRfYc,Scrapple From the Apple,50,55,0.0,G,I,G minor,(233241),2,3,3,2,4,1,15,6-25B,6,9,"[2, 4, 5, 7, 9, 10]","[0, 2, 3, 7, 9, 10]",108000.0,4.3,3.3166247903554,0.23076923076923078,0.2263157894736842,0.19820624179302296
tRfYc,Scrapple From the Apple,51,56,0.0,C,IV,G minor,(254361),2,5,4,3,6,1,21,7-35,7,10,"[0, 2, 4, 5, 7, 9, 10]","[0, 2, 4, 5, 7, 9, 10]",110000.0,5.3,3.1622776601683795,0.34615384615384615,0.2789473684210526,0.18898223650461363
tRfYc,Scrapple From the Apple,52,57,0.0,G,I,G minor,(132130),1,3,2,1,3,0,10,5-23B,5,5,"[0, 5, 7, 9, 10]","[0, 2, 3, 5, 10]",112000.0,2.5,4.795831523312719,0.1346153846153846,0.13157894736842105,0.2866057521105554
tRfYc,Scrapple From the Apple,53,59,0.0,G,I,G minor,(333231),3,3,3,2,3,1,15,6-40A,6,6,"[0, 1, 3, 6, 10, 11]","[3, 4, 5, 6, 8, 11]",116000.0,5.3,2.6457513110645907,0.23076923076923078,0.2789473684210526,0.15811388300841897
tRfYc,Scrapple From the Apple,54,60,0.0,C,IV,G minor,(665542),6,6,5,5,4,2,28,8-2A,8,10,"[2, 3, 4, 5, 6, 7, 8, 10]","[2, 3, 4, 5, 6, 7, 8, 10]",118000.0,10.6,5.744562646538029,0.4807692307692308,0.5578947368421052,0.34330328116279757
tRfYc,Scrapple From the Apple,55,61,0.0,F,bVII,G minor,(335442),3,3,5,4,4,2,21,7-32B,7,8,"[0, 1, 4, 5, 7, 9, 10]","[0, 2, 4, 5, 7, 8, 11]",120000.0,6.1,4.358898943540674,0.34615384615384615,0.32105263157894737,0.26049403612586386
tRfYc,Scrapple From the Apple,56,62,0.0,B-,bIII,G minor,(122230),1,2,2,2,3,0,10,5-27A,5,5,"[0, 2, 5, 9, 10]","[0, 2, 4, 7, 11]",122000.0,2.0,4.795831523312719,0.1346153846153846,0.10526315789473684,0.2866057521105554
tRfYc,Scrapple From the Apple,57,62,2.0,B,III,G minor,(111000),1,1,1,0,0,0,3,3-2A,3,3,"[1, 10, 11]","[0, 2, 11]",123000.0,1.5,3.872983346207417,0.0,0.07894736842105263,0.23145502494313788
tRfYc,Scrapple From the Apple,58,63,0.0,F,bVII,G minor,(555562),5,5,5,5,6,2,28,8-14B,8,8,"[0, 1, 2, 5, 7, 8, 9, 10]","[0, 2, 3, 4, 5, 7, 8, 9]",124000.0,9.1,10.63014581273465,0.4807692307692308,0.4789473684210526,0.6352727198388332
tRfYc,Scrapple From the Apple,59,64,0.0,F,bVII,G minor,(122010),1,2,2,0,1,0,6,4-10,4,4,"[0, 7, 9, 10]","[2, 4, 5, 7]",126000.0,2.0,9.38083151964686,0.057692307692307696,0.10526315789473684,0.5606119105813882
tRfYc,Scrapple From the Apple,60,64,2.0,D,V,G minor,(114112),1,1,4,1,1,2,10,5-31B,5,6,"[0, 2, 3, 6, 9]","[0, 1, 4, 7, 10]",127000.0,3.1,3.1622776601683795,0.1346153846153846,0.1631578947368421,0.18898223650461363
vRfYc,The Bird,0,1,0.0,C,I,C minor,(233331),2,3,3,3,3,1,15,6-24B,6,9,"[0, 2, 3, 7, 9, 11]","[0, 2, 3, 7, 9, 11]",0.0,4.3,0.0,0.23076923076923078,0.2263157894736842,0.0
vRfYc,The Bird,1,3,0.0,C,I,C minor,(021120),0,2,1,1,2,0,6,4-22B,4,4,"[0, 3, 5, 7]","[0, 3, 5, 7]",4000.0,1.0,3.872983346207417,0.057692307692307696,0.05263157894736842,0.23145502494313788
vRfYc,The Bird,2,5,0.0,C,I,C minor,(233331),2,3,3,3,3,1,15,6-24B,6,9,"[0, 2, 3, 7, 9, 11]","[0, 2, 3, 7, 9, 11]",8000.0,4.3,3.872983346207417,0.23076923076923078,0.2263157894736842,0.23145502494313788
vRfYc,The Bird,3,6,0.0,D,II,C minor,(111000),1,1,1,0,0,0,3,3-2A,3,3,"[7, 8, 10]","[5, 6, 8]",10000.0,1.5,5.291502622129181,0.0,0.07894736842105263,0.31622776601683794
vRfYc,The Bird,4,7,0.0,C,I,C minor,(122010),1,2,2,0,1,0,6,4-10,4,5,"[0, 2, 3, 5]","[0, 2, 3, 5]",12000.0,2.0,1.7320508075688772,0.057692307692307696,0.10526315789473684,0.10350983390135313
vRfYc,The Bird,5,8,0.0,C,I,C minor,(335442),3,3,5,4,4,2,21,7-32A,7,8,"[0, 1, 4, 5, 7, 8, 10]","[0, 1, 4, 5, 7, 8, 10]",14000.0,6.1,6.557438524302,0.34615384615384615,0.32105263157894737,0.3918819064098629
vRfYc,The Bird,6,9,0.0,F,IV,C minor,(122230),1,2,2,2,3,0,10,5-27B,5,8,"[0, 1, 5, 8, 10]","[0, 3, 5, 7, 8]",16000.0,2.0,4.795831523312719,0.1346153846153846,0.10526315789473684,0.2866057521105554
vRfYc,The Bird,7,10,0.0,C,I,C minor,(335442),3,3,5,4,4,2,21,7-32A,7,10,"[0, 1, 4, 5, 7, 8, 10]","[0, 1, 4, 5, 7, 8, 10]",18000.0,6.1,4.795831523312719,0.34615384615384615,0.32105263157894737,0.2866057521105554
vRfYc,The Bird,8,11,0.0,F,IV,C minor,(111120),1,1,1,1,2,0,6,4-14A,4,5,"[0, 5, 7, 8]","[0, 2, 3, 7]",20000.0,1.5,6.4031242374328485,0.057692307692307696,0.07894736842105263,0.38265986388511064
vRfYc,The Bird,9,12,0.0,F,IV,C minor,(001110),0,0,1,1,1,0,3,3-11A,3,4,"[0, 3, 7]","[2, 7, 10]",22000.0,0.0,1.7320508075688772,0.0,0.0,0.10350983390135313
vRfYc,The Bird,10,14,0.0,C,I,C minor,(221100),2,2,1,1,0,0,6,4-2B,4,5,"[3, 5, 6, 7]","[3, 5, 6, 7]",26000.0,3.0,3.0,0.057692307692307696,0.15789473684210525,0.17928429140015903
vRfYc,The Bird,11,15,0.0,G,V,C minor,(224232),2,2,4,2,3,2,15,6-29,6,8,"[0, 2, 5, 7, 8, 11]","[0, 1, 4, 5, 7, 10]",28000.0,4.6,4.795831523312719,0.23076923076923078,0.2421052631578947,0.2866057521105554
vRfYc,The Bird,12,17,0.0,C,I,C minor,(556453),5,5,6,4,5,3,28,8-13B,8,8,"[0, 1, 2, 5, 7, 8, 10, 11]","[0, 1, 2, 5, 7, 8, 10, 11]",32000.0,9.9,5.5677643628300215,0.4807692307692308,0.5210526315789474,0.33273756282434613
vRfYc,The Bird,13,18,0.0,C,I,C minor,(114112),1,1,4,1,1,2,10,5-31A,5,8,"[1, 4, 7, 8, 10]","[1, 4, 7, 8, 10]",34000.0,3.1,7.874007874011811,0.1346153846153846,0.1631578947368421,0.4705619740571601
vRfYc,The Bird,14,19,0.0,F,IV,C minor,(224322),2,2,4,3,2,2,15,6-28,6,8,"[0, 1, 4, 7, 8, 10]","[2, 3, 5, 7, 8, 11]",36000.0,4.6,2.6457513110645907,0.23076923076923078,0.2421052631578947,0.15811388300841897
vRfYc,The Bird,15,21,0.0,F,IV,C minor,(432321),4,3,2,3,2,1,15,6-37,6,9,"[0, 4, 5, 6, 7, 8]","[0, 1, 2, 3, 7, 11]",40000.0,6.3,3.1622776601683795,0.23076923076923078,0.33157894736842103,0.18898223650461363
vRfYc,The Bird,16,22,0.0,B-,bVII,C minor,(345342),3,4,5,3,4,2,21,7-25B,7,9,"[1, 2, 3, 5, 8, 10, 11]","[0, 1, 3, 4, 5, 7, 10]",42000.0,6.6,4.0,0.34615384615384615,0.34736842105263155,0.23904572186687872
vRfYc,The Bird,17,23,0.0,E-,bIII,C minor,(143250),1,4,3,2,5,0,15,6-32,6,8,"[0, 2, 3, 5, 7, 10]","[0, 2, 4, 7, 9, 11]",44000.0,3.0,3.7416573867739413,0.23076923076923078,0.15789473684210525,0.22360679774997896
vRfYc,The Bird,18,24,0.0,G,V,C minor,(322332),3,2,2,3,3,2,15,6-17A,6,7,"[2, 3, 7, 8, 9, 11]","[0, 1, 2, 4, 7, 8]",46000.0,5.6,4.242640687119285,0.23076923076923078,0.29473684210526313,0.25354627641855493
vRfYc,The Bird,19,25,0.0,C,I,C minor,(111000),1,1,1,0,0,0,3,3-2B,3,6,"[0, 2, 3]","[0, 2, 3]",48000.0,1.5,5.291502622129181,0.0,0.07894736842105263,0.31622776601683794
vRfYc,The Bird,20,27,0.0,C,I,C minor,(111120),1,1,1,1,2,0,6,4-14A,4,6,"[0, 2, 3, 7]","[0, 2, 3, 7]",52000.0,1.5,2.23606797749979,0.057692307692307696,0.07894736842105263,0.1336306209562122
vRfYc,The Bird,21,28,0.0,G,V,C minor,(225222),2,2,5,2,2,2,15,6-27B,6,9,"[2, 5, 7, 8, 10, 11]","[0, 1, 3, 4, 7, 10]",54000.0,4.6,4.795831523312719,0.23076923076923078,0.2421052631578947,0.2866057521105554
vRfYc,The Bird,22,29,0.0,C,I,C minor,(012111),0,1,2,1,1,1,6,4-27A,4,5,"[0, 3, 7, 9]","[0, 3, 7, 9]",56000.0,1.3,4.123105625617661,0.057692307692307696,0.06842105263157895,0.24640269015229058
vRfYc,The Bird,23,30,2.0,G,V,C minor,(114112),1,1,4,1,1,2,10,5-31B,5,6,"[2, 5, 8, 10, 11]","[1, 3, 4, 7, 10]",59000.0,3.1,2.449489742783178,0.1346153846153846,0.1631578947368421,0.14638501094227996
vRfYc,The Bird,24,33,0.0,C,I,C minor,(122230),1,2,2,2,3,0,10,5-27B,5,6,"[0, 3, 5, 7, 8]","[0, 3, 5, 7, 8]",64000.0,2.0,3.7416573867739413,0.1346153846153846,0.10526315789473684,0.22360679774997896
vRfYc,The Bird,25,34,2.0,G,V,C minor,(004002),0,0,4,0,0,2,6,4-28,4,4,"[2, 5, 8, 11]","[1, 4, 7, 10]",67000.0,1.6,5.0990195135927845,0.057692307692307696,0.08421052631578947,0.304724700110022
vRfYc,The Bird,26,35,0.0,C,I,C minor,(001110),0,0,1,1,1,0,3,3-11A,3,4,"[0, 3, 7]","[0, 3, 7]",68000.0,0.0,3.872983346207417,0.0,0.0,0.23145502494313788
vRfYc,The Bird,27,35,2.0,G,V,C minor,(012111),0,1,2,1,1,1,6,4-27A,4,4,"[2, 5, 9, 11]","[2, 4, 7, 10]",69000.0,1.3,1.7320508075688772,0.057692307692307696,0.06842105263157895,0.10350983390135313
vRfYc,The Bird,28,36,0.0,C,I,C minor,(001110),0,0,1,1,1,0,3,3-11A,3,4,"[0, 3, 7]","[0, 3, 7]",70000.0,0.0,1.7320508075688772,0.0,0.0,0.10350983390135313
vRfYc,The Bird,29,36,2.0,G,V,C minor,(112101),1,1,2,1,0,1,6,4-12A,4,5,"[2, 8, 10, 11]","[1, 3, 4, 7]",71000.0,2.3,2.23606797749979,0.057692307692307696,0.12105263157894736,0.1336306209562122
vRfYc,The Bird,30,38,2.0,G,V,C minor,(122010),1,2,2,0,1,0,6,4-10,4,4,"[0, 2, 3, 5]","[5, 7, 8, 10]",75000.0,2.0,2.0,0.057692307692307696,0.10526315789473684,0.11952286093343936
vRfYc,The Bird,31,39,0.0,G,V,C minor,(142422),1,4,2,4,2,2,15,6-34A,6,7,"[1, 3, 6, 7, 9, 11]","[0, 2, 4, 6, 8, 11]",76000.0,4.6,5.0,0.23076923076923078,0.2421052631578947,0.2988071523335984
vRfYc,The Bird,32,41,0.0,F,IV,C minor,(456553),4,5,6,5,5,3,28,8-27B,8,9,"[0, 2, 4, 5, 7, 8, 10, 11]","[0, 2, 3, 5, 6, 7, 9, 11]",80000.0,8.9,6.082762530298219,0.4807692307692308,0.46842105263157896,0.3635145899999849
vRfYc,The Bird,33,42,0.0,C,I,C minor,(546553),5,4,6,5,5,3,28,8-18B,8,9,"[0, 1, 4, 5, 7, 8, 10, 11]","[0, 1, 4, 5, 7, 8, 10, 11]",82000.0,9.4,1.4142135623730951,0.4807692307692308,0.4947368421052632,0.08451542547285167
vRfYc,The Bird,34,43,0.0,F,IV,C minor,(122230),1,2,2,2,3,0,10,5-27B,5,8,"[0, 1, 5, 8, 10]","[0, 3, 5, 7, 8]",84000.0,2.0,7.615773105863909,0.1346153846153846,0.10526315789473684,0.45512949491639976
vRfYc,The Bird,35,44,0.0,F,IV,C minor,(111000),1,1,1,0,0,0,3,3-2A,3,5,"[4, 5, 7]","[0, 2, 11]",86000.0,1.5,3.872983346207417,0.0,0.07894736842105263,0.23145502494313788
vRfYc,The Bird,36,45,0.0,C,I,C minor,(221100),2,2,1,1,0,0,6,4-2B,4,4,"[3, 5, 6, 7]","[3, 5, 6, 7]",88000.0,3.0,1.7320508075688772,0.057692307692307696,0.15789473684210525,0.10350983390135313
vRfYc,The Bird,37,46,0.0,G,V,C minor,(224232),2,2,4,2,3,2,15,6-29,6,8,"[0, 2, 5, 7, 8, 11]","[0, 1, 4, 5, 7, 10]",90000.0,4.6,4.795831523312719,0.23076923076923078,0.2421052631578947,0.2866057521105554
vRfYc,The Bird,38,47,0.0,C,I,C minor,(212320),2,1,2,3,2,0,10,5-17,5,8,"[0, 2, 3, 7, 11]","[0, 2, 3, 7, 11]",92000.0,2.5,3.3166247903554,0.1346153846153846,0.13157894736842105,0.19820624179302296
vRfYc,The Bird,39,49,0.0,C,I,C minor,(565552),5,6,5,5,5,2,28,8-11B,8,9,"[0, 2, 3, 4, 5, 6, 7, 10]","[0, 2, 3, 4, 5, 6, 7, 10]",96000.0,9.6,7.745966692414834,0.4807692307692308,0.5052631578947369,0.46291004988627577
vRfYc,The Bird,40,50,0.0,C,I,C minor,(456553),4,5,6,5,5,3,28,8-27A,8,14,"[0, 1, 2, 4, 5, 7, 8, 10]","[0, 1, 2, 4, 5, 7, 8, 10]",98000.0,8.9,2.0,0.4807692307692308,0.46842105263157896,0.11952286093343936
vRfYc,The Bird,41,51,0.0,F,IV,C minor,(212320),2,1,2,3,2,0,10,5-17,5,7,"[0, 4, 5, 7, 8]","[0, 2, 3, 7, 11]",100000.0,2.5,7.615773105863909,0.1346153846153846,0.13157894736842105,0.45512949491639976
vRfYc,The Bird,42,53,0.0,F,IV,C minor,(254442),2,5,4,4,4,2,21,7-34,7,7,"[0, 2, 4, 5, 7, 8, 10]","[0, 2, 3, 5, 7, 9, 11]",104000.0,6.1,5.385164807134504,0.34615384615384615,0.32105263157894737,0.3218251521733945
vRfYc,The Bird,43,54,0.0,B-,bVII,C minor,(546553),5,4,6,5,5,3,28,8-18B,8,9,"[0, 2, 3, 5, 6, 7, 8, 11]","[1, 2, 4, 5, 7, 8, 9, 10]",106000.0,9.4,4.123105625617661,0.4807692307692308,0.4947368421052632,0.24640269015229058
vRfYc,The Bird,44,55,0.0,E-,bIII,C minor,(321121),3,2,1,1,2,1,10,5-5B,5,8,"[2, 3, 4, 5, 10]","[0, 1, 2, 7, 11]",108000.0,4.8,7.874007874011811,0.1346153846153846,0.25263157894736843,0.4705619740571601
vRfYc,The Bird,45,56,0.0,G,V,C minor,(224232),2,2,4,2,3,2,15,6-29,6,8,"[0, 2, 5, 7, 8, 11]","[0, 1, 4, 5, 7, 10]",110000.0,4.6,3.605551275463989,0.23076923076923078,0.2421052631578947,0.21547290184283363
vRfYc,The Bird,46,59,0.0,C,I,C minor,(122010),1,2,2,0,1,0,6,4-10,4,10,"[3, 5, 6, 8]","[3, 5, 6, 8]",116000.0,2.0,4.123105625617661,0.057692307692307696,0.10526315789473684,0.24640269015229058
vRfYc,The Bird,47,60,0.0,D,II,C minor,(111000),1,1,1,0,0,0,3,3-2A,3,4,"[0, 2, 11]","[0, 9, 10]",118000.0,1.5,1.7320508075688772,0.0,0.07894736842105263,0.10350983390135313
vRfYc,The Bird,48,62,0.0,D,II,C minor,(021030),0,2,1,0,3,0,6,4-23,4,4,"[0, 2, 7, 9]","[0, 5, 7, 10]",122000.0,1.0,3.3166247903554,0.057692307692307696,0.05263157894736842,0.19820624179302296
vRfYc,The Bird,49,62,2.0,G,V,C minor,(122010),1,2,2,0,1,0,6,4-10,4,5,"[0, 2, 3, 5]","[5, 7, 8, 10]",123000.0,2.0,2.449489742783178,0.057692307692307696,0.10526315789473684,0.14638501094227996
vRfYc,The Bird,50,63,0.0,C,I,C minor,(224322),2,2,4,3,2,2,15,6-28,6,8,"[2, 3, 5, 7, 8, 11]","[2, 3, 5, 7, 8, 11]",124000.0,4.6,4.358898943540674,0.23076923076923078,0.2421052631578947,0.26049403612586386
vRfYc,The Bird,51,64,0.0,D,II,C minor,(111000),1,1,1,0,0,0,3,3-2B,3,4,"[0, 2, 3]","[0, 1, 10]",126000.0,1.5,5.291502622129181,0.0,0.07894736842105263,0.31622776601683794
vRfYc,The Bird,52,64,2.0,G,V,C minor,(122010),1,2,2,0,1,0,6,4-10,4,4,"[0, 2, 9, 11]","[2, 4, 5, 7]",127000.0,2.0,1.7320508075688772,0.057692307692307696,0.10526315789473684,0.10350983390135313
wkTyc,Cardboard,0,2,0.0,C,I,C major,(344451),3,4,4,4,5,1,21,7-27B,7,9,"[0, 2, 3, 4, 7, 9, 11]","[0, 2, 3, 4, 7, 9, 11]",2000.0,5.8,0.0,0.34615384615384615,0.30526315789473685,0.0
wkTyc,Cardboard,1,3,0.0,E-,bIII,C major,(122010),1,2,2,0,1,0,6,4-10,4,6,"[0, 2, 9, 11]","[6, 8, 9, 11]",4000.0,2.0,6.708203932499369,0.057692307692307696,0.10526315789473684,0.4008918628686366
wkTyc,Cardboard,2,4,0.0,D,II,C major,(232341),2,3,2,3,4,1,15,6-26,6,8,"[0, 4, 5, 7, 9, 11]","[2, 3, 5, 7, 9, 10]",6000.0,4.3,4.58257569495584,0.23076923076923078,0.2263157894736842,0.27386127875258304
wkTyc,Cardboard,3,5,0.0,D,II,C major,(011010),0,1,1,0,1,0,3,3-7B,3,4,"[1, 3, 10]","[1, 8, 11]",8000.0,0.5,5.291502622129181,0.0,0.02631578947368421,0.31622776601683794
wkTyc,Cardboard,4,6,2.0,D,II,C major,(132130),1,3,2,1,3,0,10,5-23B,5,5,"[0, 2, 4, 5, 7]","[0, 2, 3, 5, 10]",11000.0,2.5,3.3166247903554,0.1346153846153846,0.13157894736842105,0.19820624179302296
wkTyc,Cardboard,5,7,0.0,G,V,C major,(321000),3,2,1,0,0,0,6,4-1,4,5,"[7, 8, 9, 10]","[0, 1, 2, 3]",12000.0,4.0,4.0,0.057692307692307696,0.21052631578947367,0.23904572186687872
wkTyc,Cardboard,6,8,0.0,C,I,C major,(111000),1,1,1,0,0,0,3,3-2A,3,8,"[4, 5, 7]","[4, 5, 7]",14000.0,1.5,2.23606797749979,0.0,0.07894736842105263,0.1336306209562122
wkTyc,Cardboard,7,9,0.0,D,II,C major,(111000),1,1,1,0,0,0,3,3-2A,3,5,"[0, 2, 11]","[0, 9, 10]",16000.0,1.5,0.0,0.0,0.07894736842105263,0.0
wkTyc,Cardboard,8,9,2.0,G,V,C major,(201210),2,0,1,2,1,0,6,4-7,4,4,"[0, 3, 4, 11]","[4, 5, 8, 9]",17000.0,2.0,2.6457513110645907,0.057692307692307696,0.10526315789473684,0.15811388300841897
wkTyc,Cardboard,9,10,0.0,C,I,C major,(321121),3,2,1,1,2,1,10,5-5B,5,10,"[0, 1, 2, 7, 11]","[0, 1, 2, 7, 11]",18000.0,4.8,2.8284271247461903,0.1346153846153846,0.25263157894736843,0.16903085094570333
wkTyc,Cardboard,10,11,0.0,E-,bIII,C major,(114112),1,1,4,1,1,2,10,5-31B,5,6,"[0, 3, 6, 9, 11]","[0, 3, 6, 8, 9]",20000.0,3.1,4.0,0.1346153846153846,0.1631578947368421,0.23904572186687872
wkTyc,Cardboard,11,12,0.0,D,II,C major,(021120),0,2,1,1,2,0,6,4-22B,4,8,"[0, 2, 4, 9]","[0, 2, 7, 10]",22000.0,1.0,4.0,0.057692307692307696,0.05263157894736842,0.23904572186687872
wkTyc,Cardboard,12,13,0.0,G,V,C major,(122230),1,2,2,2,3,0,10,5-27A,5,8,"[0, 4, 5, 7, 9]","[0, 2, 5, 9, 10]",24000.0,2.0,2.0,0.1346153846153846,0.10526315789473684,0.11952286093343936
wkTyc,Cardboard,13,14,0.0,D,II,C major,(011010),0,1,1,0,1,0,3,3-7A,3,4,"[2, 4, 7]","[0, 2, 5]",26000.0,0.5,3.3166247903554,0.0,0.02631578947368421,0.19820624179302296
wkTyc,Cardboard,14,15,0.0,G,V,C major,(112101),1,1,2,1,0,1,6,4-12A,4,5,"[2, 4, 5, 8]","[1, 7, 9, 10]",28000.0,2.3,2.23606797749979,0.057692307692307696,0.12105263157894736,0.1336306209562122
wkTyc,Cardboard,15,16,0.0,C,I,C major,(111000),1,1,1,0,0,0,3,3-2A,3,4,"[4, 5, 7]","[4, 5, 7]",30000.0,1.5,1.7320508075688772,0.0,0.07894736842105263,0.10350983390135313
wkTyc,Cardboard,16,16,2.0,E-,bIII,C major,(111000),1,1,1,0,0,0,3,3-2B,3,4,"[3, 5, 6]","[0, 2, 3]",31000.0,1.5,0.0,0.0,0.07894736842105263,0.0
wkTyc,Cardboard,17,18,0.0,C,I,C major,(344451),3,4,4,4,5,1,21,7-27B,7,9,"[0, 2, 3, 4, 7, 9, 11]","[0, 2, 3, 4, 7, 9, 11]",34000.0,5.8,8.0,0.34615384615384615,0.30526315789473685,0.47809144373375745
wkTyc,Cardboard,18,19,0.0,E-,bIII,C major,(122010),1,2,2,0,1,0,6,4-10,4,5,"[0, 2, 9, 11]","[6, 8, 9, 11]",36000.0,2.0,6.708203932499369,0.057692307692307696,0.10526315789473684,0.4008918628686366
wkTyc,Cardboard,19,20,0.0,D,II,C major,(232341),2,3,2,3,4,1,15,6-26,6,8,"[0, 4, 5, 7, 9, 11]","[2, 3, 5, 7, 9, 10]",38000.0,4.3,4.58257569495584,0.23076923076923078,0.2263157894736842,0.27386127875258304
wkTyc,Cardboard,20,21,0.0,G,V,C major,(011010),0,1,1,0,1,0,3,3-7B,3,4,"[1, 3, 10]","[3, 6, 8]",40000.0,0.5,5.291502622129181,0.0,0.02631578947368421,0.31622776601683794
wkTyc,Cardboard,21,22,2.0,D,II,C major,(132130),1,3,2,1,3,0,10,5-23B,5,5,"[0, 2, 4, 5, 7]","[0, 2, 3, 5, 10]",43000.0,2.5,3.3166247903554,0.1346153846153846,0.13157894736842105,0.19820624179302296
wkTyc,Cardboard,22,23,0.0,G,V,C major,(321000),3,2,1,0,0,0,6,4-1,4,5,"[7, 8, 9, 10]","[0, 1, 2, 3]",44000.0,4.0,4.0,0.057692307692307696,0.21052631578947367,0.23904572186687872
wkTyc,Cardboard,23,24,0.0,C,I,C major,(011010),0,1,1,0,1,0,3,3-7A,3,6,"[0, 7, 9]","[0, 7, 9]",46000.0,0.5,3.3166247903554,0.0,0.02631578947368421,0.19820624179302296
wkTyc,Cardboard,24,25,0.0,G,V,C major,(101220),1,0,1,2,2,0,6,4-20,4,4,"[2, 5, 9, 10]","[2, 3, 7, 10]",48000.0,1.0,2.6457513110645907,0.057692307692307696,0.05263157894736842,0.15811388300841897
wkTyc,Cardboard,25,26,0.0,F,IV,C major,(021120),0,2,1,1,2,0,6,4-22A,4,8,"[0, 5, 7, 9]","[0, 2, 4, 7]",50000.0,1.0,2.449489742783178,0.057692307692307696,0.05263157894736842,0.14638501094227996
wkTyc,Cardboard,26,28,0.0,C,I,C major,(143250),1,4,3,2,5,0,15,6-32,6,8,"[0, 2, 4, 7, 9, 11]","[0, 2, 4, 7, 9, 11]",54000.0,3.0,4.358898943540674,0.23076923076923078,0.15789473684210525,0.26049403612586386
wkTyc,Cardboard,27,29,0.0,E-,bIII,C major,(110121),1,1,0,1,2,1,6,4-16A,4,6,"[4, 5, 9, 11]","[1, 2, 6, 8]",56000.0,2.3,5.385164807134504,0.057692307692307696,0.12105263157894736,0.3218251521733945
wkTyc,Cardboard,28,30,0.0,D,II,C major,(021120),0,2,1,1,2,0,6,4-22A,4,5,"[0, 5, 7, 9]","[3, 5, 7, 10]",58000.0,1.0,2.0,0.057692307692307696,0.05263157894736842,0.11952286093343936
wkTyc,Cardboard,29,31,0.0,G,V,C major,(212122),2,1,2,1,2,2,10,5-19A,5,8,"[4, 5, 7, 10, 11]","[0, 3, 4, 9, 10]",60000.0,4.1,3.1622776601683795,0.1346153846153846,0.2157894736842105,0.18898223650461363
wkTyc,Cardboard,30,32,0.0,C,I,C major,(233241),2,3,3,2,4,1,15,6-47B,6,7,"[2, 4, 7, 9, 10, 11]","[2, 4, 7, 9, 10, 11]",62000.0,4.3,3.3166247903554,0.23076923076923078,0.2263157894736842,0.19820624179302296
wkTyc,Cardboard,31,33,0.0,D,II,C major,(221100),2,2,1,1,0,0,6,4-2A,4,4,"[3, 4, 5, 7]","[1, 2, 3, 5]",64000.0,3.0,4.795831523312719,0.057692307692307696,0.15789473684210525,0.2866057521105554
wkTyc,Cardboard,32,33,2.0,G,V,C major,(112011),1,1,2,0,1,1,6,4-13A,4,5,"[0, 2, 5, 11]","[4, 5, 7, 10]",65000.0,2.3,2.449489742783178,0.057692307692307696,0.12105263157894736,0.14638501094227996
wkTyc,Cardboard,33,34,0.0,C,I,C major,(434442),4,3,4,4,4,2,21,7-38B,7,10,"[0, 4, 5, 7, 8, 10, 11]","[0, 4, 5, 7, 8, 10, 11]",66000.0,7.1,6.557438524302,0.34615384615384615,0.3736842105263158,0.3918819064098629
wkTyc,Cardboard,34,35,0.0,C,I,C major,(554563),5,5,4,5,6,3,28,8-16B,8,8,"[0, 2, 4, 5, 6, 7, 10, 11]","[0, 2, 4, 5, 6, 7, 10, 11]",68000.0,9.9,3.3166247903554,0.4807692307692308,0.5210526315789474,0.19820624179302296
wkTyc,Cardboard,35,36,0.0,A-,bVI,C major,(232201),2,3,2,2,0,1,10,5-8,5,7,"[0, 6, 8, 9, 10]","[0, 1, 2, 4, 10]",70000.0,4.3,8.12403840463596,0.1346153846153846,0.2263157894736842,0.4855041562276123
wkTyc,Cardboard,36,37,0.0,A-,bVI,C major,(546652),5,4,6,6,5,2,28,8-17,8,9,"[0, 2, 3, 4, 5, 7, 8, 11]","[0, 3, 4, 6, 7, 8, 9, 11]",72000.0,8.6,8.246211251235321,0.4807692307692308,0.4526315789473684,0.49280538030458115
wkTyc,Cardboard,37,38,0.0,A-,bVI,C major,(474643),4,7,4,6,4,3,28,8-21,8,9,"[0, 2, 3, 4, 5, 6, 8, 10]","[0, 2, 4, 6, 7, 8, 9, 10]",74000.0,9.9,4.0,0.4807692307692308,0.5210526315789474,0.23904572186687872
wkTyc,Cardboard,38,39,0.0,A-,bVI,C major,(132130),1,3,2,1,3,0,10,5-23B,5,6,"[3, 5, 7, 8, 10]","[0, 2, 7, 9, 11]",76000.0,2.5,8.0,0.1346153846153846,0.13157894736842105,0.47809144373375745
wkTyc,Cardboard,39,39,2.0,G,V,C major,(021120),0,2,1,1,2,0,6,4-22A,4,4,"[0, 2, 4, 7]","[0, 5, 7, 9]",77000.0,1.0,2.0,0.057692307692307696,0.05263157894736842,0.11952286093343936
wkTyc,Cardboard,40,40,0.0,C,I,C major,(211110),2,1,1,1,1,0,6,4-4B,4,5,"[4, 7, 8, 9]","[4, 7, 8, 9]",78000.0,2.5,2.449489742783178,0.057692307692307696,0.13157894736842105,0.14638501094227996
wkTyc,Cardboard,41,42,0.0,C,I,C major,(333231),3,3,3,2,3,1,15,6-40A,6,9,"[0, 1, 2, 4, 7, 11]","[0, 1, 2, 4, 7, 11]",82000.0,5.3,3.872983346207417,0.23076923076923078,0.2789473684210526,0.23145502494313788
wkTyc,Cardboard,42,43,0.0,C,I,C major,(424542),4,2,4,5,4,2,21,7-22,7,10,"[0, 3, 4, 6, 7, 10, 11]","[0, 3, 4, 6, 7, 10, 11]",84000.0,6.6,3.7416573867739413,0.34615384615384615,0.34736842105263155,0.22360679774997896
wkTyc,Cardboard,43,44,0.0,D,II,C major,(111120),1,1,1,1,2,0,6,4-14A,4,7,"[2, 4, 5, 9]","[0, 2, 3, 7]",86000.0,1.5,6.557438524302,0.057692307692307696,0.07894736842105263,0.3918819064098629
wkTyc,Cardboard,44,45,0.0,D,II,C major,(111120),1,1,1,1,2,0,6,4-14A,4,4,"[2, 4, 5, 9]","[0, 2, 3, 7]",88000.0,1.5,0.0,0.057692307692307696,0.07894736842105263,0.0
wkTyc,Cardboard,45,46,0.0,D,II,C major,(555553),5,5,5,5,5,3,28,8-29B,8,8,"[0, 1, 2, 4, 5, 6, 7, 10]","[0, 2, 3, 4, 5, 8, 10, 11]",90000.0,9.9,9.055385138137417,0.4807692307692308,0.5210526315789474,0.5411627692821661
wkTyc,Cardboard,46,47,0.0,G,V,C major,(465562),4,6,5,5,6,2,28,8-22B,8,12,"[0, 2, 3, 5, 6, 7, 8, 10]","[0, 1, 3, 5, 7, 8, 10, 11]",92000.0,8.6,2.0,0.4807692307692308,0.4526315789473684,0.11952286093343936
wkTyc,Cardboard,47,48,0.0,C,I,C major,(011010),0,1,1,0,1,0,3,3-7A,3,3,"[2, 4, 7]","[2, 4, 7]",94000.0,0.5,10.535653752852738,0.0,0.02631578947368421,0.6296257391725432
wkTyc,Cardboard,48,49,0.0,G,V,C major,(345342),3,4,5,3,4,2,21,7-25B,7,10,"[0, 2, 5, 7, 8, 10, 11]","[0, 1, 3, 4, 5, 7, 10]",96000.0,6.6,7.483314773547883,0.34615384615384615,0.34736842105263155,0.4472135954999579
wkTyc,Cardboard,49,50,0.0,C,I,C major,(143250),1,4,3,2,5,0,15,6-32,6,8,"[0, 2, 4, 7, 9, 11]","[0, 2, 4, 7, 9, 11]",98000.0,3.0,3.7416573867739413,0.23076923076923078,0.15789473684210525,0.22360679774997896
wkTyc,Cardboard,50,51,0.0,E-,bIII,C major,(020100),0,2,0,1,0,0,3,3-6,3,4,"[0, 2, 4]","[1, 9, 11]",100000.0,1.0,6.324555320336759,0.0,0.05263157894736842,0.37796447300922725
wkTyc,Cardboard,51,52,0.0,A-,bVI,C major,(223111),2,2,3,1,1,1,10,5-10A,5,7,"[0, 1, 3, 9, 10]","[1, 2, 4, 5, 7]",102000.0,3.8,3.872983346207417,0.1346153846153846,0.19999999999999998,0.23145502494313788
wkTyc,Cardboard,52,53,0.0,A-,bVI,C major,(333231),3,3,3,2,3,1,15,6-40B,6,8,"[0, 3, 5, 6, 7, 8]","[0, 4, 7, 9, 10, 11]",104000.0,5.3,2.6457513110645907,0.23076923076923078,0.2789473684210526,0.15811388300841897
wkTyc,Cardboard,53,54,0.0,A-,bVI,C major,(143241),1,4,3,2,4,1,15,6-33B,6,10,"[0, 1, 3, 6, 8, 10]","[0, 2, 4, 5, 7, 10]",106000.0,3.8,2.449489742783178,0.23076923076923078,0.19999999999999998,0.14638501094227996
wkTyc,Cardboard,54,55,0.0,G,V,C major,(565552),5,6,5,5,5,2,28,8-11B,8,11,"[0, 2, 4, 5, 6, 7, 8, 9]","[0, 1, 2, 5, 7, 9, 10, 11]",108000.0,9.6,5.916079783099616,0.4807692307692308,0.5052631578947369,0.3535533905932738
wkTyc,Cardboard,55,56,0.0,G,V,C major,(777663),7,7,7,6,6,3,36,9-2B,9,14,"[0, 1, 2, 3, 4, 5, 6, 7, 10]","[0, 3, 5, 6, 7, 8, 9, 10, 11]",110000.0,12.9,3.4641016151377544,0.6346153846153846,0.6789473684210526,0.20701966780270625
wkTyc,Cardboard,56,57,0.0,C,I,C major,(254361),2,5,4,3,6,1,21,7-35,7,10,"[0, 2, 4, 5, 7, 9, 10]","[0, 2, 4, 5, 7, 9, 10]",112000.0,5.3,7.14142842854285,0.34615384615384615,0.2789473684210526,0.42678197846541877
wkTyc,Cardboard,57,58,0.0,F,IV,C major,(343230),3,4,3,2,3,0,15,6-8,6,9,"[0, 5, 7, 8, 9, 10]","[0, 2, 3, 4, 5, 7]",114000.0,5.0,3.7416573867739413,0.23076923076923078,0.2631578947368421,0.22360679774997896
wkTyc,Cardboard,58,59,0.0,B-,bVII,C major,(213211),2,1,3,2,1,1,10,5-16A,5,6,"[4, 5, 7, 8, 11]","[1, 6, 7, 9, 10]",116000.0,3.3,3.872983346207417,0.1346153846153846,0.17368421052631577,0.23145502494313788
wkTyc,Cardboard,59,60,0.0,C,I,C major,(765442),7,6,5,4,4,2,28,8-1,8,9,"[4, 5, 6, 7, 8, 9, 10, 11]","[4, 5, 6, 7, 8, 9, 10, 11]",118000.0,11.6,8.246211251235321,0.4807692307692308,0.6105263157894737,0.49280538030458115
wkTyc,Cardboard,60,61,0.0,E-,bIII,C major,(556543),5,5,6,5,4,3,28,8-12A,8,11,"[1, 2, 4, 5, 6, 7, 8, 10]","[1, 2, 3, 4, 5, 7, 10, 11]",120000.0,9.9,2.8284271247461903,0.4807692307692308,0.5210526315789474,0.16903085094570333
wkTyc,Cardboard,61,62,0.0,D,II,C major,(333231),3,3,3,2,3,1,15,6-11B,6,8,"[0, 1, 3, 4, 5, 10]","[1, 2, 3, 8, 10, 11]",122000.0,5.3,5.5677643628300215,0.23076923076923078,0.2789473684210526,0.33273756282434613
wkTyc,Cardboard,62,63,0.0,G,V,C major,(143241),1,4,3,2,4,1,15,6-33A,6,8,"[2, 4, 5, 7, 9, 11]","[0, 2, 4, 7, 9, 10]",124000.0,3.8,2.449489742783178,0.23076923076923078,0.19999999999999998,0.14638501094227996
wkTyc,Cardboard,63,64,0.0,C,I,C major,(333231),3,3,3,2,3,1,15,6-40A,6,9,"[0, 1, 2, 4, 7, 11]","[0, 1, 2, 4, 7, 11]",126000.0,5.3,2.449489742783178,0.23076923076923078,0.2789473684210526,0.14638501094227996
wkTyc,Cardboard,64,65,0.0,D,II,C major,(012120),0,1,2,1,2,0,6,4-26,4,4,"[0, 2, 5, 9]","[0, 3, 7, 10]",128000.0,0.5,4.123105625617661,0.057692307692307696,0.02631578947368421,0.24640269015229058
wv3wc,Chi Chi,0,1,2.0,E-,V,Ab major,(010020),0,1,0,0,2,0,3,3-9,3,3,"[1, 3, 8]","[0, 5, 10]",1000.0,0.5,0.0,0.0,0.02631578947368421,0.0
wv3wc,Chi Chi,1,2,0.0,A-,I,Ab major,(012120),0,1,2,1,2,0,6,4-26,4,6,"[0, 3, 5, 8]","[0, 4, 7, 9]",2000.0,0.5,2.23606797749979,0.057692307692307696,0.02631578947368421,0.1336306209562122
wv3wc,Chi Chi,2,3,0.0,B-,II,Ab major,(112101),1,1,2,1,0,1,6,4-12A,4,4,"[0, 1, 4, 10]","[0, 2, 3, 6]",4000.0,2.3,2.449489742783178,0.057692307692307696,0.12105263157894736,0.14638501094227996
wv3wc,Chi Chi,3,3,2.0,E-,V,Ab major,(010101),0,1,0,1,0,1,3,3-8A,3,3,"[0, 4, 10]","[1, 7, 9]",5000.0,1.3,2.23606797749979,0.0,0.06842105263157895,0.1336306209562122
wv3wc,Chi Chi,4,4,0.0,A-,I,Ab major,(554331),5,5,4,3,3,1,21,7-2B,7,9,"[3, 5, 6, 7, 8, 9, 10]","[0, 1, 2, 7, 9, 10, 11]",6000.0,8.3,8.366600265340756,0.34615384615384615,0.4368421052631579,0.5
wv3wc,Chi Chi,5,7,0.0,D-,IV,Ab major,(112101),1,1,2,1,0,1,6,4-12B,4,6,"[4, 7, 8, 10]","[3, 6, 7, 9]",12000.0,2.3,7.0,0.057692307692307696,0.12105263157894736,0.4183300132670378
wv3wc,Chi Chi,6,8,0.0,C,III,Ab major,(012120),0,1,2,1,2,0,6,4-26,4,7,"[0, 3, 7, 10]","[0, 3, 7, 10]",14000.0,0.5,2.449489742783178,0.057692307692307696,0.02631578947368421,0.14638501094227996
wv3wc,Chi Chi,7,9,0.0,C-,bIII,Ab major,(010101),0,1,0,1,0,1,3,3-8A,3,5,"[0, 2, 6]","[1, 3, 7]",16000.0,1.3,3.0,0.0,0.06842105263157895,0.17928429140015903
wv3wc,Chi Chi,8,10,0.0,B-,II,Ab major,(001110),0,0,1,1,1,0,3,3-11B,3,3,"[1, 5, 8]","[3, 7, 10]",18000.0,0.0,2.0,0.0,0.0,0.11952286093343936
wv3wc,Chi Chi,9,11,0.0,E-,V,Ab major,(112101),1,1,2,1,0,1,6,4-12B,4,8,"[4, 7, 8, 10]","[1, 4, 5, 7]",20000.0,2.3,2.23606797749979,0.057692307692307696,0.12105263157894736,0.1336306209562122
wv3wc,Chi Chi,10,12,0.0,C,III,Ab major,(221100),2,2,1,1,0,0,6,4-2B,4,4,"[3, 5, 6, 7]","[3, 5, 6, 7]",22000.0,3.0,2.0,0.057692307692307696,0.15789473684210525,0.11952286093343936
wv3wc,Chi Chi,11,13,0.0,B-,II,Ab major,(011010),0,1,1,0,1,0,3,3-7B,3,4,"[5, 8, 10]","[0, 7, 10]",24000.0,0.5,2.6457513110645907,0.0,0.02631578947368421,0.15811388300841897
wv3wc,Chi Chi,12,13,2.0,E-,V,Ab major,(111120),1,1,1,1,2,0,6,4-14B,4,4,"[0, 1, 3, 8]","[0, 5, 9, 10]",25000.0,1.5,1.7320508075688772,0.057692307692307696,0.07894736842105263,0.10350983390135313
wv3wc,Chi Chi,13,14,0.0,A-,I,Ab major,(012120),0,1,2,1,2,0,6,4-26,4,6,"[0, 3, 5, 8]","[0, 4, 7, 9]",26000.0,0.5,1.4142135623730951,0.057692307692307696,0.02631578947368421,0.08451542547285167
wv3wc,Chi Chi,14,15,0.0,B-,II,Ab major,(112101),1,1,2,1,0,1,6,4-12A,4,4,"[0, 1, 4, 10]","[0, 2, 3, 6]",28000.0,2.3,2.449489742783178,0.057692307692307696,0.12105263157894736,0.14638501094227996
wv3wc,Chi Chi,15,15,2.0,E-,V,Ab major,(010101),0,1,0,1,0,1,3,3-8A,3,3,"[0, 4, 10]","[1, 7, 9]",29000.0,1.3,2.23606797749979,0.0,0.06842105263157895,0.1336306209562122
wv3wc,Chi Chi,16,16,0.0,A-,I,Ab major,(554331),5,5,4,3,3,1,21,7-2B,7,9,"[3, 5, 6, 7, 8, 9, 10]","[0, 1, 2, 7, 9, 10, 11]",30000.0,8.3,8.366600265340756,0.34615384615384615,0.4368421052631579,0.5
wv3wc,Chi Chi,17,19,0.0,D-,IV,Ab major,(112101),1,1,2,1,0,1,6,4-12B,4,6,"[4, 7, 8, 10]","[3, 6, 7, 9]",36000.0,2.3,7.0,0.057692307692307696,0.12105263157894736,0.4183300132670378
wv3wc,Chi Chi,18,20,0.0,C,III,Ab major,(012120),0,1,2,1,2,0,6,4-26,4,7,"[0, 3, 7, 10]","[0, 3, 7, 10]",38000.0,0.5,2.449489742783178,0.057692307692307696,0.02631578947368421,0.14638501094227996
wv3wc,Chi Chi,19,21,0.0,C-,bIII,Ab major,(010101),0,1,0,1,0,1,3,3-8A,3,5,"[0, 2, 6]","[1, 3, 7]",40000.0,1.3,3.0,0.0,0.06842105263157895,0.17928429140015903
wv3wc,Chi Chi,20,22,0.0,B-,II,Ab major,(001110),0,0,1,1,1,0,3,3-11B,3,3,"[1, 5, 8]","[3, 7, 10]",42000.0,0.0,2.0,0.0,0.0,0.11952286093343936
wv3wc,Chi Chi,21,23,0.0,E-,V,Ab major,(112101),1,1,2,1,0,1,6,4-12B,4,8,"[4, 7, 8, 10]","[1, 4, 5, 7]",44000.0,2.3,2.23606797749979,0.057692307692307696,0.12105263157894736,0.1336306209562122
wv3wc,Chi Chi,22,24,0.0,C,III,Ab major,(221100),2,2,1,1,0,0,6,4-2B,4,4,"[3, 5, 6, 7]","[3, 5, 6, 7]",46000.0,3.0,2.0,0.057692307692307696,0.15789473684210525,0.11952286093343936
wv3wc,Chi Chi,23,25,0.0,B-,II,Ab major,(011010),0,1,1,0,1,0,3,3-7B,3,4,"[5, 8, 10]","[0, 7, 10]",48000.0,0.5,2.6457513110645907,0.0,0.02631578947368421,0.15811388300841897
wv3wc,Chi Chi,24,26,0.0,A-,I,Ab major,(202420),2,0,2,4,2,0,10,5-21A,5,5,"[0, 3, 7, 8, 11]","[0, 3, 4, 7, 11]",50000.0,2.0,4.795831523312719,0.1346153846153846,0.10526315789473684,0.2866057521105554
wv3wc,Chi Chi,25,27,0.0,D-,IV,Ab major,(323430),3,2,3,4,3,0,15,6-14B,6,8,"[0, 1, 5, 8, 9, 10]","[0, 4, 7, 8, 9, 11]",52000.0,4.0,2.6457513110645907,0.23076923076923078,0.21052631578947367,0.15811388300841897
wv3wc,Chi Chi,26,28,0.0,A-,I,Ab major,(225222),2,2,5,2,2,2,15,6-27B,6,10,"[0, 1, 3, 4, 7, 10]","[2, 4, 5, 7, 8, 11]",54000.0,4.6,3.7416573867739413,0.23076923076923078,0.2421052631578947,0.22360679774997896
wv3wc,Chi Chi,27,29,0.0,E-,V,Ab major,(210000),2,1,0,0,0,0,3,3-1,3,4,"[6, 7, 8]","[3, 4, 5]",56000.0,2.5,6.164414002968976,0.0,0.13157894736842105,0.3683941988065036
wv3wc,Chi Chi,28,29,2.0,A-,I,Ab major,(321000),3,2,1,0,0,0,6,4-1,4,4,"[2, 3, 4, 5]","[6, 7, 8, 9]",57000.0,4.0,1.7320508075688772,0.057692307692307696,0.21052631578947367,0.10350983390135313
wv3wc,Chi Chi,29,30,0.0,D-,IV,Ab major,(122010),1,2,2,0,1,0,6,4-10,4,6,"[1, 8, 10, 11]","[0, 7, 9, 10]",58000.0,2.0,2.449489742783178,0.057692307692307696,0.10526315789473684,0.14638501094227996
wv3wc,Chi Chi,30,31,0.0,D-,IV,Ab major,(111000),1,1,1,0,0,0,3,3-2B,3,5,"[8, 10, 11]","[7, 9, 10]",60000.0,1.5,1.7320508075688772,0.0,0.07894736842105263,0.10350983390135313
wv3wc,Chi Chi,31,32,0.0,A-,I,Ab major,(101100),1,0,1,1,0,0,3,3-3B,3,3,"[0, 8, 11]","[0, 3, 4]",62000.0,1.0,1.4142135623730951,0.0,0.05263157894736842,0.08451542547285167
wv3wc,Chi Chi,32,33,0.0,C,III,Ab major,(111000),1,1,1,0,0,0,3,3-2B,3,4,"[5, 7, 8]","[5, 7, 8]",64000.0,1.5,1.4142135623730951,0.0,0.07894736842105263,0.08451542547285167
wv3wc,Chi Chi,33,33,2.0,F,VI,Ab major,(122010),1,2,2,0,1,0,6,4-10,4,4,"[0, 1, 3, 10]","[5, 7, 8, 10]",65000.0,2.0,1.7320508075688772,0.057692307692307696,0.10526315789473684,0.10350983390135313
wv3wc,Chi Chi,34,34,0.0,B-,II,Ab major,(233241),2,3,3,2,4,1,15,6-47A,6,10,"[0, 3, 5, 8, 9, 10]","[0, 2, 5, 7, 10, 11]",66000.0,4.3,4.123105625617661,0.23076923076923078,0.2263157894736842,0.24640269015229058
wv3wc,Chi Chi,35,35,0.0,E-,V,Ab major,(224322),2,2,4,3,2,2,15,6-28,6,8,"[0, 1, 4, 7, 8, 10]","[1, 4, 5, 7, 9, 10]",68000.0,4.6,2.8284271247461903,0.23076923076923078,0.2421052631578947,0.16903085094570333
wv3wc,Chi Chi,36,36,0.0,A-,I,Ab major,(211231),2,1,1,2,3,1,10,5-20A,5,8,"[0, 1, 3, 7, 8]","[0, 4, 5, 7, 11]",70000.0,3.3,3.605551275463989,0.1346153846153846,0.17368421052631577,0.21547290184283363
wv3wc,Chi Chi,37,38,0.0,A-,I,Ab major,(101220),1,0,1,2,2,0,6,4-20,4,5,"[0, 3, 7, 8]","[0, 4, 7, 11]",74000.0,1.0,2.0,0.057692307692307696,0.05263157894736842,0.11952286093343936
wv3wc,Chi Chi,38,39,0.0,D-,IV,Ab major,(122010),1,2,2,0,1,0,6,4-10,4,6,"[0, 1, 3, 10]","[0, 2, 9, 11]",76000.0,2.0,3.1622776601683795,0.057692307692307696,0.10526315789473684,0.18898223650461363
wv3wc,Chi Chi,39,40,0.0,A-,I,Ab major,(465472),4,6,5,4,7,2,28,8-23,8,8,"[0, 1, 3, 5, 6, 8, 10, 11]","[0, 2, 3, 4, 5, 7, 9, 10]",78000.0,8.6,9.486832980505138,0.4807692307692308,0.4526315789473684,0.5669467095138409
wv3wc,Chi Chi,40,41,0.0,A-,I,Ab major,(443532),4,4,3,5,3,2,21,7-13A,7,9,"[0, 4, 5, 6, 8, 9, 10]","[0, 1, 2, 4, 8, 9, 10]",80000.0,7.6,5.0,0.34615384615384615,0.39999999999999997,0.2988071523335984
wv3wc,Chi Chi,41,42,0.0,D-,IV,Ab major,(465472),4,6,5,4,7,2,28,8-23,8,10,"[0, 1, 3, 5, 6, 8, 10, 11]","[0, 2, 4, 5, 7, 9, 10, 11]",82000.0,8.6,5.0,0.4807692307692308,0.4526315789473684,0.2988071523335984
wv3wc,Chi Chi,42,43,0.0,D-,IV,Ab major,(432100),4,3,2,1,0,0,10,5-1,5,6,"[7, 8, 9, 10, 11]","[6, 7, 8, 9, 10]",84000.0,5.5,8.94427190999916,0.1346153846153846,0.2894736842105263,0.5345224838248488
wv3wc,Chi Chi,43,44,0.0,A-,I,Ab major,(233331),2,3,3,3,3,1,15,6-46A,6,7,"[0, 1, 3, 5, 8, 11]","[0, 3, 4, 5, 7, 9]",86000.0,4.3,4.358898943540674,0.23076923076923078,0.2263157894736842,0.26049403612586386
wv3wc,Chi Chi,44,46,0.0,B-,II,Ab major,(143241),1,4,3,2,4,1,15,6-33B,6,8,"[0, 2, 3, 5, 8, 10]","[0, 2, 4, 5, 7, 10]",90000.0,3.8,2.0,0.23076923076923078,0.19999999999999998,0.11952286093343936
wv3wc,Chi Chi,45,47,0.0,E-,V,Ab major,(122230),1,2,2,2,3,0,10,5-27B,5,10,"[0, 1, 5, 8, 10]","[2, 5, 7, 9, 10]",92000.0,2.0,2.6457513110645907,0.1346153846153846,0.10526315789473684,0.15811388300841897
wv3wc,Chi Chi,46,48,0.0,A-,I,Ab major,(225222),2,2,5,2,2,2,15,6-27B,6,9,"[0, 1, 3, 4, 7, 10]","[2, 4, 5, 7, 8, 11]",94000.0,4.6,3.872983346207417,0.23076923076923078,0.2421052631578947,0.23145502494313788
wv3wc,Chi Chi,47,50,0.0,A-,I,Ab major,(012120),0,1,2,1,2,0,6,4-26,4,5,"[0, 3, 5, 8]","[0, 4, 7, 9]",98000.0,0.5,4.358898943540674,0.057692307692307696,0.02631578947368421,0.26049403612586386
wv3wc,Chi Chi,48,51,0.0,D-,IV,Ab major,(012111),0,1,2,1,1,1,6,4-27A,4,6,"[3, 5, 8, 11]","[2, 4, 7, 10]",100000.0,1.3,1.4142135623730951,0.057692307692307696,0.06842105263157895,0.08451542547285167
wv3wc,Chi Chi,49,52,0.0,A-,I,Ab major,(332110),3,3,2,1,1,0,10,5-2A,5,9,"[0, 1, 3, 10, 11]","[2, 3, 4, 5, 7]",102000.0,4.5,3.7416573867739413,0.1346153846153846,0.23684210526315788,0.22360679774997896
wv3wc,Chi Chi,50,53,0.0,E-,V,Ab major,(021120),0,2,1,1,2,0,6,4-22B,4,4,"[3, 6, 8, 10]","[0, 3, 5, 7]",104000.0,1.0,3.4641016151377544,0.057692307692307696,0.05263157894736842,0.20701966780270625
wv3wc,Chi Chi,51,53,2.0,A-,I,Ab major,(221131),2,2,1,1,3,1,10,5-14B,5,5,"[0, 1, 6, 8, 11]","[0, 3, 4, 5, 10]",105000.0,3.8,2.449489742783178,0.1346153846153846,0.19999999999999998,0.14638501094227996
wv3wc,Chi Chi,52,54,0.0,D-,IV,Ab major,(112011),1,1,2,0,1,1,6,4-13B,4,5,"[5, 8, 10, 11]","[4, 7, 9, 10]",106000.0,2.3,2.8284271247461903,0.057692307692307696,0.12105263157894736,0.16903085094570333
wv3wc,Chi Chi,53,56,0.0,A-,I,Ab major,(121110),1,2,1,1,1,0,6,4-11B,4,7,"[0, 1, 8, 10]","[0, 2, 4, 5]",110000.0,2.0,2.0,0.057692307692307696,0.10526315789473684,0.11952286093343936
wv3wc,Chi Chi,54,57,0.0,C,III,Ab major,(101310),1,0,1,3,1,0,6,4-19A,4,4,"[0, 3, 7, 11]","[0, 3, 7, 11]",112000.0,1.0,2.8284271247461903,0.057692307692307696,0.05263157894736842,0.16903085094570333
wv3wc,Chi Chi,55,57,2.0,F,VI,Ab major,(212100),2,1,2,1,0,0,6,4-3,4,4,"[6, 7, 9, 10]","[1, 2, 4, 5]",113000.0,2.5,2.8284271247461903,0.057692307692307696,0.13157894736842105,0.16903085094570333
wv3wc,Chi Chi,56,58,0.0,B-,II,Ab major,(122230),1,2,2,2,3,0,10,5-27B,5,10,"[0, 1, 5, 8, 10]","[0, 2, 3, 7, 10]",114000.0,2.0,3.4641016151377544,0.1346153846153846,0.10526315789473684,0.20701966780270625
wv3wc,Chi Chi,57,59,0.0,E-,V,Ab major,(225222),2,2,5,2,2,2,15,6-27B,6,9,"[0, 1, 3, 4, 7, 10]","[0, 1, 4, 7, 9, 10]",116000.0,4.6,3.872983346207417,0.23076923076923078,0.2421052631578947,0.23145502494313788
wv3wc,Chi Chi,58,60,0.0,A-,I,Ab major,(122230),1,2,2,2,3,0,10,5-27A,5,7,"[0, 3, 7, 8, 10]","[0, 2, 4, 7, 11]",118000.0,2.0,3.872983346207417,0.1346153846153846,0.10526315789473684,0.23145502494313788
wv3wc,Chi Chi,59,61,2.0,E-,V,Ab major,(101310),1,0,1,3,1,0,6,4-19A,4,4,"[0, 3, 7, 11]","[0, 4, 8, 9]",121000.0,1.0,3.1622776601683795,0.057692307692307696,0.05263157894736842,0.18898223650461363
wv3wc,Chi Chi,60,62,0.0,A-,I,Ab major,(112011),1,1,2,0,1,1,6,4-13B,4,7,"[1, 2, 8, 11]","[0, 3, 5, 6]",122000.0,2.3,3.4641016151377544,0.057692307692307696,0.12105263157894736,0.20701966780270625
wv3wc,Chi Chi,61,63,0.0,D-,IV,Ab major,(332232),3,3,2,2,3,2,15,6-12B,6,9,"[0, 5, 6, 8, 10, 11]","[4, 5, 7, 9, 10, 11]",124000.0,6.1,4.123105625617661,0.23076923076923078,0.32105263157894737,0.24640269015229058
wv3wc,Chi Chi,62,64,0.0,A-,I,Ab major,(323430),3,2,3,4,3,0,15,6-14B,6,9,"[0, 1, 3, 4, 8, 11]","[0, 3, 4, 5, 7, 8]",126000.0,4.0,3.1622776601683795,0.23076923076923078,0.21052631578947367,0.18898223650461363
wv3wc,Chi Chi,63,65,0.0,E-,V,Ab major,(001110),0,0,1,1,1,0,3,3-11A,3,4,"[3, 6, 10]","[0, 3, 7]",128000.0,0.0,5.477225575051661,0.0,0.0,0.32732683535398854
wv3wc,Chi Chi,64,65,2.0,A-,I,Ab major,(210111),2,1,0,1,1,1,6,4-5A,4,4,"[0, 1, 5, 11]","[3, 4, 5, 9]",129000.0,3.3,2.6457513110645907,0.057692307692307696,0.17368421052631577,0.15811388300841897
wv3wc,Chi Chi,65,66,0.0,D-,IV,Ab major,(354351),3,5,4,3,5,1,21,7-23A,7,9,"[0, 1, 3, 5, 8, 10, 11]","[0, 2, 4, 7, 9, 10, 11]",130000.0,6.3,7.280109889280518,0.34615384615384615,0.33157894736842103,0.435069780938316
wv3wc,Chi Chi,66,68,0.0,A-,I,Ab major,(332110),3,3,2,1,1,0,10,5-2A,5,10,"[0, 7, 8, 9, 10]","[0, 1, 2, 4, 11]",134000.0,4.5,5.385164807134504,0.1346153846153846,0.23684210526315788,0.3218251521733945
wv3wc,Chi Chi,67,70,0.0,B-,II,Ab major,(344451),3,4,4,4,5,1,21,7-27A,7,10,"[0, 1, 3, 5, 8, 9, 10]","[0, 2, 3, 5, 7, 10, 11]",138000.0,5.8,5.5677643628300215,0.34615384615384615,0.30526315789473685,0.33273756282434613
wv3wc,Chi Chi,68,71,0.0,E-,V,Ab major,(234222),2,3,4,2,2,2,15,6-45,6,8,"[1, 4, 6, 7, 8, 10]","[1, 3, 4, 5, 7, 10]",140000.0,5.1,4.0,0.23076923076923078,0.26842105263157895,0.23904572186687872
wv3wc,Chi Chi,69,72,0.0,A-,I,Ab major,(143250),1,4,3,2,5,0,15,6-32,6,10,"[1, 4, 6, 8, 9, 11]","[0, 1, 3, 5, 8, 10]",142000.0,3.0,4.0,0.23076923076923078,0.15789473684210525,0.23904572186687872
wv3wc,Chi Chi,70,73,0.0,B-,II,Ab major,(221100),2,2,1,1,0,0,6,4-2A,4,4,"[0, 1, 3, 11]","[1, 2, 3, 5]",144000.0,3.0,5.916079783099616,0.057692307692307696,0.15789473684210525,0.3535533905932738
wv3wc,Chi Chi,71,73,2.0,E-,V,Ab major,(001110),0,0,1,1,1,0,3,3-11B,3,3,"[0, 3, 8]","[0, 5, 9]",145000.0,0.0,3.0,0.0,0.0,0.17928429140015903
wv3wc,Chi Chi,72,76,0.0,A-,I,Ab major,(432100),4,3,2,1,0,0,10,5-1,5,7,"[0, 1, 9, 10, 11]","[1, 2, 3, 4, 5]",150000.0,5.5,5.196152422706632,0.1346153846153846,0.2894736842105263,0.3105295017040594
wv3wc,Chi Chi,73,77,0.0,E-,V,Ab major,(021120),0,2,1,1,2,0,6,4-22B,4,4,"[3, 6, 8, 10]","[0, 3, 5, 7]",152000.0,1.0,4.69041575982343,0.057692307692307696,0.05263157894736842,0.2803059552906941
wv3wc,Chi Chi,74,77,2.0,A-,I,Ab major,(221131),2,2,1,1,3,1,10,5-14B,5,5,"[0, 1, 6, 8, 11]","[0, 3, 4, 5, 10]",153000.0,3.8,2.449489742783178,0.1346153846153846,0.19999999999999998,0.14638501094227996
wv3wc,Chi Chi,75,78,0.0,D-,IV,Ab major,(122230),1,2,2,2,3,0,10,5-27B,5,5,"[0, 1, 5, 8, 10]","[0, 4, 7, 9, 11]",154000.0,2.0,2.0,0.1346153846153846,0.10526315789473684,0.11952286093343936
wv3wc,Chi Chi,76,79,0.0,D-,IV,Ab major,(122230),1,2,2,2,3,0,10,5-27A,5,10,"[0, 1, 3, 5, 8]","[0, 2, 4, 7, 11]",156000.0,2.0,0.0,0.1346153846153846,0.10526315789473684,0.0
wv3wc,Chi Chi,77,80,0.0,A-,I,Ab major,(332110),3,3,2,1,1,0,10,5-2B,5,10,"[0, 1, 2, 3, 10]","[2, 4, 5, 6, 7]",158000.0,4.5,3.1622776601683795,0.1346153846153846,0.23684210526315788,0.18898223650461363
wv3wc,Chi Chi,78,81,0.0,C,III,Ab major,(101100),1,0,1,1,0,0,3,3-3A,3,4,"[6, 7, 10]","[6, 7, 10]",160000.0,1.0,3.872983346207417,0.0,0.05263157894736842,0.23145502494313788
wv3wc,Chi Chi,79,81,2.0,C-,bIII,Ab major,(102210),1,0,2,2,1,0,6,4-17,4,4,"[1, 6, 9, 10]","[2, 7, 10, 11]",161000.0,1.0,1.7320508075688772,0.057692307692307696,0.05263157894736842,0.10350983390135313
wv3wc,Chi Chi,80,82,0.0,B-,II,Ab major,(012120),0,1,2,1,2,0,6,4-26,4,8,"[1, 5, 8, 10]","[0, 3, 7, 10]",162000.0,0.5,2.0,0.057692307692307696,0.02631578947368421,0.11952286093343936
wv3wc,Chi Chi,81,83,0.0,E-,V,Ab major,(221311),2,2,1,3,1,1,10,5-13A,5,7,"[0, 4, 5, 6, 8]","[1, 2, 3, 5, 9]",164000.0,3.8,3.4641016151377544,0.1346153846153846,0.19999999999999998,0.20701966780270625
wv3wc,Chi Chi,82,84,0.0,A-,I,Ab major,(132130),1,3,2,1,3,0,10,5-23B,5,5,"[0, 1, 3, 8, 10]","[0, 2, 4, 5, 7]",166000.0,2.5,3.4641016151377544,0.1346153846153846,0.13157894736842105,0.20701966780270625
wv3wc,Chi Chi,83,85,2.0,E-,V,Ab major,(101310),1,0,1,3,1,0,6,4-19A,4,4,"[0, 4, 5, 8]","[1, 2, 5, 9]",169000.0,1.0,4.242640687119285,0.057692307692307696,0.05263157894736842,0.25354627641855493
wv3wc,Chi Chi,84,86,0.0,A-,I,Ab major,(111000),1,1,1,0,0,0,3,3-2A,3,4,"[0, 1, 3]","[4, 5, 7]",170000.0,1.5,3.3166247903554,0.0,0.07894736842105263,0.19820624179302296
wv3wc,Chi Chi,85,87,0.0,D-,IV,Ab major,(100011),1,0,0,0,1,1,3,3-5B,3,6,"[1, 2, 8]","[0, 1, 7]",172000.0,1.8,2.0,0.0,0.09473684210526316,0.11952286093343936
wv3wc,Chi Chi,86,88,0.0,A-,I,Ab major,(222220),2,2,2,2,2,0,10,5-11B,5,6,"[0, 1, 3, 8, 11]","[0, 3, 4, 5, 7]",174000.0,3.0,3.872983346207417,0.1346153846153846,0.15789473684210525,0.23145502494313788
wv3wc,Chi Chi,87,89,0.0,E-,V,Ab major,(221100),2,2,1,1,0,0,6,4-2B,4,4,"[6, 8, 9, 10]","[3, 5, 6, 7]",176000.0,3.0,2.449489742783178,0.057692307692307696,0.15789473684210525,0.14638501094227996
wv3wc,Chi Chi,88,89,2.0,A-,I,Ab major,(032221),0,3,2,2,2,1,10,5-34,5,6,"[0, 3, 6, 8, 10]","[0, 2, 4, 7, 10]",177000.0,2.3,3.4641016151377544,0.1346153846153846,0.12105263157894736,0.20701966780270625
wv3wc,Chi Chi,89,90,0.0,D-,IV,Ab major,(344451),3,4,4,4,5,1,21,7-27B,7,8,"[0, 1, 3, 4, 5, 8, 10]","[0, 2, 3, 4, 7, 9, 11]",178000.0,5.8,5.196152422706632,0.34615384615384615,0.30526315789473685,0.3105295017040594
wv3wc,Chi Chi,90,92,0.0,A-,I,Ab major,(021120),0,2,1,1,2,0,6,4-22B,4,7,"[0, 3, 5, 7]","[4, 7, 9, 11]",182000.0,1.0,6.4031242374328485,0.057692307692307696,0.05263157894736842,0.38265986388511064
wv3wc,Chi Chi,91,93,0.0,C,III,Ab major,(101100),1,0,1,1,0,0,3,3-3B,3,3,"[3, 6, 7]","[3, 6, 7]",184000.0,1.0,3.0,0.0,0.05263157894736842,0.17928429140015903
wv3wc,Chi Chi,92,93,2.0,F,VI,Ab major,(123121),1,2,3,1,2,1,10,5-25B,5,5,"[0, 3, 5, 6, 8]","[0, 1, 3, 7, 10]",185000.0,2.8,3.605551275463989,0.1346153846153846,0.14736842105263157,0.21547290184283363
wv3wc,Chi Chi,93,94,0.0,B-,II,Ab major,(234222),2,3,4,2,2,2,15,6-23,6,7,"[0, 1, 3, 4, 6, 10]","[0, 2, 3, 5, 6, 8]",186000.0,5.1,2.23606797749979,0.23076923076923078,0.26842105263157895,0.1336306209562122
wv3wc,Chi Chi,94,95,0.0,E-,V,Ab major,(224232),2,2,4,2,3,2,15,6-50,6,10,"[1, 4, 5, 8, 10, 11]","[1, 2, 5, 7, 8, 10]",188000.0,4.6,1.4142135623730951,0.23076923076923078,0.2421052631578947,0.08451542547285167
wv3wc,Chi Chi,95,96,0.0,A-,I,Ab major,(233241),2,3,3,2,4,1,15,6-25A,6,10,"[0, 1, 3, 7, 8, 10]","[0, 2, 4, 5, 7, 11]",190000.0,4.3,2.0,0.23076923076923078,0.2263157894736842,0.11952286093343936
wv3wc,Chi Chi,96,97,0.0,B-,II,Ab major,(021120),0,2,1,1,2,0,6,4-22B,4,4,"[0, 3, 5, 7]","[2, 5, 7, 9]",192000.0,1.0,3.872983346207417,0.057692307692307696,0.05263157894736842,0.23145502494313788
wv3wc,Chi Chi,97,97,2.0,E-,V,Ab major,(122010),1,2,2,0,1,0,6,4-10,4,5,"[0, 1, 3, 10]","[0, 7, 9, 10]",193000.0,2.0,2.0,0.057692307692307696,0.10526315789473684,0.11952286093343936
wv3wc,Chi Chi,98,98,0.0,A-,I,Ab major,(111120),1,1,1,1,2,0,6,4-14B,4,7,"[3, 7, 8, 10]","[0, 2, 7, 11]",194000.0,1.5,2.0,0.057692307692307696,0.07894736842105263,0.11952286093343936
xRfYc,Passport,0,1,0.0,B-,bIII,G minor,(132130),1,3,2,1,3,0,10,5-23B,5,7,"[0, 5, 7, 9, 10]","[0, 2, 7, 9, 11]",0.0,2.5,0.0,0.1346153846153846,0.13157894736842105,0.0
xRfYc,Passport,1,2,0.0,C,IV,G minor,(021120),0,2,1,1,2,0,6,4-22B,4,4,"[0, 2, 7, 10]","[0, 2, 7, 10]",2000.0,1.0,2.0,0.057692307692307696,0.05263157894736842,0.11952286093343936
xRfYc,Passport,2,2,2.0,F,bVII,G minor,(011010),0,1,1,0,1,0,3,3-7B,3,3,"[0, 2, 9]","[4, 7, 9]",3000.0,0.5,1.7320508075688772,0.0,0.02631578947368421,0.10350983390135313
xRfYc,Passport,3,3,0.0,B-,bIII,G minor,(434541),4,3,4,5,4,1,21,7-37,7,9,"[2, 3, 5, 6, 7, 9, 10]","[0, 4, 5, 7, 8, 9, 11]",4000.0,6.3,8.0,0.34615384615384615,0.33157894736842103,0.47809144373375745
xRfYc,Passport,4,4,0.0,C,IV,G minor,(020100),0,2,0,1,0,0,3,3-6,3,3,"[0, 2, 10]","[0, 2, 10]",6000.0,1.0,8.12403840463596,0.0,0.05263157894736842,0.4855041562276123
xRfYc,Passport,5,5,2.0,B-,bIII,G minor,(121110),1,2,1,1,1,0,6,4-11B,4,4,"[0, 2, 3, 10]","[0, 2, 4, 5]",9000.0,2.0,1.7320508075688772,0.057692307692307696,0.10526315789473684,0.10350983390135313
xRfYc,Passport,6,6,0.0,E-,bVI,G minor,(143250),1,4,3,2,5,0,15,6-32,6,8,"[0, 2, 3, 5, 7, 10]","[0, 2, 4, 7, 9, 11]",10000.0,3.0,5.0,0.23076923076923078,0.15789473684210525,0.2988071523335984
xRfYc,Passport,7,7,0.0,B-,bIII,G minor,(111000),1,1,1,0,0,0,3,3-2A,3,4,"[0, 9, 10]","[0, 2, 11]",12000.0,1.5,6.48074069840786,0.0,0.07894736842105263,0.3872983346207417
xRfYc,Passport,8,7,2.0,G,I,G minor,(111000),1,1,1,0,0,0,3,3-2A,3,3,"[2, 3, 5]","[7, 8, 10]",13000.0,1.5,0.0,0.0,0.07894736842105263,0.0
xRfYc,Passport,9,9,0.0,B-,bIII,G minor,(132130),1,3,2,1,3,0,10,5-23B,5,7,"[0, 5, 7, 9, 10]","[0, 2, 7, 9, 11]",16000.0,2.5,3.872983346207417,0.1346153846153846,0.13157894736842105,0.23145502494313788
xRfYc,Passport,10,10,0.0,C,IV,G minor,(021120),0,2,1,1,2,0,6,4-22B,4,4,"[0, 2, 7, 10]","[0, 2, 7, 10]",18000.0,1.0,2.0,0.057692307692307696,0.05263157894736842,0.11952286093343936
xRfYc,Passport,11,10,2.0,F,bVII,G minor,(011010),0,1,1,0,1,0,3,3-7B,3,3,"[0, 2, 9]","[4, 7, 9]",19000.0,0.5,1.7320508075688772,0.0,0.02631578947368421,0.10350983390135313
xRfYc,Passport,12,11,0.0,B-,bIII,G minor,(434541),4,3,4,5,4,1,21,7-37,7,8,"[2, 3, 5, 6, 7, 9, 10]","[0, 4, 5, 7, 8, 9, 11]",20000.0,6.3,8.0,0.34615384615384615,0.33157894736842103,0.47809144373375745
xRfYc,Passport,13,12,0.0,C,IV,G minor,(020100),0,2,0,1,0,0,3,3-6,3,3,"[0, 2, 10]","[0, 2, 10]",22000.0,1.0,8.12403840463596,0.0,0.05263157894736842,0.4855041562276123
xRfYc,Passport,14,13,2.0,B-,bIII,G minor,(121110),1,2,1,1,1,0,6,4-11B,4,4,"[0, 2, 3, 10]","[0, 2, 4, 5]",25000.0,2.0,1.7320508075688772,0.057692307692307696,0.10526315789473684,0.10350983390135313
xRfYc,Passport,15,14,0.0,E-,bVI,G minor,(143250),1,4,3,2,5,0,15,6-32,6,7,"[0, 2, 3, 5, 7, 10]","[0, 2, 4, 7, 9, 11]",26000.0,3.0,5.0,0.23076923076923078,0.15789473684210525,0.2988071523335984
xRfYc,Passport,16,15,0.0,B-,bIII,G minor,(111000),1,1,1,0,0,0,3,3-2B,3,6,"[7, 9, 10]","[0, 9, 11]",28000.0,1.5,6.48074069840786,0.0,0.07894736842105263,0.3872983346207417
xRfYc,Passport,17,16,0.0,B-,bIII,G minor,(020100),0,2,0,1,0,0,3,3-6,3,3,"[0, 2, 4]","[2, 4, 6]",30000.0,1.0,2.0,0.0,0.05263157894736842,0.11952286093343936
xRfYc,Passport,18,17,0.0,D,V,G minor,(143241),1,4,3,2,4,1,15,6-33B,6,7,"[0, 2, 4, 6, 7, 9]","[0, 2, 4, 5, 7, 10]",32000.0,3.8,5.656854249492381,0.23076923076923078,0.19999999999999998,0.33806170189140666
xRfYc,Passport,19,18,0.0,D,V,G minor,(121321),1,2,1,3,2,1,10,5-30A,5,6,"[0, 2, 4, 8, 9]","[0, 2, 6, 7, 10]",34000.0,2.8,3.605551275463989,0.1346153846153846,0.14736842105263157,0.21547290184283363
xRfYc,Passport,20,19,0.0,G,I,G minor,(221131),2,2,1,1,3,1,10,5-14A,5,6,"[2, 4, 9, 10, 11]","[2, 3, 4, 7, 9]",36000.0,3.8,2.449489742783178,0.1346153846153846,0.19999999999999998,0.14638501094227996
xRfYc,Passport,21,20,0.0,G,I,G minor,(131221),1,3,1,2,2,1,10,5-24A,5,6,"[2, 3, 5, 7, 9]","[0, 2, 7, 8, 10]",38000.0,3.3,2.0,0.1346153846153846,0.17368421052631577,0.11952286093343936
xRfYc,Passport,22,21,0.0,C,IV,G minor,(132130),1,3,2,1,3,0,10,5-23B,5,7,"[0, 2, 4, 5, 7]","[0, 2, 4, 5, 7]",40000.0,2.5,2.0,0.1346153846153846,0.13157894736842105,0.11952286093343936
xRfYc,Passport,23,22,0.0,C,IV,G minor,(211110),2,1,1,1,1,0,6,4-4A,4,5,"[2, 3, 4, 7]","[2, 3, 4, 7]",42000.0,2.5,3.1622776601683795,0.057692307692307696,0.13157894736842105,0.18898223650461363
xRfYc,Passport,24,23,0.0,F,bVII,G minor,(122311),1,2,2,3,1,1,10,5-26A,5,7,"[0, 2, 3, 6, 10]","[1, 5, 7, 9, 10]",44000.0,2.8,2.8284271247461903,0.1346153846153846,0.14736842105263157,0.16903085094570333
xRfYc,Passport,25,24,0.0,F,bVII,G minor,(121321),1,2,1,3,2,1,10,5-30B,5,8,"[0, 2, 5, 6, 10]","[0, 1, 5, 7, 9]",46000.0,2.8,1.4142135623730951,0.1346153846153846,0.14736842105263157,0.08451542547285167
xRfYc,Passport,26,25,0.0,B-,bIII,G minor,(132130),1,3,2,1,3,0,10,5-23B,5,7,"[0, 5, 7, 9, 10]","[0, 2, 7, 9, 11]",48000.0,2.5,2.8284271247461903,0.1346153846153846,0.13157894736842105,0.16903085094570333
xRfYc,Passport,27,26,0.0,C,IV,G minor,(021120),0,2,1,1,2,0,6,4-22B,4,4,"[0, 2, 7, 10]","[0, 2, 7, 10]",50000.0,1.0,2.0,0.057692307692307696,0.05263157894736842,0.11952286093343936
xRfYc,Passport,28,26,2.0,F,bVII,G minor,(011010),0,1,1,0,1,0,3,3-7B,3,3,"[0, 2, 9]","[4, 7, 9]",51000.0,0.5,1.7320508075688772,0.0,0.02631578947368421,0.10350983390135313
xRfYc,Passport,29,27,0.0,B-,bIII,G minor,(434541),4,3,4,5,4,1,21,7-37,7,8,"[2, 3, 5, 6, 7, 9, 10]","[0, 4, 5, 7, 8, 9, 11]",52000.0,6.3,8.0,0.34615384615384615,0.33157894736842103,0.47809144373375745
xRfYc,Passport,30,28,0.0,C,IV,G minor,(020100),0,2,0,1,0,0,3,3-6,3,3,"[0, 2, 10]","[0, 2, 10]",54000.0,1.0,8.12403840463596,0.0,0.05263157894736842,0.4855041562276123
xRfYc,Passport,31,29,2.0,B-,bIII,G minor,(121110),1,2,1,1,1,0,6,4-11B,4,4,"[0, 2, 3, 10]","[0, 2, 4, 5]",57000.0,2.0,1.7320508075688772,0.057692307692307696,0.10526315789473684,0.10350983390135313
xRfYc,Passport,32,30,0.0,E-,bVI,G minor,(143250),1,4,3,2,5,0,15,6-32,6,7,"[0, 2, 3, 5, 7, 10]","[0, 2, 4, 7, 9, 11]",58000.0,3.0,5.0,0.23076923076923078,0.15789473684210525,0.2988071523335984
xRfYc,Passport,33,31,0.0,B-,bIII,G minor,(111000),1,1,1,0,0,0,3,3-2A,3,4,"[0, 9, 10]","[0, 2, 11]",60000.0,1.5,6.48074069840786,0.0,0.07894736842105263,0.3872983346207417
xRfYc,Passport,34,31,2.0,G,I,G minor,(111000),1,1,1,0,0,0,3,3-2A,3,3,"[2, 3, 5]","[7, 8, 10]",61000.0,1.5,0.0,0.0,0.07894736842105263,0.0
xRfYc,Passport,35,32,2.0,F,bVII,G minor,(012120),0,1,2,1,2,0,6,4-26,4,4,"[0, 2, 5, 9]","[0, 4, 7, 9]",63000.0,0.5,2.6457513110645907,0.057692307692307696,0.02631578947368421,0.15811388300841897
xRfYc,Passport,36,33,0.0,B-,bIII,G minor,(100011),1,0,0,0,1,1,3,3-5A,3,5,"[4, 5, 10]","[0, 6, 7]",64000.0,1.8,3.0,0.0,0.09473684210526316,0.17928429140015903
xRfYc,Passport,37,34,2.0,F,bVII,G minor,(321000),3,2,1,0,0,0,6,4-1,4,5,"[0, 9, 10, 11]","[4, 5, 6, 7]",67000.0,4.0,3.3166247903554,0.057692307692307696,0.21052631578947367,0.19820624179302296
xRfYc,Passport,38,35,0.0,B-,bIII,G minor,(544431),5,4,4,4,3,1,21,7-3B,7,8,"[2, 5, 6, 7, 8, 9, 10]","[0, 4, 7, 8, 9, 10, 11]",68000.0,7.8,6.557438524302,0.34615384615384615,0.4105263157894737,0.3918819064098629
xRfYc,Passport,39,36,0.0,C,IV,G minor,(210021),2,1,0,0,2,1,6,4-6,4,4,"[3, 4, 5, 10]","[3, 4, 5, 10]",70000.0,3.3,7.14142842854285,0.057692307692307696,0.17368421052631577,0.42678197846541877
xRfYc,Passport,40,36,2.0,F,bVII,G minor,(110121),1,1,0,1,2,1,6,4-16B,4,4,"[0, 2, 6, 7]","[1, 2, 7, 9]",71000.0,2.3,1.4142135623730951,0.057692307692307696,0.12105263157894736,0.08451542547285167
xRfYc,Passport,41,37,0.0,F,bVII,G minor,(122230),1,2,2,2,3,0,10,5-27A,5,6,"[0, 3, 7, 8, 10]","[2, 3, 5, 7, 10]",72000.0,2.0,2.8284271247461903,0.1346153846153846,0.10526315789473684,0.16903085094570333
xRfYc,Passport,42,37,2.0,B-,bIII,G minor,(000300),0,0,0,3,0,0,3,3-12,3,4,"[2, 6, 10]","[0, 4, 8]",73000.0,0.0,4.358898943540674,0.0,0.0,0.26049403612586386
xRfYc,Passport,43,41,0.0,B-,bIII,G minor,(223111),2,2,3,1,1,1,10,5-10A,5,7,"[0, 1, 3, 9, 10]","[0, 2, 3, 5, 11]",80000.0,3.8,4.795831523312719,0.1346153846153846,0.19999999999999998,0.2866057521105554
xRfYc,Passport,44,42,0.0,C,IV,G minor,(111000),1,1,1,0,0,0,3,3-2A,3,4,"[0, 9, 10]","[0, 9, 10]",82000.0,1.5,3.0,0.0,0.07894736842105263,0.17928429140015903
xRfYc,Passport,45,42,2.0,F,bVII,G minor,(122010),1,2,2,0,1,0,6,4-10,4,4,"[5, 7, 8, 10]","[0, 2, 3, 5]",83000.0,2.0,1.7320508075688772,0.057692307692307696,0.10526315789473684,0.10350983390135313
xRfYc,Passport,46,43,0.0,B-,bIII,G minor,(143241),1,4,3,2,4,1,15,6-33A,6,8,"[0, 1, 3, 5, 7, 10]","[0, 2, 3, 5, 7, 9]",84000.0,3.8,4.358898943540674,0.23076923076923078,0.19999999999999998,0.26049403612586386
xRfYc,Passport,47,44,0.0,C,IV,G minor,(112101),1,1,2,1,0,1,6,4-12B,4,5,"[0, 6, 9, 10]","[0, 6, 9, 10]",86000.0,2.3,5.196152422706632,0.057692307692307696,0.12105263157894736,0.3105295017040594
xRfYc,Passport,48,44,2.0,F,bVII,G minor,(321000),3,2,1,0,0,0,6,4-1,4,4,"[3, 4, 5, 6]","[0, 1, 10, 11]",87000.0,4.0,2.8284271247461903,0.057692307692307696,0.21052631578947367,0.16903085094570333
xRfYc,Passport,49,45,0.0,F,bVII,G minor,(121110),1,2,1,1,1,0,6,4-11A,4,4,"[0, 1, 3, 5]","[0, 7, 8, 10]",88000.0,2.0,2.449489742783178,0.057692307692307696,0.10526315789473684,0.14638501094227996
xRfYc,Passport,50,45,2.0,B-,bIII,G minor,(030201),0,3,0,2,0,1,6,4-21,4,4,"[0, 2, 8, 10]","[0, 2, 4, 10]",89000.0,2.3,2.449489742783178,0.057692307692307696,0.12105263157894736,0.14638501094227996
xRfYc,Passport,51,46,0.0,E-,bVI,G minor,(344451),3,4,4,4,5,1,21,7-27B,7,9,"[0, 2, 3, 5, 6, 7, 10]","[0, 2, 3, 4, 7, 9, 11]",90000.0,5.8,7.416198487095663,0.34615384615384615,0.30526315789473685,0.44320263021395917
xRfYc,Passport,52,47,0.0,B-,bIII,G minor,(332110),3,3,2,1,1,0,10,5-2A,5,5,"[0, 1, 2, 3, 5]","[2, 3, 4, 5, 7]",92000.0,4.5,5.5677643628300215,0.1346153846153846,0.23684210526315788,0.33273756282434613
xRfYc,Passport,53,49,0.0,D,V,G minor,(254361),2,5,4,3,6,1,21,7-35,7,13,"[0, 2, 4, 6, 7, 9, 11]","[0, 2, 4, 5, 7, 9, 10]",96000.0,5.3,6.244997998398398,0.34615384615384615,0.2789473684210526,0.37321001364608947
xRfYc,Passport,54,51,0.0,G,I,G minor,(342231),3,4,2,2,3,1,15,6-9B,6,9,"[0, 2, 4, 5, 6, 7]","[0, 5, 7, 9, 10, 11]",100000.0,5.8,4.0,0.23076923076923078,0.30526315789473685,0.23904572186687872
xRfYc,Passport,55,52,0.0,G,I,G minor,(102111),1,0,2,1,1,1,6,4-18A,4,7,"[2, 5, 10, 11]","[3, 4, 7, 10]",102000.0,1.8,5.0,0.057692307692307696,0.09473684210526316,0.2988071523335984
xRfYc,Passport,56,53,0.0,C,IV,G minor,(233241),2,3,3,2,4,1,15,6-25B,6,7,"[2, 4, 5, 7, 9, 10]","[2, 4, 5, 7, 9, 10]",104000.0,4.3,4.58257569495584,0.23076923076923078,0.2263157894736842,0.27386127875258304
xRfYc,Passport,57,54,0.0,C,IV,G minor,(677673),6,7,7,6,7,3,36,9-7B,9,16,"[0, 1, 2, 3, 4, 5, 7, 9, 10]","[0, 1, 2, 3, 4, 5, 7, 9, 10]",106000.0,11.9,8.774964387392123,0.6346153846153846,0.6263157894736843,0.5244044240850758
xRfYc,Passport,58,55,0.0,F,bVII,G minor,(443211),4,4,3,2,1,1,15,6-2B,6,9,"[0, 6, 8, 9, 10, 11]","[1, 3, 4, 5, 6, 7]",108000.0,6.8,9.219544457292887,0.23076923076923078,0.35789473684210527,0.5509731650193397
xRfYc,Passport,59,56,0.0,F,bVII,G minor,(232341),2,3,2,3,4,1,15,6-26,6,6,"[2, 3, 5, 7, 9, 10]","[0, 2, 4, 5, 9, 10]",110000.0,4.3,4.0,0.23076923076923078,0.2263157894736842,0.23904572186687872
xRfYc,Passport,60,57,0.0,B-,bIII,G minor,(122230),1,2,2,2,3,0,10,5-27A,5,6,"[0, 2, 5, 9, 10]","[0, 2, 4, 7, 11]",112000.0,2.0,2.23606797749979,0.1346153846153846,0.10526315789473684,0.1336306209562122
xRfYc,Passport,61,59,0.0,B-,bIII,G minor,(111000),1,1,1,0,0,0,3,3-2B,3,6,"[0, 1, 10]","[0, 2, 3]",116000.0,1.5,3.872983346207417,0.0,0.07894736842105263,0.23145502494313788
xRfYc,Passport,62,60,0.0,C,IV,G minor,(221100),2,2,1,1,0,0,6,4-2A,4,4,"[6, 7, 8, 10]","[6, 7, 8, 10]",118000.0,3.0,1.7320508075688772,0.057692307692307696,0.15789473684210525,0.10350983390135313
xRfYc,Passport,63,60,2.0,F,bVII,G minor,(122010),1,2,2,0,1,0,6,4-10,4,4,"[0, 2, 3, 5]","[0, 7, 9, 10]",119000.0,2.0,2.0,0.057692307692307696,0.10526315789473684,0.11952286093343936
xRfYc,Passport,64,61,0.0,F,bVII,G minor,(210000),2,1,0,0,0,0,3,3-1,3,4,"[8, 9, 10]","[3, 4, 5]",120000.0,2.5,2.6457513110645907,0.0,0.13157894736842105,0.15811388300841897
xRfYc,Passport,65,61,2.0,B-,bIII,G minor,(122010),1,2,2,0,1,0,6,4-10,4,4,"[5, 7, 8, 10]","[0, 7, 9, 10]",121000.0,2.0,2.6457513110645907,0.057692307692307696,0.10526315789473684,0.15811388300841897
xRfYc,Passport,66,62,0.0,E-,bVI,G minor,(234222),2,3,4,2,2,2,15,6-23,6,8,"[0, 1, 3, 7, 9, 10]","[0, 4, 6, 7, 9, 10]",122000.0,5.1,3.872983346207417,0.23076923076923078,0.26842105263157895,0.23145502494313788
xRfYc,Passport,67,63,0.0,B-,bIII,G minor,(122230),1,2,2,2,3,0,10,5-27A,5,9,"[0, 2, 5, 9, 10]","[0, 2, 4, 7, 11]",124000.0,2.0,3.3166247903554,0.1346153846153846,0.10526315789473684,0.19820624179302296
xRfYc,Passport,68,64,2.0,F,bVII,G minor,(111000),1,1,1,0,0,0,3,3-2B,3,4,"[2, 4, 5]","[0, 9, 11]",127000.0,1.5,3.872983346207417,0.0,0.07894736842105263,0.23145502494313788
yp3wc,Confirmation,0,1,0.0,F,I,F major,(322332),3,2,2,3,3,2,15,6-43A,6,8,"[0, 4, 5, 6, 9, 10]","[0, 1, 4, 5, 7, 11]",0.0,5.6,0.0,0.23076923076923078,0.29473684210526313,0.0
yp3wc,Confirmation,1,2,0.0,E,VII,F major,(001110),0,0,1,1,1,0,3,3-11A,3,4,"[2, 7, 10]","[3, 6, 10]",2000.0,0.0,5.0990195135927845,0.0,0.0,0.304724700110022
yp3wc,Confirmation,2,2,2.0,A,III,F major,(010101),0,1,0,1,0,1,3,3-8A,3,3,"[1, 7, 9]","[0, 4, 10]",3000.0,1.3,2.0,0.0,0.06842105263157895,0.11952286093343936
yp3wc,Confirmation,3,4,0.0,C,V,F major,(111000),1,1,1,0,0,0,3,3-2B,3,4,"[7, 9, 10]","[7, 9, 10]",6000.0,1.5,2.0,0.0,0.07894736842105263,0.11952286093343936
yp3wc,Confirmation,4,5,0.0,B-,IV,F major,(112011),1,1,2,0,1,1,6,4-13B,4,7,"[5, 8, 10, 11]","[0, 1, 7, 10]",8000.0,2.3,1.7320508075688772,0.057692307692307696,0.12105263157894736,0.10350983390135313
yp3wc,Confirmation,5,6,0.0,A,III,F major,(011010),0,1,1,0,1,0,3,3-7B,3,3,"[0, 7, 10]","[1, 3, 10]",10000.0,0.5,1.7320508075688772,0.0,0.02631578947368421,0.10350983390135313
yp3wc,Confirmation,6,6,2.0,D,VI,F major,(012120),0,1,2,1,2,0,6,4-26,4,4,"[2, 6, 9, 11]","[0, 4, 7, 9]",11000.0,0.5,1.7320508075688772,0.057692307692307696,0.02631578947368421,0.10350983390135313
yp3wc,Confirmation,7,7,0.0,G,II,F major,(221131),2,2,1,1,3,1,10,5-14B,5,5,"[2, 3, 4, 9, 11]","[2, 4, 7, 8, 9]",12000.0,3.8,2.8284271247461903,0.1346153846153846,0.19999999999999998,0.16903085094570333
yp3wc,Confirmation,8,8,0.0,G,II,F major,(112101),1,1,2,1,0,1,6,4-12B,4,4,"[1, 4, 5, 7]","[0, 6, 9, 10]",14000.0,2.3,3.4641016151377544,0.057692307692307696,0.12105263157894736,0.20701966780270625
yp3wc,Confirmation,9,9,0.0,F,I,F major,(332110),3,3,2,1,1,0,10,5-2B,5,7,"[5, 7, 8, 9, 10]","[0, 2, 3, 4, 5]",16000.0,4.5,3.1622776601683795,0.1346153846153846,0.23684210526315788,0.18898223650461363
yp3wc,Confirmation,10,10,0.0,E,VII,F major,(020100),0,2,0,1,0,0,3,3-6,3,3,"[3, 5, 7]","[1, 3, 11]",18000.0,1.0,3.872983346207417,0.0,0.05263157894736842,0.23145502494313788
yp3wc,Confirmation,11,12,0.0,C,V,F major,(111000),1,1,1,0,0,0,3,3-2B,3,4,"[7, 9, 10]","[7, 9, 10]",22000.0,1.5,2.0,0.0,0.07894736842105263,0.11952286093343936
yp3wc,Confirmation,12,13,0.0,B-,IV,F major,(011010),0,1,1,0,1,0,3,3-7B,3,6,"[5, 8, 10]","[0, 7, 10]",24000.0,0.5,1.4142135623730951,0.0,0.02631578947368421,0.08451542547285167
yp3wc,Confirmation,13,14,0.0,A,III,F major,(001110),0,0,1,1,1,0,3,3-11B,3,3,"[3, 7, 10]","[1, 6, 10]",26000.0,0.0,1.4142135623730951,0.0,0.0,0.08451542547285167
yp3wc,Confirmation,14,15,0.0,G,II,F major,(111000),1,1,1,0,0,0,3,3-2B,3,6,"[7, 9, 10]","[0, 2, 3]",28000.0,1.5,2.0,0.0,0.07894736842105263,0.11952286093343936
yp3wc,Confirmation,15,15,2.0,C,V,F major,(102210),1,0,2,2,1,0,6,4-17,4,4,"[0, 5, 8, 9]","[0, 5, 8, 9]",29000.0,1.0,2.6457513110645907,0.057692307692307696,0.05263157894736842,0.15811388300841897
yp3wc,Confirmation,16,17,0.0,C,V,F major,(101310),1,0,1,3,1,0,6,4-19A,4,7,"[0, 3, 7, 11]","[0, 3, 7, 11]",32000.0,1.0,1.4142135623730951,0.057692307692307696,0.05263157894736842,0.08451542547285167
yp3wc,Confirmation,17,18,0.0,C,V,F major,(012120),0,1,2,1,2,0,6,4-26,4,5,"[0, 3, 7, 10]","[0, 3, 7, 10]",34000.0,0.5,2.8284271247461903,0.057692307692307696,0.02631578947368421,0.16903085094570333
yp3wc,Confirmation,18,18,2.0,F,I,F major,(112011),1,1,2,0,1,1,6,4-13A,4,4,"[5, 6, 8, 11]","[0, 1, 3, 6]",35000.0,2.3,2.0,0.057692307692307696,0.12105263157894736,0.11952286093343936
yp3wc,Confirmation,19,19,0.0,B-,IV,F major,(020100),0,2,0,1,0,0,3,3-6,3,5,"[5, 7, 9]","[7, 9, 11]",36000.0,1.0,3.0,0.0,0.05263157894736842,0.17928429140015903
yp3wc,Confirmation,20,21,0.0,E-,bVII,F major,(545752),5,4,5,7,5,2,28,8-19A,8,10,"[0, 1, 4, 5, 6, 8, 9, 10]","[1, 2, 3, 5, 6, 7, 9, 10]",40000.0,8.6,10.908712114635714,0.4807692307692308,0.4526315789473684,0.6519202405202649
yp3wc,Confirmation,21,22,0.0,A-,bIII,F major,(121110),1,2,1,1,1,0,6,4-11A,4,7,"[3, 4, 6, 8]","[0, 7, 8, 10]",42000.0,2.0,9.591663046625438,0.057692307692307696,0.10526315789473684,0.5732115042211108
yp3wc,Confirmation,22,23,0.0,D-,bVI,F major,(354351),3,5,4,3,5,1,21,7-23B,7,8,"[0, 1, 2, 3, 5, 8, 10]","[0, 1, 2, 4, 7, 9, 11]",44000.0,6.3,6.557438524302,0.34615384615384615,0.33157894736842103,0.3918819064098629
yp3wc,Confirmation,23,24,0.0,G,II,F major,(010101),0,1,0,1,0,1,3,3-8B,3,3,"[1, 5, 7]","[0, 6, 10]",46000.0,1.3,8.366600265340756,0.0,0.06842105263157895,0.5
yp3wc,Confirmation,24,24,2.0,C,V,F major,(101310),1,0,1,3,1,0,6,4-19A,4,4,"[0, 1, 4, 8]","[0, 1, 4, 8]",47000.0,1.0,3.0,0.057692307692307696,0.05263157894736842,0.17928429140015903
yp3wc,Confirmation,25,25,0.0,F,I,F major,(322332),3,2,2,3,3,2,15,6-43A,6,6,"[0, 4, 5, 6, 9, 10]","[0, 1, 4, 5, 7, 11]",48000.0,5.6,4.123105625617661,0.23076923076923078,0.29473684210526313,0.24640269015229058
yp3wc,Confirmation,26,26,0.0,E,VII,F major,(001110),0,0,1,1,1,0,3,3-11A,3,4,"[2, 7, 10]","[3, 6, 10]",50000.0,0.0,5.0990195135927845,0.0,0.0,0.304724700110022
yp3wc,Confirmation,27,26,2.0,A,III,F major,(010101),0,1,0,1,0,1,3,3-8A,3,3,"[1, 7, 9]","[0, 4, 10]",51000.0,1.3,2.0,0.0,0.06842105263157895,0.11952286093343936
yp3wc,Confirmation,28,28,0.0,C,V,F major,(111000),1,1,1,0,0,0,3,3-2B,3,4,"[7, 9, 10]","[7, 9, 10]",54000.0,1.5,2.0,0.0,0.07894736842105263,0.11952286093343936
yp3wc,Confirmation,29,29,0.0,B-,IV,F major,(112011),1,1,2,0,1,1,6,4-13B,4,6,"[5, 8, 10, 11]","[0, 1, 7, 10]",56000.0,2.3,1.7320508075688772,0.057692307692307696,0.12105263157894736,0.10350983390135313
yp3wc,Confirmation,30,30,0.0,A,III,F major,(020100),0,2,0,1,0,0,3,3-6,3,3,"[0, 8, 10]","[1, 3, 11]",58000.0,1.0,3.0,0.0,0.05263157894736842,0.17928429140015903
yp3wc,Confirmation,31,30,2.0,D,VI,F major,(101310),1,0,1,3,1,0,6,4-19A,4,4,"[1, 2, 5, 9]","[0, 3, 7, 11]",59000.0,1.0,3.3166247903554,0.057692307692307696,0.05263157894736842,0.19820624179302296
yp3wc,Confirmation,32,31,0.0,G,II,F major,(001110),0,0,1,1,1,0,3,3-11A,3,4,"[2, 5, 9]","[2, 7, 10]",60000.0,0.0,2.23606797749979,0.0,0.0,0.1336306209562122
yp3wc,Confirmation,33,32,0.0,F,I,F major,(111111),1,1,1,1,1,1,6,4-29A,4,4,"[4, 5, 7, 11]","[0, 2, 6, 11]",62000.0,2.3,1.7320508075688772,0.057692307692307696,0.12105263157894736,0.10350983390135313
yp3wc,Confirmation,34,33,0.0,F,I,F major,(444441),4,4,4,4,4,1,21,7-11A,7,8,"[0, 1, 2, 3, 5, 9, 10]","[0, 4, 5, 7, 8, 9, 10]",64000.0,6.8,6.708203932499369,0.34615384615384615,0.35789473684210527,0.4008918628686366
yp3wc,Confirmation,35,34,0.0,E,VII,F major,(010101),0,1,0,1,0,1,3,3-8B,3,3,"[2, 4, 10]","[0, 6, 10]",66000.0,1.3,8.12403840463596,0.0,0.06842105263157895,0.4855041562276123
yp3wc,Confirmation,36,34,2.0,A,III,F major,(112011),1,1,2,0,1,1,6,4-13A,4,4,"[1, 7, 8, 10]","[1, 4, 10, 11]",67000.0,2.3,2.6457513110645907,0.057692307692307696,0.12105263157894736,0.15811388300841897
yp3wc,Confirmation,37,35,0.0,D,VI,F major,(001110),0,0,1,1,1,0,3,3-11A,3,3,"[2, 5, 9]","[0, 3, 7]",68000.0,0.0,2.23606797749979,0.0,0.0,0.1336306209562122
yp3wc,Confirmation,38,36,0.0,C,V,F major,(232341),2,3,2,3,4,1,15,6-48,6,7,"[0, 1, 2, 5, 7, 9]","[0, 1, 2, 5, 7, 9]",70000.0,4.3,5.291502622129181,0.23076923076923078,0.2263157894736842,0.31622776601683794
yp3wc,Confirmation,39,36,2.0,F,I,F major,(122010),1,2,2,0,1,0,6,4-10,4,4,"[0, 2, 3, 5]","[0, 7, 9, 10]",71000.0,2.0,4.58257569495584,0.057692307692307696,0.10526315789473684,0.27386127875258304
yp3wc,Confirmation,40,37,0.0,B-,IV,F major,(132130),1,3,2,1,3,0,10,5-23A,5,7,"[0, 5, 7, 8, 10]","[0, 2, 7, 9, 10]",72000.0,2.5,2.449489742783178,0.1346153846153846,0.13157894736842105,0.14638501094227996
yp3wc,Confirmation,41,38,0.0,A,III,F major,(212100),2,1,2,1,0,0,6,4-3,4,5,"[6, 7, 9, 10]","[0, 1, 9, 10]",74000.0,2.5,3.7416573867739413,0.057692307692307696,0.13157894736842105,0.22360679774997896
yp3wc,Confirmation,42,38,2.0,D,VI,F major,(111000),1,1,1,0,0,0,3,3-2A,3,4,"[0, 1, 3]","[1, 10, 11]",75000.0,1.5,1.7320508075688772,0.0,0.07894736842105263,0.10350983390135313
yp3wc,Confirmation,43,39,0.0,G,II,F major,(333231),3,3,3,2,3,1,15,6-40A,6,9,"[0, 2, 5, 9, 10, 11]","[2, 3, 4, 5, 7, 10]",76000.0,5.3,5.0990195135927845,0.23076923076923078,0.2789473684210526,0.304724700110022
yp3wc,Confirmation,44,40,0.0,E,VII,F major,(111000),1,1,1,0,0,0,3,3-2B,3,3,"[5, 7, 8]","[1, 3, 4]",78000.0,1.5,5.0990195135927845,0.0,0.07894736842105263,0.304724700110022
yp3wc,Confirmation,45,40,2.0,C,V,F major,(032221),0,3,2,2,2,1,10,5-34,5,5,"[0, 2, 4, 7, 10]","[0, 2, 4, 7, 10]",79000.0,2.3,3.872983346207417,0.1346153846153846,0.12105263157894736,0.23145502494313788
yp3wc,Confirmation,46,41,0.0,F,I,F major,(121110),1,2,1,1,1,0,6,4-11B,4,5,"[0, 2, 4, 5]","[0, 7, 9, 11]",80000.0,2.0,2.449489742783178,0.057692307692307696,0.10526315789473684,0.14638501094227996
yp3wc,Confirmation,47,42,0.0,E,VII,F major,(223111),2,2,3,1,1,1,10,5-10B,5,7,"[1, 3, 4, 6, 7]","[0, 2, 3, 9, 11]",82000.0,3.8,2.449489742783178,0.1346153846153846,0.19999999999999998,0.14638501094227996
yp3wc,Confirmation,48,42,2.0,A,III,F major,(143241),1,4,3,2,4,1,15,6-33B,6,8,"[1, 2, 4, 7, 9, 11]","[0, 2, 4, 5, 7, 10]",83000.0,3.8,3.872983346207417,0.23076923076923078,0.19999999999999998,0.23145502494313788
yp3wc,Confirmation,49,43,0.0,D,VI,F major,(335442),3,3,5,4,4,2,21,7-32A,7,8,"[1, 2, 4, 5, 7, 9, 10]","[0, 2, 3, 5, 7, 8, 11]",84000.0,6.1,3.7416573867739413,0.34615384615384615,0.32105263157894737,0.22360679774997896
yp3wc,Confirmation,50,43,2.0,G,II,F major,(335442),3,3,5,4,4,2,21,7-32A,7,8,"[1, 2, 4, 5, 7, 9, 10]","[0, 2, 3, 6, 7, 9, 10]",85000.0,6.1,0.0,0.34615384615384615,0.32105263157894737,0.0
yp3wc,Confirmation,51,44,0.0,C,V,F major,(344352),3,4,4,3,5,2,21,7-29A,7,7,"[0, 3, 4, 5, 7, 9, 10]","[0, 3, 4, 5, 7, 9, 10]",86000.0,6.6,2.0,0.34615384615384615,0.34736842105263155,0.11952286093343936
yp3wc,Confirmation,52,45,0.0,B-,IV,F major,(212320),2,1,2,3,2,0,10,5-37,5,6,"[0, 1, 2, 5, 9]","[2, 3, 4, 7, 11]",88000.0,2.5,5.196152422706632,0.1346153846153846,0.13157894736842105,0.3105295017040594
yp3wc,Confirmation,53,46,0.0,A,III,F major,(122010),1,2,2,0,1,0,6,4-10,4,5,"[0, 7, 9, 10]","[0, 1, 3, 10]",90000.0,2.0,3.4641016151377544,0.057692307692307696,0.10526315789473684,0.20701966780270625
yp3wc,Confirmation,54,46,2.0,D,VI,F major,(112011),1,1,2,0,1,1,6,4-13A,4,4,"[0, 1, 3, 6]","[1, 4, 10, 11]",91000.0,2.3,1.4142135623730951,0.057692307692307696,0.12105263157894736,0.08451542547285167
yp3wc,Confirmation,55,47,0.0,G,II,F major,(111120),1,1,1,1,2,0,6,4-14A,4,4,"[2, 7, 9, 10]","[0, 2, 3, 7]",92000.0,1.5,2.0,0.057692307692307696,0.07894736842105263,0.11952286093343936
yp3wc,Confirmation,56,47,2.0,C,V,F major,(101220),1,0,1,2,2,0,6,4-20,4,4,"[0, 4, 5, 9]","[0, 4, 5, 9]",93000.0,1.0,1.4142135623730951,0.057692307692307696,0.05263157894736842,0.08451542547285167
yp3wc,Confirmation,57,48,0.0,F,I,F major,(465562),4,6,5,5,6,2,28,8-22A,8,12,"[0, 2, 3, 5, 7, 9, 10, 11]","[0, 2, 4, 5, 6, 7, 9, 10]",94000.0,8.6,9.486832980505138,0.4807692307692308,0.4526315789473684,0.5669467095138409
yp3wc,Confirmation,58,49,0.0,C,V,F major,(020100),0,2,0,1,0,0,3,3-6,3,7,"[0, 2, 10]","[0, 2, 10]",96000.0,1.0,10.63014581273465,0.0,0.05263157894736842,0.6352727198388332
yp3wc,Confirmation,59,50,0.0,F,I,F major,(556453),5,5,6,4,5,3,28,8-13A,8,9,"[0, 3, 4, 5, 6, 7, 9, 10]","[0, 1, 2, 4, 5, 7, 10, 11]",98000.0,9.9,10.63014581273465,0.4807692307692308,0.5210526315789474,0.6352727198388332
yp3wc,Confirmation,60,51,0.0,B-,IV,F major,(233241),2,3,3,2,4,1,15,6-25A,6,9,"[0, 2, 3, 5, 9, 10]","[0, 2, 4, 5, 7, 11]",100000.0,4.3,5.5677643628300215,0.23076923076923078,0.2263157894736842,0.33273756282434613
yp3wc,Confirmation,61,53,0.0,E-,bVII,F major,(123121),1,2,3,1,2,1,10,5-25A,5,6,"[0, 1, 3, 6, 10]","[0, 3, 7, 9, 10]",104000.0,2.8,2.6457513110645907,0.1346153846153846,0.14736842105263157,0.15811388300841897
yp3wc,Confirmation,62,54,0.0,A-,bIII,F major,(132130),1,3,2,1,3,0,10,5-23A,5,7,"[0, 1, 3, 5, 10]","[2, 4, 5, 7, 9]",106000.0,2.5,2.0,0.1346153846153846,0.13157894736842105,0.11952286093343936
yp3wc,Confirmation,63,55,0.0,D-,bVI,F major,(021120),0,2,1,1,2,0,6,4-22B,4,7,"[0, 5, 8, 10]","[4, 7, 9, 11]",108000.0,1.0,2.0,0.057692307692307696,0.05263157894736842,0.11952286093343936
yp3wc,Confirmation,64,56,0.0,G,II,F major,(101310),1,0,1,3,1,0,6,4-19A,4,4,"[2, 6, 7, 10]","[0, 3, 7, 11]",110000.0,1.0,3.1622776601683795,0.057692307692307696,0.05263157894736842,0.18898223650461363
yp3wc,Confirmation,65,56,2.0,C,V,F major,(100110),1,0,0,1,1,0,3,3-4B,3,3,"[0, 4, 5]","[0, 4, 5]",111000.0,1.0,2.23606797749979,0.0,0.05263157894736842,0.1336306209562122
yp3wc,Confirmation,66,57,0.0,F,I,F major,(122230),1,2,2,2,3,0,10,5-27A,5,5,"[0, 2, 5, 9, 10]","[0, 4, 5, 7, 9]",112000.0,2.0,3.605551275463989,0.1346153846153846,0.10526315789473684,0.21547290184283363
yp3wc,Confirmation,67,58,0.0,E,VII,F major,(121110),1,2,1,1,1,0,6,4-11B,4,5,"[2, 4, 6, 7]","[0, 2, 3, 10]",114000.0,2.0,2.449489742783178,0.057692307692307696,0.10526315789473684,0.14638501094227996
yp3wc,Confirmation,68,58,2.0,A,III,F major,(112011),1,1,2,0,1,1,6,4-13A,4,4,"[1, 7, 8, 10]","[1, 4, 10, 11]",115000.0,2.3,2.0,0.057692307692307696,0.12105263157894736,0.11952286093343936
yp3wc,Confirmation,69,59,0.0,D,VI,F major,(112011),1,1,2,0,1,1,6,4-13B,4,4,"[0, 2, 3, 9]","[0, 1, 7, 10]",116000.0,2.3,0.0,0.057692307692307696,0.12105263157894736,0.0
yp3wc,Confirmation,70,61,0.0,B-,IV,F major,(453432),4,5,3,4,3,2,21,7-9B,7,8,"[0, 1, 5, 7, 9, 10, 11]","[0, 1, 2, 3, 7, 9, 11]",120000.0,8.1,6.855654600401044,0.34615384615384615,0.4263157894736842,0.4097037257057139
yp3wc,Confirmation,71,62,0.0,A,III,F major,(004002),0,0,4,0,0,2,6,4-28,4,4,"[0, 3, 6, 9]","[0, 3, 6, 9]",122000.0,1.6,8.18535277187245,0.057692307692307696,0.08421052631578947,0.48916839052182665
yp3wc,Confirmation,72,62,2.0,D,VI,F major,(111120),1,1,1,1,2,0,6,4-14A,4,4,"[2, 7, 9, 10]","[0, 5, 7, 8]",123000.0,1.5,4.47213595499958,0.057692307692307696,0.07894736842105263,0.2672612419124244
yp3wc,Confirmation,73,63,0.0,G,II,F major,(122230),1,2,2,2,3,0,10,5-27A,5,5,"[0, 2, 5, 9, 10]","[2, 3, 5, 7, 10]",124000.0,2.0,2.0,0.1346153846153846,0.10526315789473684,0.11952286093343936
yp3wc,Confirmation,74,63,2.0,C,V,F major,(321000),3,2,1,0,0,0,6,4-1,4,5,"[0, 9, 10, 11]","[0, 9, 10, 11]",125000.0,4.0,4.242640687119285,0.057692307692307696,0.21052631578947367,0.25354627641855493
yp3wc,Confirmation,75,64,0.0,F,I,F major,(032140),0,3,2,1,4,0,10,5-35,5,6,"[0, 2, 4, 7, 9]","[2, 4, 7, 9, 11]",126000.0,1.5,5.291502622129181,0.1346153846153846,0.07894736842105263,0.31622776601683794
yp3wc,Confirmation,76,66,2.0,A,III,F major,(121110),1,2,1,1,1,0,6,4-11B,4,5,"[2, 4, 6, 7]","[5, 7, 9, 10]",131000.0,2.0,3.4641016151377544,0.057692307692307696,0.10526315789473684,0.20701966780270625
yp3wc,Confirmation,77,67,0.0,D,VI,F major,(112011),1,1,2,0,1,1,6,4-13A,4,4,"[1, 7, 8, 10]","[5, 6, 8, 11]",132000.0,2.3,2.0,0.057692307692307696,0.12105263157894736,0.11952286093343936
yp3wc,Confirmation,78,67,2.0,G,II,F major,(111000),1,1,1,0,0,0,3,3-2B,3,4,"[6, 8, 9]","[1, 2, 11]",133000.0,1.5,1.7320508075688772,0.0,0.07894736842105263,0.10350983390135313
yp3wc,Confirmation,79,68,0.0,C,V,F major,(221100),2,2,1,1,0,0,6,4-2A,4,4,"[3, 4, 5, 7]","[3, 4, 5, 7]",134000.0,3.0,1.7320508075688772,0.057692307692307696,0.15789473684210525,0.10350983390135313
yp3wc,Confirmation,80,68,2.0,F,I,F major,(122010),1,2,2,0,1,0,6,4-10,4,4,"[0, 2, 3, 5]","[0, 7, 9, 10]",135000.0,2.0,2.0,0.057692307692307696,0.10526315789473684,0.11952286093343936
yp3wc,Confirmation,81,69,0.0,B-,IV,F major,(321000),3,2,1,0,0,0,6,4-1,4,6,"[1, 2, 3, 4]","[3, 4, 5, 6]",136000.0,4.0,2.449489742783178,0.057692307692307696,0.21052631578947367,0.14638501094227996
yp3wc,Confirmation,82,70,0.0,A,III,F major,(122010),1,2,2,0,1,0,6,4-10,4,4,"[0, 7, 9, 10]","[0, 1, 3, 10]",138000.0,2.0,2.449489742783178,0.057692307692307696,0.10526315789473684,0.14638501094227996
yp3wc,Confirmation,83,70,2.0,D,VI,F major,(012111),0,1,2,1,1,1,6,4-27A,4,4,"[0, 4, 6, 9]","[2, 4, 7, 10]",139000.0,1.3,2.0,0.057692307692307696,0.06842105263157895,0.11952286093343936
yp3wc,Confirmation,84,71,0.0,G,II,F major,(332110),3,3,2,1,1,0,10,5-2B,5,7,"[1, 2, 3, 4, 11]","[4, 6, 7, 8, 9]",140000.0,4.5,3.7416573867739413,0.1346153846153846,0.23684210526315788,0.22360679774997896
yp3wc,Confirmation,85,72,0.0,G,II,F major,(210000),2,1,0,0,0,0,3,3-1,3,3,"[7, 8, 9]","[0, 1, 2]",142000.0,2.5,3.3166247903554,0.0,0.13157894736842105,0.19820624179302296
yp3wc,Confirmation,86,72,2.0,C,V,F major,(121321),1,2,1,3,2,1,10,5-30A,5,6,"[0, 2, 6, 7, 10]","[0, 2, 6, 7, 10]",143000.0,2.8,4.123105625617661,0.1346153846153846,0.14736842105263157,0.24640269015229058
yp3wc,Confirmation,87,73,0.0,F,I,F major,(132130),1,3,2,1,3,0,10,5-23A,5,6,"[0, 2, 7, 9, 10]","[2, 4, 5, 7, 9]",144000.0,2.5,2.8284271247461903,0.1346153846153846,0.13157894736842105,0.16903085094570333
yp3wc,Confirmation,88,74,2.0,A,III,F major,(432100),4,3,2,1,0,0,10,5-1,5,5,"[6, 7, 8, 9, 10]","[0, 1, 9, 10, 11]",147000.0,5.5,4.242640687119285,0.1346153846153846,0.2894736842105263,0.25354627641855493
yp3wc,Confirmation,89,75,0.0,D,VI,F major,(432100),4,3,2,1,0,0,10,5-1,5,8,"[1, 2, 3, 4, 5]","[0, 1, 2, 3, 11]",148000.0,5.5,0.0,0.1346153846153846,0.2894736842105263,0.0
yp3wc,Confirmation,90,76,0.0,C,V,F major,(122230),1,2,2,2,3,0,10,5-27B,5,6,"[0, 2, 3, 7, 10]","[0, 2, 3, 7, 10]",150000.0,2.0,4.47213595499958,0.1346153846153846,0.10526315789473684,0.2672612419124244
yp3wc,Confirmation,91,76,2.0,F,I,F major,(654321),6,5,4,3,2,1,21,7-1,7,7,"[0, 1, 2, 3, 4, 5, 11]","[0, 6, 7, 8, 9, 10, 11]",151000.0,9.3,6.4031242374328485,0.34615384615384615,0.48947368421052634,0.38265986388511064
yp3wc,Confirmation,92,77,0.0,B-,IV,F major,(132130),1,3,2,1,3,0,10,5-23B,5,10,"[0, 5, 7, 9, 10]","[0, 2, 7, 9, 11]",152000.0,2.5,6.244997998398398,0.1346153846153846,0.13157894736842105,0.37321001364608947
yp3wc,Confirmation,93,78,0.0,A,III,F major,(004002),0,0,4,0,0,2,6,4-28,4,4,"[0, 3, 6, 9]","[0, 3, 6, 9]",154000.0,1.6,5.291502622129181,0.057692307692307696,0.08421052631578947,0.31622776601683794
yp3wc,Confirmation,94,78,2.0,D,VI,F major,(221100),2,2,1,1,0,0,6,4-2B,4,4,"[0, 1, 2, 10]","[0, 8, 10, 11]",155000.0,3.0,4.69041575982343,0.057692307692307696,0.15789473684210525,0.2803059552906941
yp3wc,Confirmation,95,79,0.0,G,II,F major,(221100),2,2,1,1,0,0,6,4-2B,4,4,"[7, 9, 10, 11]","[0, 2, 3, 4]",156000.0,3.0,0.0,0.057692307692307696,0.15789473684210525,0.0
yp3wc,Confirmation,96,80,0.0,F,I,F major,(111000),1,1,1,0,0,0,3,3-2B,3,3,"[0, 2, 3]","[7, 9, 10]",158000.0,1.5,1.7320508075688772,0.0,0.07894736842105263,0.10350983390135313
yp3wc,Confirmation,97,81,0.0,C,V,F major,(122230),1,2,2,2,3,0,10,5-27B,5,7,"[0, 2, 3, 7, 10]","[0, 2, 3, 7, 10]",160000.0,2.0,3.872983346207417,0.1346153846153846,0.10526315789473684,0.23145502494313788
yp3wc,Confirmation,98,82,0.0,C,V,F major,(004002),0,0,4,0,0,2,6,4-28,4,4,"[0, 3, 6, 9]","[0, 3, 6, 9]",162000.0,1.6,5.0990195135927845,0.057692307692307696,0.08421052631578947,0.304724700110022
yp3wc,Confirmation,99,82,2.0,F,I,F major,(122010),1,2,2,0,1,0,6,4-10,4,4,"[0, 2, 3, 5]","[0, 7, 9, 10]",163000.0,2.0,3.7416573867739413,0.057692307692307696,0.10526315789473684,0.22360679774997896
yp3wc,Confirmation,100,83,0.0,B-,IV,F major,(123121),1,2,3,1,2,1,10,5-25A,5,8,"[0, 3, 7, 9, 10]","[0, 2, 5, 9, 11]",164000.0,2.8,2.0,0.1346153846153846,0.14736842105263157,0.11952286093343936
yp3wc,Confirmation,101,85,0.0,E-,bVII,F major,(122230),1,2,2,2,3,0,10,5-27B,5,9,"[1, 3, 5, 6, 10]","[0, 2, 3, 7, 10]",168000.0,2.0,2.0,0.1346153846153846,0.10526315789473684,0.11952286093343936
yp3wc,Confirmation,102,86,0.0,A-,bIII,F major,(332232),3,3,2,2,3,2,15,6-41B,6,9,"[0, 4, 6, 9, 10, 11]","[1, 2, 3, 4, 8, 10]",170000.0,6.1,3.0,0.23076923076923078,0.32105263157894737,0.17928429140015903
yp3wc,Confirmation,103,87,0.0,D-,bVI,F major,(343542),3,4,3,5,4,2,21,7-30A,7,10,"[0, 1, 4, 5, 6, 8, 10]","[0, 3, 4, 5, 7, 9, 11]",172000.0,6.6,3.4641016151377544,0.34615384615384615,0.34736842105263155,0.20701966780270625
yp3wc,Confirmation,104,88,0.0,G,II,F major,(212100),2,1,2,1,0,0,6,4-3,4,6,"[4, 5, 7, 8]","[0, 1, 9, 10]",174000.0,2.5,6.855654600401044,0.057692307692307696,0.13157894736842105,0.4097037257057139
yp3wc,Confirmation,105,88,2.0,C,V,F major,(111000),1,1,1,0,0,0,3,3-2B,3,4,"[0, 1, 10]","[0, 1, 10]",175000.0,1.5,1.7320508075688772,0.0,0.07894736842105263,0.10350983390135313
yp3wc,Confirmation,106,89,0.0,F,I,F major,(032140),0,3,2,1,4,0,10,5-35,5,7,"[0, 2, 5, 7, 9]","[0, 2, 4, 7, 9]",176000.0,1.5,4.795831523312719,0.1346153846153846,0.07894736842105263,0.2866057521105554
yp3wc,Confirmation,107,90,0.0,E,VII,F major,(011010),0,1,1,0,1,0,3,3-7A,3,3,"[2, 4, 7]","[0, 3, 10]",178000.0,0.5,3.872983346207417,0.0,0.02631578947368421,0.23145502494313788
yp3wc,Confirmation,108,90,2.0,A,III,F major,(122010),1,2,2,0,1,0,6,4-10,4,5,"[0, 7, 9, 10]","[0, 1, 3, 10]",179000.0,2.0,1.7320508075688772,0.057692307692307696,0.10526315789473684,0.10350983390135313
yp3wc,Confirmation,109,91,0.0,D,VI,F major,(122010),1,2,2,0,1,0,6,4-10,4,4,"[0, 2, 3, 5]","[0, 1, 3, 10]",180000.0,2.0,0.0,0.057692307692307696,0.10526315789473684,0.0
yp3wc,Confirmation,110,92,2.0,F,I,F major,(111000),1,1,1,0,0,0,3,3-2B,3,3,"[5, 7, 8]","[0, 2, 3]",183000.0,1.5,1.7320508075688772,0.0,0.07894736842105263,0.10350983390135313
yp3wc,Confirmation,111,93,0.0,B-,IV,F major,(032221),0,3,2,2,2,1,10,5-34,5,9,"[0, 2, 5, 8, 10]","[0, 2, 4, 7, 10]",184000.0,2.3,3.872983346207417,0.1346153846153846,0.12105263157894736,0.23145502494313788
yp3wc,Confirmation,112,94,0.0,A,III,F major,(212100),2,1,2,1,0,0,6,4-3,4,5,"[6, 7, 9, 10]","[0, 1, 9, 10]",186000.0,2.5,3.7416573867739413,0.057692307692307696,0.13157894736842105,0.22360679774997896
yp3wc,Confirmation,113,94,2.0,D,VI,F major,(111000),1,1,1,0,0,0,3,3-2A,3,4,"[0, 1, 3]","[1, 10, 11]",187000.0,1.5,1.7320508075688772,0.0,0.07894736842105263,0.10350983390135313
yp3wc,Confirmation,114,95,0.0,G,II,F major,(111120),1,1,1,1,2,0,6,4-14A,4,4,"[2, 7, 9, 10]","[0, 2, 3, 7]",188000.0,1.5,2.23606797749979,0.057692307692307696,0.07894736842105263,0.1336306209562122
yp3wc,Confirmation,115,95,2.0,C,V,F major,(101220),1,0,1,2,2,0,6,4-20,4,4,"[0, 4, 5, 9]","[0, 4, 5, 9]",189000.0,1.0,1.4142135623730951,0.057692307692307696,0.05263157894736842,0.08451542547285167
yp3wc,Confirmation,116,96,0.0,F,I,F major,(555553),5,5,5,5,5,3,28,8-15B,8,11,"[0, 1, 4, 5, 7, 9, 10, 11]","[0, 2, 4, 5, 6, 7, 8, 11]",190000.0,9.9,9.16515138991168,0.4807692307692308,0.5210526315789474,0.5477225575051661
yp3wc,Confirmation,117,97,0.0,F,I,F major,(111120),1,1,1,1,2,0,6,4-14B,4,4,"[0, 5, 9, 10]","[0, 4, 5, 7]",192000.0,1.5,9.055385138137417,0.057692307692307696,0.07894736842105263,0.5411627692821661
