phrase_id,tune,tune_id,start_segment_idx,end_segment_idx,segment_count,start_measure,end_measure,start_timestamp_ms,end_timestamp_ms,duration_ms,mean_iv_sum,max_iv_sum,min_iv_sum,std_iv_sum,mean_dissonance,std_dissonance,mean_iv_distance,rest_duration_quarters
0,Barbados,1p64c,0,0,1,1,1,0.0,0.0,0.0,6.0,6,6,,2.0,,0.0,0.5
1,Barbados,1p64c,1,4,4,2,4,2000.0,6000.0,4000.0,6.75,15,3,5.678908345800274,2.15,1.1387127235025813,3.522737437777388,0.5
2,Barbados,1p64c,5,6,2,4,5,7000.0,8000.0,1000.0,6.0,6,6,0.0,1.9,0.5656854249492379,1.4142135623730951,1.0
3,Barbados,1p64c,7,7,1,6,6,10000.0,10000.0,0.0,15.0,15,15,,3.8,,4.358898943540674,1.0
4,Barbados,1p64c,8,8,1,8,8,14000.0,14000.0,0.0,3.0,3,3,,1.5,,5.830951894845301,0.5
5,Barbados,1p64c,9,9,1,9,9,16000.0,16000.0,0.0,10.0,10,10,,2.5,,3.872983346207417,0.5
6,Barbados,1p64c,10,11,2,10,11,18000.0,20000.0,2000.0,4.5,6,3,2.1213203435596424,1.65,0.49497474683058323,3.297483460520232,0.5
7,Barbados,1p64c,12,12,1,12,12,22000.0,22000.0,0.0,3.0,3,3,,1.5,,1.7320508075688772,0.5
8,Barbados,1p64c,13,14,2,12,13,23000.0,24000.0,1000.0,6.0,6,6,0.0,2.0,0.0,1.5731321849709863,0.5
9,Barbados,1p64c,15,18,4,14,16,26000.0,30000.0,4000.0,6.75,15,3,5.678908345800274,2.15,1.1387127235025813,3.522737437777388,0.5
10,Barbados,1p64c,19,20,2,16,17,31000.0,32000.0,1000.0,6.0,6,6,0.0,1.9,0.5656854249492379,1.4142135623730951,1.0
11,Barbados,1p64c,21,21,1,18,18,34000.0,34000.0,0.0,15.0,15,15,,3.8,,4.358898943540674,1.0
12,Barbados,1p64c,22,22,1,20,20,38000.0,38000.0,0.0,3.0,3,3,,1.5,,5.830951894845301,0.5
13,Barbados,1p64c,23,23,1,21,21,40000.0,40000.0,0.0,10.0,10,10,,2.5,,3.872983346207417,0.5
14,Barbados,1p64c,24,25,2,22,23,42000.0,44000.0,2000.0,4.5,6,3,2.1213203435596424,1.65,0.49497474683058323,3.297483460520232,0.5
15,Barbados,1p64c,26,26,1,24,24,46000.0,46000.0,0.0,3.0,3,3,,1.5,,1.7320508075688772,0.5
16,Barbados,1p64c,27,31,5,24,27,47000.0,52000.0,5000.0,7.6,10,6,2.1908902300206643,1.6600000000000001,0.6542170893518451,2.3846395874251995,1.0
17,Barbados,1p64c,32,32,1,28,28,54000.0,54000.0,0.0,6.0,6,6,,0.5,,0.0,0.5
18,Barbados,1p64c,33,34,2,28,29,55000.0,56000.0,1000.0,6.0,6,6,0.0,3.0,1.4142135623730951,3.224744871391589,4.0
19,Barbados,1p64c,35,35,1,31,31,60000.0,60000.0,0.0,15.0,15,15,,4.3,,4.58257569495584,1.0
20,Barbados,1p64c,36,36,1,32,32,62000.0,62000.0,0.0,6.0,6,6,,2.0,,4.123105625617661,0.5
21,Barbados,1p64c,37,38,2,32,33,63000.0,64000.0,1000.0,19.5,36,3,23.33452377915607,7.2,8.061017305526642,7.739888946218199,1.0
22,Barbados,1p64c,39,41,3,34,36,66000.0,71000.0,5000.0,22.333333333333332,36,3,17.21433511156714,7.433333333333334,5.352880844305553,7.187310782619732,1.0
23,Barbados,1p64c,42,43,2,38,39,74000.0,76000.0,2000.0,10.5,15,6,6.363961030678928,3.15,0.21213203435596414,6.1126516724729445,0.5
24,Barbados,1p64c,44,44,1,40,40,78000.0,78000.0,0.0,10.0,10,10,,2.8,,2.8284271247461903,2.0
25,Barbados,1p64c,45,45,1,42,42,82000.0,82000.0,0.0,15.0,15,15,,4.3,,2.23606797749979,0.6666666666666666
26,Barbados,1p64c,46,47,2,43,44,84000.0,86000.0,2000.0,4.5,6,3,2.1213203435596424,0.75,0.3535533905932738,4.151302780278486,0.5
27,Barbados,1p64c,48,50,3,44,46,87000.0,90000.0,3000.0,11.0,21,6,8.660254037844387,3.1333333333333333,3.4961884007206097,4.42188081893379,0.5
28,Barbados,1p64c,51,51,1,47,47,92000.0,92000.0,0.0,3.0,3,3,,1.0,,3.3166247903554,0.0
29,Laird Baird,2RfYc,0,0,1,2,2,2000.0,2000.0,0.0,3.0,3,3,,0.0,,0.0,0.5
30,Laird Baird,2RfYc,1,3,3,3,4,4000.0,6000.0,2000.0,6.333333333333333,10,3,3.5118845842842465,1.9333333333333333,1.721433511156714,3.4201306813486503,0.5
31,Laird Baird,2RfYc,4,6,3,5,6,8000.0,10000.0,2000.0,9.0,15,6,5.196152422706632,2.4666666666666663,1.2583057392117916,3.7834682101960695,1.0
32,Laird Baird,2RfYc,7,7,1,7,7,12000.0,12000.0,0.0,10.0,10,10,,3.8,,3.872983346207417,1.0
33,Laird Baird,2RfYc,8,9,2,8,9,14000.0,16000.0,2000.0,13.5,21,6,10.606601717798213,4.05,4.313351365237939,5.0861527738185615,1.0
34,Laird Baird,2RfYc,10,12,3,10,12,18000.0,22000.0,4000.0,19.666666666666668,28,10,9.073771725877465,7.233333333333333,2.8023799409311603,4.556938041370358,2.0
35,Laird Baird,2RfYc,13,13,1,14,14,26000.0,26000.0,0.0,21.0,21,21,,8.6,,4.795831523312719,0.5
36,Laird Baird,2RfYc,14,15,2,15,15,28000.0,29000.0,1000.0,3.0,3,3,0.0,1.5,0.0,3.8078865529319543,0.5
37,Laird Baird,2RfYc,16,17,2,16,17,30000.0,32000.0,2000.0,4.5,6,3,2.1213203435596424,0.75,1.0606601717798212,1.9840593925343335,1.0
38,Laird Baird,2RfYc,18,20,3,17,19,33000.0,36000.0,3000.0,5.333333333333333,10,3,4.041451884327381,1.2666666666666666,1.1676186592091329,3.5604573441770895,2.0
39,Laird Baird,2RfYc,21,24,4,20,23,38000.0,44000.0,6000.0,31.75,55,15,17.839562774911272,10.524999999999999,6.470638814419073,10.607715223703023,0.5
40,Laird Baird,2RfYc,25,25,1,24,24,46000.0,46000.0,0.0,28.0,28,28,,9.2,,3.0,1.0
41,Laird Baird,2RfYc,26,26,1,25,25,49000.0,49000.0,0.0,3.0,3,3,,1.5,,10.723805294763608,0.5
42,Laird Baird,2RfYc,27,27,1,26,26,50000.0,50000.0,0.0,21.0,21,21,,7.6,,7.745966692414834,1.0
43,Laird Baird,2RfYc,28,28,1,28,28,55000.0,55000.0,0.0,15.0,15,15,,6.3,,3.4641016151377544,2.0
44,Laird Baird,2RfYc,29,31,3,29,30,56000.0,58000.0,2000.0,20.666666666666668,28,6,12.701705922171767,7.366666666666667,5.5247926054589,6.151418880930483,1.0
45,Laird Baird,2RfYc,32,32,1,31,31,60000.0,60000.0,0.0,6.0,6,6,,1.0,,1.4142135623730951,1.0
46,Laird Baird,2RfYc,33,33,1,32,32,62000.0,62000.0,0.0,21.0,21,21,,5.3,,6.4031242374328485,1.0
47,Laird Baird,2RfYc,34,36,3,33,35,64000.0,68000.0,4000.0,25.333333333333332,45,10,17.897858344878397,8.2,6.701492371106602,8.530420093991333,0.5
48,Laird Baird,2RfYc,37,39,3,38,39,74000.0,77000.0,3000.0,9.333333333333334,15,3,6.027713773341708,3.0333333333333337,1.9399312702601947,3.939710636553587,0.5
49,Laird Baird,2RfYc,40,41,2,40,40,78000.0,79000.0,1000.0,6.5,10,3,4.949747468305833,1.0,1.4142135623730951,2.6583123951777,2.0
50,Laird Baird,2RfYc,42,42,1,42,42,82000.0,82000.0,0.0,3.0,3,3,,0.5,,3.3166247903554,0.5
51,Laird Baird,2RfYc,43,44,2,43,44,84000.0,86000.0,2000.0,6.5,10,3,4.949747468305833,1.25,1.0606601717798212,3.3166247903554,1.0
52,Laird Baird,2RfYc,45,45,1,45,45,88000.0,88000.0,0.0,21.0,21,21,,5.3,,8.0,1.0
53,Laird Baird,2RfYc,46,46,1,49,49,96000.0,96000.0,0.0,15.0,15,15,,4.0,,4.69041575982343,0.5
54,Laird Baird,2RfYc,47,48,2,49,50,97000.0,98000.0,1000.0,15.0,15,15,0.0,4.199999999999999,0.5656854249492379,3.4519675234711604,0.0
55,Marmaduke,3RfYc,0,0,1,1,1,0.0,0.0,0.0,3.0,3,3,,1.5,,0.0,0.5
56,Marmaduke,3RfYc,1,3,3,1,3,1000.0,4000.0,3000.0,6.333333333333333,10,3,3.5118845842842465,1.5,0.5,3.0548286561122,0.5
57,Marmaduke,3RfYc,4,6,3,4,6,6000.0,10000.0,4000.0,6.0,6,6,0.0,1.6666666666666667,0.5773502691896257,2.2761423749153966,0.5
58,Marmaduke,3RfYc,7,8,2,7,7,12000.0,13000.0,1000.0,3.0,3,3,0.0,1.25,0.3535533905932738,2.3228756555322954,1.0
59,Marmaduke,3RfYc,9,9,1,9,9,16000.0,16000.0,0.0,3.0,3,3,,1.5,,0.0,0.5
60,Marmaduke,3RfYc,10,11,2,10,11,18000.0,20000.0,2000.0,6.5,10,3,4.949747468305833,1.75,0.3535533905932738,1.9364916731037085,0.5
61,Marmaduke,3RfYc,12,14,3,12,14,22000.0,26000.0,4000.0,6.0,6,6,0.0,1.6666666666666667,0.5773502691896257,2.2761423749153966,0.5
62,Marmaduke,3RfYc,15,16,2,15,15,28000.0,29000.0,1000.0,3.0,3,3,0.0,1.25,0.3535533905932738,2.3228756555322954,1.0
63,Marmaduke,3RfYc,17,17,1,17,17,32000.0,32000.0,0.0,15.0,15,15,,3.0,,6.48074069840786,0.5
64,Marmaduke,3RfYc,18,18,1,18,18,34000.0,34000.0,0.0,21.0,21,21,,6.6,,3.1622776601683795,2.0
65,Marmaduke,3RfYc,19,19,1,20,20,38000.0,38000.0,0.0,3.0,3,3,,0.5,,7.483314773547883,2.0
66,Marmaduke,3RfYc,20,21,2,21,22,40000.0,42000.0,2000.0,12.5,15,10,3.5355339059327378,3.15,0.9192388155425116,2.776346383927595,0.5
67,Marmaduke,3RfYc,22,22,1,24,24,46000.0,46000.0,0.0,28.0,28,28,,8.6,,5.5677643628300215,0.5
68,Marmaduke,3RfYc,23,25,3,25,27,48000.0,52000.0,4000.0,13.666666666666666,28,3,12.897028081435403,4.133333333333334,4.135617648348712,5.437763285039323,0.5
69,Marmaduke,3RfYc,26,28,3,28,30,54000.0,58000.0,4000.0,7.333333333333333,10,6,2.309401076758503,2.2666666666666666,0.4618802153517005,3.252210118340566,0.5
70,Marmaduke,3RfYc,29,30,2,31,31,60000.0,61000.0,1000.0,3.0,3,3,0.0,1.25,0.3535533905932738,2.3228756555322954,1.0
71,Marmaduke,3RfYc,31,31,1,33,33,64000.0,64000.0,0.0,6.0,6,6,,2.0,,1.7320508075688772,0.5
72,Marmaduke,3RfYc,32,33,2,33,34,65000.0,66000.0,1000.0,6.5,10,3,4.949747468305833,2.0,0.7071067811865476,2.8025170768881473,0.5
73,Marmaduke,3RfYc,34,34,1,35,35,68000.0,68000.0,0.0,6.0,6,6,,2.0,,2.449489742783178,1.0
74,Marmaduke,3RfYc,35,35,1,36,36,70000.0,70000.0,0.0,15.0,15,15,,4.0,,5.0,2.0
75,Marmaduke,3RfYc,36,36,1,37,37,72000.0,72000.0,0.0,3.0,3,3,,1.0,,5.477225575051661,1.0
76,Marmaduke,3RfYc,37,37,1,38,38,74000.0,74000.0,0.0,10.0,10,10,,3.8,,3.3166247903554,1.0
77,Marmaduke,3RfYc,38,40,3,39,40,76000.0,78000.0,2000.0,6.0,6,6,0.0,1.0,0.5,1.7593056225097892,1.0
78,Marmaduke,3RfYc,41,41,1,42,42,82000.0,82000.0,0.0,10.0,10,10,,2.8,,2.8284271247461903,0.5
79,Marmaduke,3RfYc,42,42,1,43,43,84000.0,84000.0,0.0,6.0,6,6,,4.0,,4.0,0.5
80,Marmaduke,3RfYc,43,43,1,44,44,86000.0,86000.0,0.0,3.0,3,3,,0.0,,3.872983346207417,2.0
81,Marmaduke,3RfYc,44,49,6,45,48,88000.0,94000.0,6000.0,7.666666666666667,15,3,4.226897995772629,3.1,1.365283853270081,2.5987572283423472,4.0
82,Marmaduke,3RfYc,50,50,1,50,50,98000.0,98000.0,0.0,15.0,15,15,,4.3,,2.0,0.5
83,Marmaduke,3RfYc,51,51,1,51,51,100000.0,100000.0,0.0,15.0,15,15,,4.6,,2.0,0.5
84,Marmaduke,3RfYc,52,52,1,52,52,102000.0,102000.0,0.0,15.0,15,15,,7.0,,4.69041575982343,1.0
85,Marmaduke,3RfYc,53,53,1,54,54,106000.0,106000.0,0.0,21.0,21,21,,7.1,,4.69041575982343,0.5
86,Marmaduke,3RfYc,54,54,1,55,55,108000.0,108000.0,0.0,3.0,3,3,,0.0,,8.0,1.0
87,Marmaduke,3RfYc,55,55,1,56,56,110000.0,110000.0,0.0,21.0,21,21,,7.1,,8.0,1.0
88,Marmaduke,3RfYc,56,56,1,57,57,112000.0,112000.0,0.0,21.0,21,21,,5.3,,3.4641016151377544,0.5
89,Marmaduke,3RfYc,57,57,1,59,59,116000.0,116000.0,0.0,3.0,3,3,,0.5,,8.0,1.0
90,Marmaduke,3RfYc,58,58,1,60,60,118000.0,118000.0,0.0,10.0,10,10,,2.0,,3.3166247903554,1.0
91,Marmaduke,3RfYc,59,61,3,61,62,120000.0,122000.0,2000.0,8.0,15,3,6.244997998398398,2.8666666666666667,2.1126602503321097,4.091455381661375,1.0
92,Marmaduke,3RfYc,62,64,3,63,64,124000.0,126000.0,2000.0,6.0,6,6,0.0,2.6,1.2767145334803705,3.371270136844077,1.0
93,Marmaduke,3RfYc,65,65,1,65,65,129000.0,129000.0,0.0,3.0,3,3,,0.0,,1.7320508075688772,0.0
94,Dewey Square,6Cbwc,0,0,1,1,1,0.0,0.0,0.0,10.0,10,10,,2.0,,0.0,0.5
95,Dewey Square,6Cbwc,1,1,1,2,2,2000.0,2000.0,0.0,6.0,6,6,,2.0,,2.449489742783178,0.5
96,Dewey Square,6Cbwc,2,4,3,3,4,4000.0,6000.0,2000.0,4.0,6,3,1.7320508075688772,1.4333333333333333,0.8144527815247078,2.2440169358562922,1.0
97,Dewey Square,6Cbwc,5,7,3,5,6,8000.0,11000.0,3000.0,5.0,6,3,1.7320508075688772,1.7666666666666666,0.2516611478423583,3.112534027677622,1.0
98,Dewey Square,6Cbwc,8,8,1,9,9,16000.0,16000.0,0.0,10.0,10,10,,2.0,,2.8284271247461903,0.5
99,Dewey Square,6Cbwc,9,9,1,10,10,18000.0,18000.0,0.0,6.0,6,6,,2.0,,2.449489742783178,0.5
100,Dewey Square,6Cbwc,10,12,3,11,12,20000.0,22000.0,2000.0,4.0,6,3,1.7320508075688772,1.4333333333333333,0.8144527815247078,2.2440169358562922,1.0
101,Dewey Square,6Cbwc,13,15,3,13,14,24000.0,27000.0,3000.0,5.0,6,3,1.7320508075688772,1.7666666666666666,0.2516611478423583,3.112534027677622,1.0
102,Dewey Square,6Cbwc,16,16,1,16,16,30000.0,30000.0,0.0,3.0,3,3,,2.5,,2.6457513110645907,1.0
103,Dewey Square,6Cbwc,17,17,1,17,17,32000.0,32000.0,0.0,21.0,21,21,,5.8,,8.246211251235321,0.5
104,Dewey Square,6Cbwc,18,21,4,18,20,34000.0,38000.0,4000.0,7.25,10,3,3.4034296427770228,2.7,1.0295630140987,4.096440139817362,1.0
105,Dewey Square,6Cbwc,22,23,2,20,21,39000.0,40000.0,1000.0,18.0,21,15,4.242640687119285,6.6,2.8284271247461903,5.037790283478967,0.5
106,Dewey Square,6Cbwc,24,27,4,22,25,42000.0,48000.0,6000.0,14.0,21,10,5.228129047119374,4.525,2.410221289978716,3.718776108709946,0.5
107,Dewey Square,6Cbwc,28,28,1,26,26,50000.0,50000.0,0.0,6.0,6,6,,2.0,,2.449489742783178,0.5
108,Dewey Square,6Cbwc,29,31,3,27,28,52000.0,54000.0,2000.0,4.0,6,3,1.7320508075688772,1.4333333333333333,0.8144527815247078,2.2440169358562922,1.0
109,Dewey Square,6Cbwc,32,34,3,29,30,56000.0,59000.0,3000.0,5.0,6,3,1.7320508075688772,1.7666666666666666,0.2516611478423583,3.112534027677622,1.0
110,Dewey Square,6Cbwc,35,35,1,32,32,62000.0,62000.0,0.0,6.0,6,6,,1.5,,2.0,1.0
111,Dewey Square,6Cbwc,36,36,1,33,33,64000.0,64000.0,0.0,21.0,21,21,,6.6,,6.4031242374328485,0.5
112,Dewey Square,6Cbwc,37,37,1,34,34,66000.0,66000.0,0.0,15.0,15,15,,5.8,,3.4641016151377544,1.0
113,Dewey Square,6Cbwc,38,38,1,36,36,70000.0,70000.0,0.0,28.0,28,28,,8.9,,5.916079783099616,0.5
114,Dewey Square,6Cbwc,39,42,4,37,39,72000.0,76000.0,4000.0,15.75,21,6,7.088723439378913,5.3,1.6206994374857624,4.730844504505376,0.5
115,Dewey Square,6Cbwc,43,43,1,40,40,78000.0,78000.0,0.0,6.0,6,6,,3.0,,7.0,1.0
116,Dewey Square,6Cbwc,44,44,1,42,42,82000.0,82000.0,0.0,10.0,10,10,,4.8,,2.0,1.0
117,Dewey Square,6Cbwc,45,48,4,43,45,84000.0,88000.0,4000.0,12.0,21,6,7.3484692283495345,3.5999999999999996,1.9882991056008985,3.0423014818133898,1.0
118,Dewey Square,6Cbwc,49,49,1,46,46,91000.0,91000.0,0.0,3.0,3,3,,1.5,,5.477225575051661,1.0
119,Dewey Square,6Cbwc,50,50,1,47,47,92000.0,92000.0,0.0,21.0,21,21,,6.8,,7.745966692414834,1.0
120,Dewey Square,6Cbwc,51,51,1,49,49,96000.0,96000.0,0.0,15.0,15,15,,4.0,,2.8284271247461903,0.5
121,Dewey Square,6Cbwc,52,52,1,50,50,98000.0,98000.0,0.0,15.0,15,15,,4.6,,3.7416573867739418,0.5
122,Dewey Square,6Cbwc,53,53,1,51,51,100000.0,100000.0,0.0,10.0,10,10,,3.8,,2.6457513110645907,0.5
123,Dewey Square,6Cbwc,54,58,5,52,55,102000.0,108000.0,6000.0,10.6,21,6,6.148170459575759,2.62,1.5578831791889916,3.498030994993267,1.0
124,Dewey Square,6Cbwc,59,59,1,57,57,112000.0,112000.0,0.0,3.0,3,3,,1.5,,3.872983346207417,1.0
125,Dewey Square,6Cbwc,60,64,5,58,61,114000.0,120000.0,6000.0,15.8,36,6,12.853015210447703,4.86,4.353504335589894,8.063439844993445,2.0
126,Dewey Square,6Cbwc,65,65,1,62,62,123000.0,123000.0,0.0,6.0,6,6,,2.0,,2.449489742783178,2.0
127,Dewey Square,6Cbwc,66,68,3,63,64,124000.0,127000.0,3000.0,11.0,21,6,8.660254037844387,3.9666666666666663,3.150132272355136,4.6874452660681145,0.0
128,Diverse,73bwc,0,0,1,1,1,0.0,0.0,0.0,3.0,3,3,,0.0,,0.0,0.5
129,Diverse,73bwc,1,1,1,2,2,2000.0,2000.0,0.0,6.0,6,6,,2.3,,1.7320508075688772,1.0
130,Diverse,73bwc,2,4,3,3,5,4000.0,8000.0,4000.0,6.333333333333333,10,3,3.5118845842842465,1.7666666666666666,1.537313674346694,2.5046616150097196,0.5
131,Diverse,73bwc,5,5,1,6,6,10000.0,10000.0,0.0,6.0,6,6,,2.3,,1.7320508075688772,2.0
132,Diverse,73bwc,6,6,1,9,9,16000.0,16000.0,0.0,3.0,3,3,,0.0,,1.7320508075688772,0.5
133,Diverse,73bwc,7,7,1,10,10,18000.0,18000.0,0.0,6.0,6,6,,2.3,,1.7320508075688772,1.0
134,Diverse,73bwc,8,10,3,11,13,20000.0,24000.0,4000.0,6.333333333333333,10,3,3.5118845842842465,1.7666666666666666,1.537313674346694,2.5046616150097196,0.5
135,Diverse,73bwc,11,11,1,14,14,26000.0,26000.0,0.0,21.0,21,21,,8.1,,7.745966692414834,4.0
136,Diverse,73bwc,12,13,2,16,17,30000.0,32000.0,2000.0,9.0,15,3,8.48528137423857,2.65,2.3334523779156067,4.377802118633468,1.0
137,Diverse,73bwc,14,14,1,18,18,34000.0,34000.0,0.0,15.0,15,15,,5.6,,5.477225575051661,2.0
138,Diverse,73bwc,15,15,1,20,20,38000.0,38000.0,0.0,6.0,6,6,,4.0,,4.58257569495584,1.0
139,Diverse,73bwc,16,20,5,21,25,40000.0,48000.0,8000.0,16.2,21,3,7.8230428862431785,5.4799999999999995,3.2081147111660457,4.282812840979027,0.5
140,Diverse,73bwc,21,21,1,26,26,50000.0,50000.0,0.0,6.0,6,6,,2.3,,1.7320508075688772,1.0
141,Diverse,73bwc,22,24,3,27,29,52000.0,56000.0,4000.0,6.333333333333333,10,3,3.5118845842842465,1.7666666666666666,1.537313674346694,2.5046616150097196,0.5
142,Diverse,73bwc,25,26,2,30,31,58000.0,60000.0,2000.0,15.5,21,10,7.7781745930520225,5.699999999999999,3.394112549695428,6.270899107863777,0.5
143,Diverse,73bwc,27,27,1,32,32,62000.0,62000.0,0.0,3.0,3,3,,1.5,,3.3166247903554,2.0
144,Diverse,73bwc,28,28,1,34,34,67000.0,67000.0,0.0,3.0,3,3,,1.0,,2.0,2.0
145,Diverse,73bwc,29,30,2,35,36,68000.0,71000.0,3000.0,8.0,10,6,2.8284271247461903,3.55,0.6363961030678927,4.633983739156149,1.0
146,Diverse,73bwc,31,33,3,37,39,72000.0,76000.0,4000.0,7.666666666666667,10,3,4.041451884327381,2.8666666666666667,1.7785762095938797,3.5671368236512024,1.0
147,Diverse,73bwc,34,34,1,40,40,78000.0,78000.0,0.0,3.0,3,3,,1.3,,0.0,2.0
148,Diverse,73bwc,35,40,6,41,44,80000.0,87000.0,7000.0,7.166666666666667,15,3,4.622409184253019,2.35,1.2565826673959817,3.466581359435361,2.0
149,Diverse,73bwc,41,41,1,46,46,90000.0,90000.0,0.0,6.0,6,6,,4.0,,3.0,1.0
150,Diverse,73bwc,42,42,1,47,47,92000.0,92000.0,0.0,15.0,15,15,,4.3,,5.196152422706632,1.0
151,Diverse,73bwc,43,43,1,49,49,96000.0,96000.0,0.0,15.0,15,15,,4.0,,2.8284271247461903,0.5
152,Diverse,73bwc,44,45,2,50,51,98000.0,100000.0,2000.0,15.5,21,10,7.7781745930520225,4.95,3.464823227814083,4.37082869338697,4.0
153,Diverse,73bwc,46,46,1,53,53,104000.0,104000.0,0.0,10.0,10,10,,3.0,,1.4142135623730951,0.5
154,Diverse,73bwc,47,48,2,54,55,106000.0,108000.0,2000.0,12.5,15,10,3.5355339059327378,4.3,3.2526911934581184,3.302775637731995,0.5
155,Diverse,73bwc,49,49,1,56,56,110000.0,110000.0,0.0,6.0,6,6,,0.5,,2.0,1.0
156,Diverse,73bwc,50,50,1,58,58,114000.0,114000.0,0.0,6.0,6,6,,1.5,,1.4142135623730951,1.0
157,Diverse,73bwc,51,52,2,60,61,119000.0,120000.0,1000.0,4.5,6,3,2.1213203435596424,1.75,0.3535533905932738,1.8660254037844386,2.0
158,Diverse,73bwc,53,53,1,62,62,122000.0,122000.0,0.0,15.0,15,15,,5.6,,5.0990195135927845,1.0
159,Diverse,73bwc,54,54,1,64,64,126000.0,126000.0,0.0,6.0,6,6,,2.0,,4.358898943540674,1.0
160,Diverse,73bwc,55,55,1,65,65,128000.0,128000.0,0.0,6.0,6,6,,4.0,,2.449489742783178,1.0
161,Diverse,73bwc,56,62,7,66,70,130000.0,138000.0,8000.0,7.857142857142857,15,6,3.484660262185848,2.585714285714286,0.8952254305081884,2.42680528500009,0.5
162,Diverse,73bwc,63,66,4,73,75,144000.0,148000.0,4000.0,4.5,6,3,1.7320508075688772,2.375,1.181453906563152,2.428323388137863,1.0
163,Diverse,73bwc,67,71,5,76,79,150000.0,156000.0,6000.0,12.2,21,3,8.408329203831164,3.9,2.8818396901979124,4.1404111711793385,4.0
164,Diverse,73bwc,72,72,1,81,81,160000.0,160000.0,0.0,21.0,21,21,,7.8,,5.5677643628300215,0.5
165,Diverse,73bwc,73,73,1,82,82,162000.0,162000.0,0.0,15.0,15,15,,4.6,,4.0,0.5
166,Diverse,73bwc,74,74,1,83,83,164000.0,164000.0,0.0,6.0,6,6,,2.3,,4.123105625617661,2.0
167,Diverse,73bwc,75,75,1,85,85,168000.0,168000.0,0.0,3.0,3,3,,2.5,,2.23606797749979,2.0
168,Diverse,73bwc,76,77,2,86,87,170000.0,172000.0,2000.0,10.0,10,10,0.0,2.25,0.3535533905932738,4.415517449270126,0.5
169,Diverse,73bwc,78,79,2,88,89,174000.0,176000.0,2000.0,12.0,21,3,12.727922061357855,4.8,3.2526911934581184,6.535080148359222,2.0
170,Diverse,73bwc,80,80,1,90,90,179000.0,179000.0,0.0,6.0,6,6,,2.0,,2.6457513110645907,1.0
171,Diverse,73bwc,81,81,1,92,92,183000.0,183000.0,0.0,6.0,6,6,,2.8,,3.4641016151377544,1.0
172,Diverse,73bwc,82,84,3,93,95,184000.0,188000.0,4000.0,14.666666666666666,28,6,11.718930554164631,5.633333333333333,4.11379792081883,6.763025290743357,0.5
173,Diverse,73bwc,85,85,1,96,96,190000.0,190000.0,0.0,15.0,15,15,,5.6,,4.123105625617661,0.0
174,Mohawk (No. 1),7RfYc,0,1,2,2,3,2000.0,4000.0,2000.0,10.5,15,6,6.363961030678928,2.4,2.6870057685088806,1.9364916731037085,0.5
175,Mohawk (No. 1),7RfYc,2,2,1,4,4,6000.0,6000.0,0.0,21.0,21,21,,5.3,,6.708203932499369,0.5
176,Mohawk (No. 1),7RfYc,3,3,1,6,6,10000.0,10000.0,0.0,3.0,3,3,,0.5,,7.874007874011811,0.5
177,Mohawk (No. 1),7RfYc,4,5,2,7,8,12000.0,14000.0,2000.0,9.0,15,3,8.48528137423857,2.15,3.040559159102154,5.645751311064591,0.5
178,Mohawk (No. 1),7RfYc,6,6,1,9,9,16000.0,16000.0,0.0,6.0,6,6,,2.0,,2.23606797749979,1.0
179,Mohawk (No. 1),7RfYc,7,8,2,10,11,18000.0,20000.0,2000.0,3.0,3,3,0.0,0.0,0.0,1.118033988749895,0.5
180,Mohawk (No. 1),7RfYc,9,10,2,12,13,22000.0,24000.0,2000.0,8.0,10,6,2.8284271247461903,2.65,0.21213203435596414,3.072525957550795,0.5
181,Mohawk (No. 1),7RfYc,11,12,2,14,15,26000.0,28000.0,2000.0,10.5,15,6,6.363961030678928,2.4,2.6870057685088806,3.998044485912539,0.5
182,Mohawk (No. 1),7RfYc,13,13,1,16,16,30000.0,30000.0,0.0,21.0,21,21,,5.3,,6.708203932499369,0.5
183,Mohawk (No. 1),7RfYc,14,14,1,18,18,34000.0,34000.0,0.0,3.0,3,3,,0.5,,7.874007874011811,0.5
184,Mohawk (No. 1),7RfYc,15,16,2,19,20,36000.0,38000.0,2000.0,9.0,15,3,8.48528137423857,2.15,3.040559159102154,5.645751311064591,0.5
185,Mohawk (No. 1),7RfYc,17,17,1,21,21,40000.0,40000.0,0.0,6.0,6,6,,2.0,,2.23606797749979,1.0
186,Mohawk (No. 1),7RfYc,18,19,2,22,23,42000.0,44000.0,2000.0,3.0,3,3,0.0,0.0,0.0,1.118033988749895,0.5
187,Mohawk (No. 1),7RfYc,20,21,2,24,25,46000.0,48000.0,2000.0,8.0,10,6,2.8284271247461903,2.65,0.21213203435596414,3.072525957550795,0.5
188,Mohawk (No. 1),7RfYc,22,22,1,26,26,50000.0,50000.0,0.0,3.0,3,3,,1.5,,1.7320508075688772,1.0
189,Mohawk (No. 1),7RfYc,23,23,1,27,27,52000.0,52000.0,0.0,10.0,10,10,,2.3,,3.605551275463989,1.0
190,Mohawk (No. 1),7RfYc,24,24,1,29,29,57000.0,57000.0,0.0,6.0,6,6,,2.5,,2.8284271247461903,2.0
191,Mohawk (No. 1),7RfYc,25,26,2,30,31,58000.0,60000.0,2000.0,21.0,21,21,0.0,6.199999999999999,0.5656854249492379,4.427827300200522,0.5
192,Mohawk (No. 1),7RfYc,27,27,1,32,32,62000.0,62000.0,0.0,15.0,15,15,,5.3,,3.4641016151377544,1.0
193,Mohawk (No. 1),7RfYc,28,28,1,33,33,65000.0,65000.0,0.0,6.0,6,6,,1.0,,4.358898943540674,2.0
194,Mohawk (No. 1),7RfYc,29,29,1,34,34,66000.0,66000.0,0.0,21.0,21,21,,8.6,,6.855654600401044,1.0
195,Mohawk (No. 1),7RfYc,30,30,1,35,35,68000.0,68000.0,0.0,28.0,28,28,,8.9,,3.872983346207417,0.5
196,Mohawk (No. 1),7RfYc,31,31,1,36,36,70000.0,70000.0,0.0,6.0,6,6,,1.5,,9.16515138991168,0.5
197,Mohawk (No. 1),7RfYc,32,32,1,37,37,73000.0,73000.0,0.0,3.0,3,3,,1.5,,2.23606797749979,1.0
198,Mohawk (No. 1),7RfYc,33,33,1,38,38,74000.0,74000.0,0.0,21.0,21,21,,8.3,,7.745966692414834,0.5
199,Mohawk (No. 1),7RfYc,34,35,2,39,40,76000.0,78000.0,2000.0,10.5,15,6,6.363961030678928,2.55,1.7677669529663687,4.527355824977709,2.0
200,Mohawk (No. 1),7RfYc,36,36,1,42,42,82000.0,82000.0,0.0,3.0,3,3,,1.0,,2.23606797749979,1.0
201,Mohawk (No. 1),7RfYc,37,39,3,43,45,84000.0,88000.0,4000.0,18.333333333333332,28,6,11.239810200058244,5.633333333333333,3.810949138119444,7.371507336064904,0.5
202,Mohawk (No. 1),7RfYc,40,40,1,45,45,89000.0,89000.0,0.0,3.0,3,3,,1.5,,1.7320508075688772,2.0
203,Mohawk (No. 1),7RfYc,41,41,1,47,47,92000.0,92000.0,0.0,10.0,10,10,,3.8,,3.0,0.5
204,Mohawk (No. 1),7RfYc,42,43,2,48,49,94000.0,97000.0,3000.0,3.0,3,3,0.0,0.25,0.3535533905932738,2.3654191763642474,2.0
205,Mohawk (No. 1),7RfYc,44,44,1,50,50,98000.0,98000.0,0.0,6.0,6,6,,1.5,,1.7320508075688772,1.0
206,Mohawk (No. 1),7RfYc,45,45,1,51,51,100000.0,100000.0,0.0,3.0,3,3,,1.8,,2.23606797749979,1.0
207,Mohawk (No. 1),7RfYc,46,46,1,52,52,102000.0,102000.0,0.0,15.0,15,15,,3.8,,6.164414002968976,2.0
208,Mohawk (No. 1),7RfYc,47,50,4,54,57,106000.0,113000.0,7000.0,11.5,15,6,4.358898943540674,3.175,1.0307764064044151,2.7395272958702748,1.0
209,Mohawk (No. 1),7RfYc,51,51,1,58,58,114000.0,114000.0,0.0,28.0,28,28,,8.1,,5.5677643628300215,1.0
210,Mohawk (No. 1),7RfYc,52,53,2,59,60,116000.0,118000.0,2000.0,18.0,21,15,4.242640687119285,4.55,2.192031021678297,4.993601666828656,1.0
211,Mohawk (No. 1),7RfYc,54,55,2,63,64,124000.0,126000.0,2000.0,8.0,10,6,2.8284271247461903,2.4,0.14142135623730964,4.179215041437506,1.0
212,Mohawk (No. 1),7RfYc,56,56,1,67,67,132000.0,132000.0,0.0,15.0,15,15,,3.0,,5.5677643628300215,1.0
213,Mohawk (No. 1),7RfYc,57,62,6,70,73,138000.0,145000.0,7000.0,22.5,55,6,17.73978579352073,7.866666666666666,6.193437386998165,8.075008122361837,0.5
214,Mohawk (No. 1),7RfYc,63,63,1,74,74,146000.0,146000.0,0.0,6.0,6,6,,1.5,,2.0,0.0
215,Celebrity,7XTyc,0,9,10,1,6,0.0,10000.0,10000.0,6.1,15,3,3.8427420765212266,1.7899999999999998,1.1367106540853356,1.9079212589587076,2.0
216,Celebrity,7XTyc,10,10,1,9,9,16000.0,16000.0,0.0,6.0,6,6,,2.3,,4.123105625617661,0.5
217,Celebrity,7XTyc,11,11,1,11,11,20000.0,20000.0,0.0,6.0,6,6,,1.0,,2.449489742783178,0.5
218,Celebrity,7XTyc,12,18,7,11,15,21000.0,28000.0,7000.0,8.285714285714286,21,3,5.96417878432803,3.085714285714286,2.3104318293546857,2.7385453999485763,1.0
219,Celebrity,7XTyc,19,20,2,17,18,32000.0,34000.0,2000.0,10.0,10,10,0.0,2.4,1.2727922061357855,5.358566976698989,1.0
220,Celebrity,7XTyc,21,21,1,19,19,36000.0,36000.0,0.0,10.0,10,10,,3.3,,1.4142135623730951,0.5
221,Celebrity,7XTyc,22,25,4,20,23,38000.0,44000.0,6000.0,21.25,28,15,5.315072906367325,6.7,1.3589211407093005,4.733338499057202,1.0
222,Celebrity,7XTyc,26,27,2,24,25,46000.0,48000.0,2000.0,18.0,21,15,4.242640687119285,4.55,1.0606601717798212,3.81720680758398,1.0
223,Celebrity,7XTyc,28,37,10,27,32,52000.0,63000.0,11000.0,6.2,10,3,2.3475755815545343,1.8199999999999998,0.796938586787659,3.288616668110213,1.0
224,Celebrity,7XTyc,38,46,9,65,69,128000.0,137000.0,9000.0,7.111111111111111,15,3,3.443996386628638,2.3,1.4142135623730951,3.1006330391152646,0.5
225,Celebrity,7XTyc,47,49,3,72,73,142000.0,144000.0,2000.0,7.0,15,3,6.928203230275509,1.9333333333333333,1.8339392937971892,3.4922344019699643,0.5
226,Celebrity,7XTyc,50,50,1,75,75,149000.0,149000.0,0.0,3.0,3,3,,1.5,,5.830951894845301,1.0
227,Celebrity,7XTyc,51,56,6,76,78,150000.0,155000.0,5000.0,5.0,6,3,1.5491933384829668,1.4666666666666668,0.9626352718795768,2.472856457915681,0.5
228,Celebrity,7XTyc,57,57,1,79,79,156000.0,156000.0,0.0,6.0,6,6,,1.5,,2.6457513110645907,4.0
229,Celebrity,7XTyc,58,58,1,81,81,160000.0,160000.0,0.0,10.0,10,10,,3.3,,2.0,0.5
230,Celebrity,7XTyc,59,60,2,82,83,162000.0,164000.0,2000.0,9.0,15,3,8.48528137423857,3.3,2.545584412271571,4.049509756796392,1.0
231,Celebrity,7XTyc,61,64,4,84,87,166000.0,172000.0,6000.0,19.75,28,15,6.18465843842649,6.2,2.1939310229205775,4.786386567049075,1.0
232,Celebrity,7XTyc,65,65,1,89,89,176000.0,176000.0,0.0,3.0,3,3,,1.0,,5.477225575051661,0.5
233,Celebrity,7XTyc,66,66,1,90,90,178000.0,178000.0,0.0,6.0,6,6,,2.0,,2.23606797749979,1.0
234,Celebrity,7XTyc,67,69,3,91,92,180000.0,182000.0,2000.0,7.333333333333333,10,6,2.309401076758503,1.5,0.8660254037844386,2.1498299142610593,1.0
235,Celebrity,7XTyc,70,70,1,93,93,184000.0,184000.0,0.0,3.0,3,3,,1.0,,2.23606797749979,0.5
236,Celebrity,7XTyc,71,71,1,94,94,186000.0,186000.0,0.0,6.0,6,6,,2.0,,2.23606797749979,1.0
237,Celebrity,7XTyc,72,73,2,95,96,188000.0,190000.0,2000.0,9.0,15,3,8.48528137423857,2.9,1.979898987322333,4.800165600334661,0.0
238,Now's the Time (No. 2),9RfYc,0,0,1,2,2,2000.0,2000.0,0.0,3.0,3,3,,0.5,,0.0,0.5
239,Now's the Time (No. 2),9RfYc,1,1,1,3,3,4000.0,4000.0,0.0,3.0,3,3,,0.5,,0.0,0.5
240,Now's the Time (No. 2),9RfYc,2,3,2,4,5,6000.0,8000.0,2000.0,3.0,3,3,0.0,0.5,0.0,0.0,0.5
241,Now's the Time (No. 2),9RfYc,4,7,4,6,9,10000.0,16000.0,6000.0,4.5,6,3,1.7320508075688772,0.875,0.47871355387816905,1.299038105676658,0.5
242,Now's the Time (No. 2),9RfYc,8,8,1,10,10,18000.0,18000.0,0.0,10.0,10,10,,3.1,,3.7416573867739418,1.0
243,Now's the Time (No. 2),9RfYc,9,9,1,11,11,20000.0,20000.0,0.0,3.0,3,3,,1.0,,4.795831523312719,0.5
244,Now's the Time (No. 2),9RfYc,10,10,1,14,14,26000.0,26000.0,0.0,6.0,6,6,,1.5,,2.6457513110645907,1.0
245,Now's the Time (No. 2),9RfYc,11,12,2,15,16,28000.0,30000.0,2000.0,4.5,6,3,2.1213203435596424,0.9,0.5656854249492381,2.2071067811865475,1.0
246,Now's the Time (No. 2),9RfYc,13,13,1,18,18,34000.0,34000.0,0.0,6.0,6,6,,1.3,,2.23606797749979,2.0
247,Now's the Time (No. 2),9RfYc,14,14,1,19,19,36000.0,36000.0,0.0,6.0,6,6,,2.3,,1.4142135623730951,1.0
248,Now's the Time (No. 2),9RfYc,15,15,1,20,20,38000.0,38000.0,0.0,6.0,6,6,,1.3,,1.4142135623730951,1.0
249,Now's the Time (No. 2),9RfYc,16,16,1,21,21,40000.0,40000.0,0.0,10.0,10,10,,2.0,,2.8284271247461903,1.0
250,Now's the Time (No. 2),9RfYc,17,18,2,23,24,44000.0,46000.0,2000.0,10.5,15,6,6.363961030678928,3.3,1.4142135623730951,3.297483460520232,1.0
251,Now's the Time (No. 2),9RfYc,19,20,2,26,27,50000.0,52000.0,2000.0,18.0,21,15,4.242640687119285,4.949999999999999,1.6263455967290592,3.8121293240294545,0.5
252,Now's the Time (No. 2),9RfYc,21,21,1,28,28,54000.0,54000.0,0.0,15.0,15,15,,4.3,,3.1622776601683795,1.0
253,Now's the Time (No. 2),9RfYc,22,22,1,30,30,58000.0,58000.0,0.0,10.0,10,10,,3.8,,2.6457513110645907,1.0
254,Now's the Time (No. 2),9RfYc,23,23,1,31,31,60000.0,60000.0,0.0,36.0,36,36,,11.4,,11.04536101718726,1.0
255,Now's the Time (No. 2),9RfYc,24,24,1,32,32,62000.0,62000.0,0.0,21.0,21,21,,6.3,,6.557438524302,0.5
256,Now's the Time (No. 2),9RfYc,25,25,1,33,33,64000.0,64000.0,0.0,21.0,21,21,,7.9,,3.1622776601683795,1.0
257,Now's the Time (No. 2),9RfYc,26,26,1,34,34,66000.0,66000.0,0.0,15.0,15,15,,3.0,,4.69041575982343,1.0
258,Now's the Time (No. 2),9RfYc,27,27,1,35,35,68000.0,68000.0,0.0,6.0,6,6,,1.0,,5.385164807134504,1.0
259,Now's the Time (No. 2),9RfYc,28,28,1,38,38,74000.0,74000.0,0.0,3.0,3,3,,0.5,,2.6457513110645907,1.0
260,Now's the Time (No. 2),9RfYc,29,29,1,39,39,76000.0,76000.0,0.0,15.0,15,15,,4.6,,5.477225575051661,1.0
261,Now's the Time (No. 2),9RfYc,30,30,1,41,41,80000.0,80000.0,0.0,3.0,3,3,,1.5,,5.477225575051661,1.0
262,Now's the Time (No. 2),9RfYc,31,32,2,41,42,81000.0,82000.0,1000.0,18.0,21,15,4.242640687119285,5.65,0.9192388155425116,4.152826349898926,1.0
263,Now's the Time (No. 2),9RfYc,33,33,1,44,44,86000.0,86000.0,0.0,28.0,28,28,,8.6,,3.0,1.0
264,Now's the Time (No. 2),9RfYc,34,35,2,45,46,88000.0,90000.0,2000.0,25.5,45,6,27.577164466275352,8.6,9.333809511662427,11.679351584384854,1.0
265,Now's the Time (No. 2),9RfYc,36,36,1,47,47,92000.0,92000.0,0.0,10.0,10,10,,3.1,,3.7416573867739418,0.5
266,Now's the Time (No. 2),9RfYc,37,39,3,48,49,94000.0,97000.0,3000.0,6.333333333333333,10,3,3.5118845842842465,1.5,0.5,4.346157403477334,0.0
267,Cosmic Rays,9THwc,0,0,1,1,1,0.0,0.0,0.0,21.0,21,21,,7.6,,0.0,1.0
268,Cosmic Rays,9THwc,1,2,2,2,3,2000.0,4000.0,2000.0,6.5,10,3,4.949747468305833,1.9,1.979898987322333,5.466198948109654,2.0
269,Cosmic Rays,9THwc,3,3,1,5,5,8000.0,8000.0,0.0,15.0,15,15,,4.3,,2.6457513110645907,0.5
270,Cosmic Rays,9THwc,4,4,1,6,6,10000.0,10000.0,0.0,6.0,6,6,,1.5,,3.872983346207417,2.0
271,Cosmic Rays,9THwc,5,7,3,9,11,16000.0,20000.0,4000.0,10.333333333333334,15,6,4.509249752822894,2.3666666666666667,2.074447717666881,2.957661115402472,2.0
272,Cosmic Rays,9THwc,8,9,2,13,14,24000.0,26000.0,2000.0,25.5,36,15,14.849242404917497,7.6,5.374011537017761,10.800214787970548,1.0
273,Cosmic Rays,9THwc,10,10,1,15,15,28000.0,28000.0,0.0,45.0,45,45,,15.2,,12.649110640673518,0.5
274,Cosmic Rays,9THwc,11,13,3,16,17,30000.0,32000.0,2000.0,21.0,21,21,0.0,6.733333333333333,1.5044378795195683,5.756368946350347,2.0
275,Cosmic Rays,9THwc,14,14,1,19,19,36000.0,36000.0,0.0,10.0,10,10,,2.0,,5.0,0.5
276,Cosmic Rays,9THwc,15,15,1,21,21,40000.0,40000.0,0.0,21.0,21,21,,6.8,,4.795831523312719,0.5
277,Cosmic Rays,9THwc,16,17,2,22,23,42000.0,44000.0,2000.0,12.5,15,10,3.5355339059327378,4.7,2.262741699796952,5.43929702680547,1.0
278,Cosmic Rays,9THwc,18,18,1,25,25,48000.0,48000.0,0.0,21.0,21,21,,6.3,,4.242640687119285,0.5
279,Cosmic Rays,9THwc,19,19,1,26,26,51000.0,51000.0,0.0,3.0,3,3,,1.8,,8.366600265340756,1.0
280,Cosmic Rays,9THwc,20,20,1,27,27,52000.0,52000.0,0.0,6.0,6,6,,3.0,,3.0,1.0
281,Cosmic Rays,9THwc,21,22,2,29,30,56000.0,58000.0,2000.0,3.0,3,3,0.0,1.0,0.7071067811865476,2.029982436718843,1.0
282,Cosmic Rays,9THwc,23,23,1,30,30,59000.0,59000.0,0.0,15.0,15,15,,5.3,,5.0990195135927845,0.5
283,Cosmic Rays,9THwc,24,26,3,31,32,60000.0,63000.0,3000.0,16.0,28,10,10.392304845413264,4.366666666666666,3.6746881953892814,5.010928027640978,0.5
284,Cosmic Rays,9THwc,27,27,1,33,33,64000.0,64000.0,0.0,21.0,21,21,,7.1,,5.916079783099616,0.5
285,Cosmic Rays,9THwc,28,28,1,34,34,66000.0,66000.0,0.0,45.0,45,45,,15.2,,10.295630140987,1.0
286,Cosmic Rays,9THwc,29,30,2,35,35,68000.0,69000.0,1000.0,17.0,28,6,15.556349186104045,5.3,5.374011537017761,8.153289909227265,0.5
287,Cosmic Rays,9THwc,31,31,1,36,36,71000.0,71000.0,0.0,21.0,21,21,,6.6,,6.244997998398398,0.0
288,Moose the Mooche,BRfYc,0,0,1,1,1,0.0,0.0,0.0,3.0,3,3,,1.5,,0.0,0.5
289,Moose the Mooche,BRfYc,1,1,1,2,2,2000.0,2000.0,0.0,6.0,6,6,,0.5,,2.6457513110645907,0.5
290,Moose the Mooche,BRfYc,2,3,2,2,3,3000.0,4000.0,1000.0,6.0,6,6,0.0,1.4,0.5656854249492381,2.414213562373095,0.5
291,Moose the Mooche,BRfYc,4,4,1,4,4,7000.0,7000.0,0.0,3.0,3,3,,0.5,,1.7320508075688772,0.5
292,Moose the Mooche,BRfYc,5,5,1,5,5,8000.0,8000.0,0.0,3.0,3,3,,2.5,,2.8284271247461903,0.5
293,Moose the Mooche,BRfYc,6,6,1,6,6,10000.0,10000.0,0.0,6.0,6,6,,1.8,,3.0,0.5
294,Moose the Mooche,BRfYc,7,7,1,7,7,12000.0,12000.0,0.0,10.0,10,10,,3.3,,2.8284271247461903,0.5
295,Moose the Mooche,BRfYc,8,10,3,8,9,14000.0,16000.0,2000.0,5.333333333333333,10,3,4.041451884327381,1.4333333333333333,0.6027713773341707,2.786299647846891,1.0
296,Moose the Mooche,BRfYc,11,11,1,10,10,18000.0,18000.0,0.0,6.0,6,6,,0.5,,2.6457513110645907,0.5
297,Moose the Mooche,BRfYc,12,13,2,10,11,19000.0,20000.0,1000.0,6.0,6,6,0.0,1.15,0.21213203435596428,1.7071067811865475,0.5
298,Moose the Mooche,BRfYc,14,14,1,12,12,22000.0,22000.0,0.0,3.0,3,3,,0.0,,2.23606797749979,0.5
299,Moose the Mooche,BRfYc,15,16,2,12,13,23000.0,24000.0,1000.0,10.5,15,6,6.363961030678928,3.3,1.4142135623730951,4.760815529281802,0.5
300,Moose the Mooche,BRfYc,17,19,3,14,15,26000.0,28000.0,2000.0,6.333333333333333,10,3,3.5118845842842465,0.8333333333333334,0.7637626158259733,3.864988973680154,0.5
301,Moose the Mooche,BRfYc,20,20,1,16,16,30000.0,30000.0,0.0,15.0,15,15,,6.1,,4.123105625617661,0.5
302,Moose the Mooche,BRfYc,21,21,1,17,17,32000.0,32000.0,0.0,3.0,3,3,,1.5,,5.0990195135927845,1.0
303,Moose the Mooche,BRfYc,22,22,1,18,18,34000.0,34000.0,0.0,6.0,6,6,,3.0,,1.7320508075688772,0.5
304,Moose the Mooche,BRfYc,23,23,1,19,19,36000.0,36000.0,0.0,15.0,15,15,,3.8,,5.196152422706632,1.0
305,Moose the Mooche,BRfYc,24,24,1,21,21,40000.0,40000.0,0.0,10.0,10,10,,2.8,,2.6457513110645907,0.5
306,Moose the Mooche,BRfYc,25,26,2,22,23,42000.0,44000.0,2000.0,6.0,6,6,0.0,2.0,1.4142135623730951,2.870828693386971,0.5
307,Moose the Mooche,BRfYc,27,27,1,24,24,46000.0,46000.0,0.0,6.0,6,6,,2.0,,1.4142135623730951,0.5
308,Moose the Mooche,BRfYc,28,28,1,25,25,48000.0,48000.0,0.0,3.0,3,3,,1.5,,1.7320508075688772,0.5
309,Moose the Mooche,BRfYc,29,29,1,26,26,50000.0,50000.0,0.0,6.0,6,6,,0.5,,2.6457513110645907,0.5
310,Moose the Mooche,BRfYc,30,31,2,26,27,51000.0,52000.0,1000.0,6.0,6,6,0.0,1.4,0.5656854249492381,2.414213562373095,0.5
311,Moose the Mooche,BRfYc,32,32,1,28,28,55000.0,55000.0,0.0,3.0,3,3,,0.5,,1.7320508075688772,0.5
312,Moose the Mooche,BRfYc,33,33,1,29,29,56000.0,56000.0,0.0,10.0,10,10,,4.8,,3.605551275463989,0.5
313,Moose the Mooche,BRfYc,34,34,1,30,30,58000.0,58000.0,0.0,6.0,6,6,,1.8,,3.1622776601683795,0.5
314,Moose the Mooche,BRfYc,35,35,1,31,31,60000.0,60000.0,0.0,10.0,10,10,,2.5,,3.7416573867739418,0.5
315,Moose the Mooche,BRfYc,36,36,1,32,32,62000.0,62000.0,0.0,3.0,3,3,,0.5,,3.3166247903554,0.5
316,Moose the Mooche,BRfYc,37,37,1,33,33,64000.0,64000.0,0.0,3.0,3,3,,1.5,,1.4142135623730951,2.0
317,Moose the Mooche,BRfYc,38,40,3,34,35,66000.0,68000.0,2000.0,4.0,6,3,1.7320508075688772,1.4333333333333333,0.9018499505645787,1.1547005383792515,2.0
318,Moose the Mooche,BRfYc,41,41,1,37,37,72000.0,72000.0,0.0,6.0,6,6,,3.0,,2.6457513110645907,2.0
319,Moose the Mooche,BRfYc,42,44,3,38,39,74000.0,76000.0,2000.0,6.0,6,6,0.0,1.4333333333333333,0.5131601439446883,2.2761423749153966,2.0
320,Moose the Mooche,BRfYc,45,45,1,41,41,80000.0,80000.0,0.0,15.0,15,15,,5.8,,3.872983346207417,0.5
321,Moose the Mooche,BRfYc,46,46,1,43,43,84000.0,84000.0,0.0,28.0,28,28,,8.6,,5.744562646538029,0.5
322,Moose the Mooche,BRfYc,47,51,5,44,46,86000.0,91000.0,5000.0,6.2,10,3,2.4899799195977463,1.9200000000000004,2.1064187617850347,4.704949667025308,1.0
323,Moose the Mooche,BRfYc,52,52,1,49,49,96000.0,96000.0,0.0,15.0,15,15,,4.0,,5.0,0.5
324,Moose the Mooche,BRfYc,53,53,1,50,50,98000.0,98000.0,0.0,15.0,15,15,,4.6,,3.7416573867739418,1.0
325,Moose the Mooche,BRfYc,54,54,1,51,51,100000.0,100000.0,0.0,6.0,6,6,,4.0,,5.385164807134504,2.0
326,Moose the Mooche,BRfYc,55,55,1,52,52,102000.0,102000.0,0.0,10.0,10,10,,4.3,,2.8284271247461903,2.0
327,Moose the Mooche,BRfYc,56,58,3,53,55,104000.0,108000.0,4000.0,14.0,21,6,7.54983443527075,3.6999999999999997,1.6522711641858305,4.631843333595412,2.0
328,Moose the Mooche,BRfYc,59,59,1,58,58,114000.0,114000.0,0.0,3.0,3,3,,0.5,,1.7320508075688772,0.5
329,Moose the Mooche,BRfYc,60,60,1,59,59,117000.0,117000.0,0.0,6.0,6,6,,0.5,,1.7320508075688772,1.0
330,Moose the Mooche,BRfYc,61,64,4,60,62,118000.0,122000.0,4000.0,7.0,10,6,2.0,2.625,1.25,1.724744871391589,1.0
331,Moose the Mooche,BRfYc,65,65,1,63,63,124000.0,124000.0,0.0,3.0,3,3,,1.0,,2.6457513110645907,2.0
332,Moose the Mooche,BRfYc,66,67,2,64,64,126000.0,127000.0,1000.0,4.5,6,3,2.1213203435596424,1.9,0.5656854249492379,1.5731321849709863,0.0
333,Yardbird Suite,D3fYc,0,0,1,1,1,0.0,0.0,0.0,3.0,3,3,,0.5,,0.0,0.5
334,Yardbird Suite,D3fYc,1,2,2,2,4,3000.0,6000.0,3000.0,4.5,6,3,2.1213203435596424,1.75,0.3535533905932738,1.7320508075688772,0.5
335,Yardbird Suite,D3fYc,3,3,1,6,6,10000.0,10000.0,0.0,6.0,6,6,,2.0,,1.7320508075688772,1.0
336,Yardbird Suite,D3fYc,4,4,1,7,7,13000.0,13000.0,0.0,6.0,6,6,,2.0,,1.4142135623730951,1.0
337,Yardbird Suite,D3fYc,5,5,1,9,9,16000.0,16000.0,0.0,3.0,3,3,,0.5,,1.7320508075688772,0.5
338,Yardbird Suite,D3fYc,6,7,2,10,12,19000.0,22000.0,3000.0,4.5,6,3,2.1213203435596424,1.75,0.3535533905932738,1.7320508075688772,0.5
339,Yardbird Suite,D3fYc,8,8,1,16,16,31000.0,31000.0,0.0,3.0,3,3,,1.5,,0.0,2.0
340,Yardbird Suite,D3fYc,9,9,1,17,17,32000.0,32000.0,0.0,6.0,6,6,,2.0,,1.7320508075688772,0.5
341,Yardbird Suite,D3fYc,10,10,1,19,19,36000.0,36000.0,0.0,21.0,21,21,,6.6,,6.4031242374328485,1.0
342,Yardbird Suite,D3fYc,11,11,1,21,21,40000.0,40000.0,0.0,6.0,6,6,,2.0,,6.4031242374328485,0.5
343,Yardbird Suite,D3fYc,12,12,1,22,22,43000.0,43000.0,0.0,6.0,6,6,,2.5,,2.0,0.5
344,Yardbird Suite,D3fYc,13,13,1,24,24,46000.0,46000.0,0.0,6.0,6,6,,2.0,,2.0,2.0
345,Yardbird Suite,D3fYc,14,14,1,25,25,48000.0,48000.0,0.0,3.0,3,3,,0.5,,1.7320508075688772,0.5
346,Yardbird Suite,D3fYc,15,16,2,26,28,51000.0,54000.0,3000.0,6.0,6,6,0.0,2.65,0.9192388155425116,1.8660254037844386,0.5
347,Yardbird Suite,D3fYc,17,17,1,30,30,58000.0,58000.0,0.0,15.0,15,15,,3.0,,6.082762530298219,0.5
348,Yardbird Suite,D3fYc,18,18,1,32,32,63000.0,63000.0,0.0,6.0,6,6,,2.0,,5.0,1.0
349,Yardbird Suite,D3fYc,19,19,1,33,33,64000.0,64000.0,0.0,10.0,10,10,,3.8,,2.0,1.0
350,Yardbird Suite,D3fYc,20,25,6,34,37,66000.0,72000.0,6000.0,9.166666666666666,21,6,6.013872850889572,2.483333333333333,2.251592029357598,3.476127566891659,2.0
351,Yardbird Suite,D3fYc,26,29,4,39,40,76000.0,79000.0,3000.0,4.5,6,3,1.7320508075688772,1.25,0.6454972243679028,2.187824630929567,1.0
352,Yardbird Suite,D3fYc,30,33,4,42,43,82000.0,85000.0,3000.0,5.25,6,3,1.5,1.7,0.6782329983125268,2.5828272578368896,0.5
353,Yardbird Suite,D3fYc,34,35,2,44,45,86000.0,88000.0,2000.0,12.0,21,3,12.727922061357855,3.65,3.040559159102154,8.083213561053588,1.0
354,Yardbird Suite,D3fYc,36,36,1,49,49,96000.0,96000.0,0.0,21.0,21,21,,6.1,,7.874007874011811,1.0
355,Yardbird Suite,D3fYc,37,37,1,51,51,100000.0,100000.0,0.0,15.0,15,15,,5.0,,3.4641016151377544,2.0
356,Yardbird Suite,D3fYc,38,38,1,53,53,104000.0,104000.0,0.0,28.0,28,28,,8.9,,5.744562646538029,0.5
357,Yardbird Suite,D3fYc,39,44,6,54,57,106000.0,112000.0,6000.0,8.166666666666666,21,3,6.794605703546503,2.5666666666666664,2.618141834711532,4.769379432907744,1.0
358,Yardbird Suite,D3fYc,45,46,2,58,58,114000.0,115000.0,1000.0,3.0,3,3,0.0,1.5,1.4142135623730951,2.6389584337646843,0.5
359,Yardbird Suite,D3fYc,47,48,2,59,59,116000.0,117000.0,1000.0,4.5,6,3,2.1213203435596424,1.0,1.4142135623730951,2.029982436718843,0.5
360,Yardbird Suite,D3fYc,49,49,1,60,60,118000.0,118000.0,0.0,10.0,10,10,,2.3,,2.8284271247461903,2.0
361,Yardbird Suite,D3fYc,50,50,1,63,63,124000.0,124000.0,0.0,6.0,6,6,,2.0,,2.8284271247461903,1.0
362,Yardbird Suite,D3fYc,51,52,2,64,64,126000.0,127000.0,1000.0,4.5,6,3,2.1213203435596424,0.75,0.3535533905932738,1.8660254037844386,0.0
363,Relaxing With Lee,FRfYc,0,0,1,1,1,0.0,0.0,0.0,3.0,3,3,,1.0,,0.0,2.0
364,Relaxing With Lee,FRfYc,1,2,2,3,4,4000.0,6000.0,2000.0,8.0,10,6,2.8284271247461903,1.75,1.0606601717798212,2.9364916731037085,1.0
365,Relaxing With Lee,FRfYc,3,3,1,5,5,9000.0,9000.0,0.0,6.0,6,6,,1.8,,3.1622776601683795,2.0
366,Relaxing With Lee,FRfYc,4,5,2,6,7,10000.0,12000.0,2000.0,9.0,15,3,8.48528137423857,2.4,2.6870057685088806,5.333391938211403,1.0
367,Relaxing With Lee,FRfYc,6,6,1,8,8,14000.0,14000.0,0.0,3.0,3,3,,1.5,,1.4142135623730951,1.0
368,Relaxing With Lee,FRfYc,7,7,1,10,10,18000.0,18000.0,0.0,6.0,6,6,,4.0,,2.23606797749979,0.5
369,Relaxing With Lee,FRfYc,8,11,4,12,14,22000.0,26000.0,4000.0,3.75,6,3,1.5,0.875,0.47871355387816905,1.9579555225562348,1.0
370,Relaxing With Lee,FRfYc,12,17,6,15,19,28000.0,36000.0,8000.0,13.0,21,6,6.387487769068525,4.05,2.624309432974701,3.5469140687282965,1.0
371,Relaxing With Lee,FRfYc,18,18,1,20,20,38000.0,38000.0,0.0,15.0,15,15,,5.3,,3.872983346207417,1.0
372,Relaxing With Lee,FRfYc,19,19,1,21,21,40000.0,40000.0,0.0,6.0,6,6,,2.0,,3.872983346207417,1.0
373,Relaxing With Lee,FRfYc,20,21,2,23,24,44000.0,46000.0,2000.0,18.0,21,15,4.242640687119285,5.3,2.1213203435596424,4.050278165157308,0.5
374,Relaxing With Lee,FRfYc,22,22,1,25,25,48000.0,48000.0,0.0,21.0,21,21,,7.1,,2.0,1.0
375,Relaxing With Lee,FRfYc,23,24,2,26,27,50000.0,52000.0,2000.0,15.5,21,10,7.7781745930520225,5.449999999999999,2.3334523779156067,4.08113883008419,1.0
376,Relaxing With Lee,FRfYc,25,25,1,28,28,54000.0,54000.0,0.0,21.0,21,21,,7.8,,5.196152422706632,0.5
377,Relaxing With Lee,FRfYc,26,29,4,29,31,56000.0,60000.0,4000.0,5.25,6,3,1.5,1.7,0.5715476066494082,3.0896213680930638,0.5
378,Relaxing With Lee,FRfYc,30,30,1,33,33,64000.0,64000.0,0.0,6.0,6,6,,1.0,,3.0,4.0
379,Relaxing With Lee,FRfYc,31,36,6,98,102,194000.0,202000.0,8000.0,10.166666666666666,15,3,5.879342366852493,2.6,1.6685322891691368,4.249424063982452,1.0
380,Relaxing With Lee,FRfYc,37,38,2,106,107,210000.0,212000.0,2000.0,6.5,10,3,4.949747468305833,2.25,1.0606601717798212,4.89868274438163,1.0
381,Relaxing With Lee,FRfYc,39,39,1,109,109,217000.0,217000.0,0.0,6.0,6,6,,1.3,,2.8284271247461903,1.0
382,Relaxing With Lee,FRfYc,40,41,2,110,111,218000.0,220000.0,2000.0,12.5,15,10,3.5355339059327378,4.05,1.7677669529663689,3.23945122526189,1.0
383,Relaxing With Lee,FRfYc,42,42,1,112,112,222000.0,222000.0,0.0,10.0,10,10,,4.5,,2.6457513110645907,1.0
384,Relaxing With Lee,FRfYc,43,43,1,113,113,224000.0,224000.0,0.0,3.0,3,3,,0.0,,4.358898943540674,1.0
385,Relaxing With Lee,FRfYc,44,46,3,114,116,226000.0,230000.0,4000.0,10.333333333333334,15,6,4.509249752822894,3.5,0.8660254037844386,4.954130127395389,2.0
386,Relaxing With Lee,FRfYc,47,49,3,118,120,234000.0,238000.0,4000.0,19.0,21,15,3.4641016151377544,5.8,1.3228756555322954,2.35483170074866,1.0
387,Relaxing With Lee,FRfYc,50,50,1,121,121,240000.0,240000.0,0.0,21.0,21,21,,7.6,,2.0,1.0
388,Relaxing With Lee,FRfYc,51,52,2,122,123,242000.0,244000.0,2000.0,21.5,28,15,9.192388155425117,6.3,3.2526911934581184,5.004337756448419,1.0
389,Relaxing With Lee,FRfYc,53,54,2,125,125,248000.0,249000.0,1000.0,4.5,6,3,2.1213203435596424,1.25,1.7677669529663689,3.6141635030102153,1.0
390,Relaxing With Lee,FRfYc,55,55,1,127,127,252000.0,252000.0,0.0,15.0,15,15,,4.3,,5.0990195135927845,0.5
391,Relaxing With Lee,FRfYc,56,58,3,128,129,254000.0,257000.0,3000.0,14.0,21,6,7.54983443527075,4.666666666666666,2.400694344004112,4.60470901904496,0.0
392,Ornithology,KRfYc,0,1,2,2,3,2000.0,4000.0,2000.0,6.5,10,3,4.949747468305833,1.25,1.7677669529663689,1.9364916731037085,1.0
393,Ornithology,KRfYc,2,3,2,4,5,6000.0,8000.0,2000.0,13.5,21,6,10.606601717798213,3.4,2.6870057685088806,7.5509329258181825,0.5
394,Ornithology,KRfYc,4,4,1,6,6,10000.0,10000.0,0.0,10.0,10,10,,3.0,,2.0,2.0
395,Ornithology,KRfYc,5,6,2,8,9,14000.0,16000.0,2000.0,8.0,10,6,2.8284271247461903,2.75,0.3535533905932738,2.2882456112707374,1.0
396,Ornithology,KRfYc,7,8,2,10,11,18000.0,20000.0,2000.0,6.5,10,3,4.949747468305833,2.65,1.6263455967290592,2.724744871391589,1.0
397,Ornithology,KRfYc,9,10,2,12,13,22000.0,24000.0,2000.0,9.0,15,3,8.48528137423857,2.9,1.979898987322333,5.656854249492381,0.5
398,Ornithology,KRfYc,11,12,2,18,19,34000.0,36000.0,2000.0,6.5,10,3,4.949747468305833,1.25,1.7677669529663689,3.872983346207417,1.0
399,Ornithology,KRfYc,13,14,2,20,21,38000.0,40000.0,2000.0,13.5,21,6,10.606601717798213,3.4,2.6870057685088806,7.5509329258181825,0.5
400,Ornithology,KRfYc,15,15,1,22,22,42000.0,42000.0,0.0,10.0,10,10,,3.0,,2.0,2.0
401,Ornithology,KRfYc,16,17,2,24,25,46000.0,48000.0,2000.0,8.0,10,6,2.8284271247461903,2.75,0.3535533905932738,2.2882456112707374,1.0
402,Ornithology,KRfYc,18,19,2,26,27,50000.0,52000.0,2000.0,6.5,10,3,4.949747468305833,2.65,1.6263455967290592,2.724744871391589,1.0
403,Ornithology,KRfYc,20,21,2,28,29,54000.0,56000.0,2000.0,9.0,15,3,8.48528137423857,3.05,2.192031021678297,5.830951894845301,0.5
404,Ornithology,KRfYc,22,27,6,30,32,58000.0,63000.0,5000.0,4.5,6,3,1.6431676725154984,1.5,0.0,2.23606797749979,1.0
405,Ornithology,KRfYc,28,30,3,34,36,66000.0,70000.0,4000.0,16.333333333333332,28,6,11.060440015358038,4.8,3.080584360149872,6.80489176107043,4.0
406,Ornithology,KRfYc,31,33,3,38,40,74000.0,78000.0,4000.0,13.666666666666666,21,10,6.3508529610858835,3.533333333333333,2.236813209307682,4.147157896267509,4.0
407,Ornithology,KRfYc,34,34,1,42,42,82000.0,82000.0,0.0,15.0,15,15,,4.3,,2.23606797749979,0.5
408,Ornithology,KRfYc,35,38,4,43,45,84000.0,88000.0,4000.0,10.5,21,3,9.0,3.425,2.6487418396916924,4.694781675329489,1.0
409,Ornithology,KRfYc,39,39,1,47,47,92000.0,92000.0,0.0,6.0,6,6,,1.5,,4.358898943540674,1.0
410,Ornithology,KRfYc,40,42,3,48,50,94000.0,98000.0,4000.0,17.333333333333332,21,10,6.3508529610858835,5.633333333333333,3.1659648345067466,4.6347854517353335,1.0
411,Ornithology,KRfYc,43,44,2,52,53,102000.0,104000.0,2000.0,9.0,15,3,8.48528137423857,2.4,2.6870057685088806,3.667543745546287,2.0
412,Ornithology,KRfYc,45,45,1,54,54,106000.0,106000.0,0.0,28.0,28,28,,10.1,,10.63014581273465,0.5
413,Ornithology,KRfYc,46,46,1,56,56,110000.0,110000.0,0.0,3.0,3,3,,1.0,,10.535653752852738,1.0
414,Ornithology,KRfYc,47,47,1,57,57,112000.0,112000.0,0.0,10.0,10,10,,3.3,,3.0,1.0
415,Ornithology,KRfYc,48,48,1,58,58,114000.0,114000.0,0.0,10.0,10,10,,3.8,,1.4142135623730951,0.5
416,Ornithology,KRfYc,49,49,1,59,59,116000.0,116000.0,0.0,3.0,3,3,,1.5,,3.0,0.5
417,Ornithology,KRfYc,50,51,2,59,60,117000.0,118000.0,1000.0,4.5,6,3,2.1213203435596424,1.5,1.4142135623730951,2.029982436718843,1.0
418,Ornithology,KRfYc,52,55,4,62,63,122000.0,125000.0,3000.0,4.5,6,3,1.7320508075688772,1.875,1.4361406616345072,2.7798648763518523,0.5
419,Ornithology,KRfYc,56,59,4,64,65,126000.0,129000.0,3000.0,5.5,10,3,3.3166247903554,2.0,1.4719601443879744,2.448833363743619,0.0
420,My Little Suede Shoes,LRfYc,0,0,1,1,1,0.0,0.0,0.0,3.0,3,3,,0.0,,0.0,2.0
421,My Little Suede Shoes,LRfYc,1,1,1,2,2,3000.0,3000.0,0.0,3.0,3,3,,1.0,,2.449489742783178,0.5
422,My Little Suede Shoes,LRfYc,2,2,1,3,3,4000.0,4000.0,0.0,3.0,3,3,,0.0,,2.449489742783178,2.0
423,My Little Suede Shoes,LRfYc,3,3,1,5,5,8000.0,8000.0,0.0,3.0,3,3,,0.0,,0.0,2.0
424,My Little Suede Shoes,LRfYc,4,4,1,6,6,11000.0,11000.0,0.0,3.0,3,3,,1.0,,2.449489742783178,0.5
425,My Little Suede Shoes,LRfYc,5,5,1,9,9,16000.0,16000.0,0.0,3.0,3,3,,0.0,,2.449489742783178,2.0
426,My Little Suede Shoes,LRfYc,6,6,1,10,10,19000.0,19000.0,0.0,3.0,3,3,,1.0,,2.449489742783178,0.5
427,My Little Suede Shoes,LRfYc,7,7,1,11,11,20000.0,20000.0,0.0,3.0,3,3,,0.0,,2.449489742783178,2.0
428,My Little Suede Shoes,LRfYc,8,8,1,13,13,24000.0,24000.0,0.0,3.0,3,3,,0.0,,0.0,2.0
429,My Little Suede Shoes,LRfYc,9,9,1,14,14,27000.0,27000.0,0.0,3.0,3,3,,1.0,,2.449489742783178,0.5
430,My Little Suede Shoes,LRfYc,10,10,1,17,17,32000.0,32000.0,0.0,3.0,3,3,,1.0,,0.0,2.0
431,My Little Suede Shoes,LRfYc,11,11,1,18,18,34000.0,34000.0,0.0,6.0,6,6,,2.3,,2.23606797749979,0.5
432,My Little Suede Shoes,LRfYc,12,12,1,19,19,36000.0,36000.0,0.0,3.0,3,3,,0.0,,1.7320508075688772,0.5
433,My Little Suede Shoes,LRfYc,13,13,1,20,20,38000.0,38000.0,0.0,6.0,6,6,,1.0,,2.23606797749979,0.5
434,My Little Suede Shoes,LRfYc,14,14,1,21,21,40000.0,40000.0,0.0,3.0,3,3,,1.0,,2.23606797749979,0.5
435,My Little Suede Shoes,LRfYc,15,15,1,22,22,42000.0,42000.0,0.0,6.0,6,6,,2.3,,2.23606797749979,0.5
436,My Little Suede Shoes,LRfYc,16,17,2,24,25,47000.0,48000.0,1000.0,4.5,6,3,2.1213203435596424,1.0,1.4142135623730951,1.8251407699364424,0.5
437,My Little Suede Shoes,LRfYc,18,18,1,26,26,51000.0,51000.0,0.0,3.0,3,3,,1.0,,2.449489742783178,0.5
438,My Little Suede Shoes,LRfYc,19,19,1,27,27,52000.0,52000.0,0.0,3.0,3,3,,0.0,,2.449489742783178,2.0
439,My Little Suede Shoes,LRfYc,20,20,1,29,29,56000.0,56000.0,0.0,3.0,3,3,,0.0,,0.0,2.0
440,My Little Suede Shoes,LRfYc,21,21,1,30,30,59000.0,59000.0,0.0,3.0,3,3,,1.0,,2.449489742783178,0.5
441,My Little Suede Shoes,LRfYc,22,22,1,33,33,64000.0,64000.0,0.0,3.0,3,3,,0.0,,2.449489742783178,2.0
442,My Little Suede Shoes,LRfYc,23,25,3,34,35,66000.0,68000.0,2000.0,4.0,6,3,1.7320508075688772,1.7666666666666666,0.6429100507328637,2.5485837703548637,1.0
443,My Little Suede Shoes,LRfYc,26,27,2,36,36,70000.0,71000.0,1000.0,6.0,6,6,0.0,1.25,1.0606601717798212,2.3228756555322954,2.0
444,My Little Suede Shoes,LRfYc,28,28,1,38,38,74000.0,74000.0,0.0,6.0,6,6,,1.0,,2.8284271247461903,0.5
445,My Little Suede Shoes,LRfYc,29,33,5,38,40,75000.0,79000.0,4000.0,6.8,10,6,1.788854381999832,2.1399999999999997,1.2136721138759017,2.8967351738882128,0.5
446,My Little Suede Shoes,LRfYc,34,34,1,43,43,84000.0,84000.0,0.0,36.0,36,36,,12.9,,12.727922061357855,0.5
447,My Little Suede Shoes,LRfYc,35,37,3,44,45,86000.0,88000.0,2000.0,23.333333333333332,28,21,4.041451884327381,8.700000000000001,1.1269427669584646,4.720996599921997,0.5
448,My Little Suede Shoes,LRfYc,38,38,1,46,46,90000.0,90000.0,0.0,10.0,10,10,,1.5,,8.246211251235321,2.0
449,My Little Suede Shoes,LRfYc,39,43,5,47,49,92000.0,97000.0,5000.0,15.4,21,10,5.504543577809154,4.959999999999999,2.1372880011828075,4.728941756738807,1.0
450,My Little Suede Shoes,LRfYc,44,44,1,50,50,98000.0,98000.0,0.0,15.0,15,15,,3.0,,3.7416573867739418,0.5
451,My Little Suede Shoes,LRfYc,45,45,1,51,51,100000.0,100000.0,0.0,3.0,3,3,,1.0,,6.324555320336759,0.5
452,My Little Suede Shoes,LRfYc,46,50,5,51,53,101000.0,105000.0,4000.0,7.0,10,3,3.0,2.62,1.2153188881935473,3.007488703402833,1.0
453,My Little Suede Shoes,LRfYc,51,52,2,55,56,109000.0,111000.0,2000.0,8.0,10,6,2.8284271247461903,2.75,2.4748737341529163,2.732050807568877,0.5
454,My Little Suede Shoes,LRfYc,53,54,2,57,58,112000.0,114000.0,2000.0,12.0,21,3,12.727922061357855,3.15,4.4547727214752495,7.201562118716424,0.5
455,My Little Suede Shoes,LRfYc,55,55,1,60,60,118000.0,118000.0,0.0,6.0,6,6,,1.0,,3.0,0.5
456,My Little Suede Shoes,LRfYc,56,59,4,60,62,119000.0,123000.0,4000.0,8.5,15,3,5.196152422706632,2.525,1.54137384606504,3.3528580922511386,0.5
457,My Little Suede Shoes,LRfYc,60,61,2,64,65,126000.0,128000.0,2000.0,6.5,10,3,4.949747468305833,3.15,2.3334523779156067,2.9811880507099953,0.0
458,Visa,N3fYc,0,2,3,2,4,2000.0,6000.0,4000.0,6.333333333333333,10,3,3.5118845842842465,2.1,2.455605831561735,2.1074910296635316,0.5
459,Visa,N3fYc,3,4,2,5,6,8000.0,10000.0,2000.0,13.5,21,6,10.606601717798213,5.199999999999999,4.1012193308819755,7.3648312372064275,0.5
460,Visa,N3fYc,5,5,1,7,7,12000.0,12000.0,0.0,10.0,10,10,,3.3,,3.1622776601683795,0.5
461,Visa,N3fYc,6,7,2,8,9,14000.0,16000.0,2000.0,6.0,6,6,0.0,1.25,0.3535533905932738,2.121320343559643,0.5
462,Visa,N3fYc,8,8,1,10,10,18000.0,18000.0,0.0,10.0,10,10,,2.8,,2.449489742783178,0.5
463,Visa,N3fYc,9,9,1,12,12,22000.0,22000.0,0.0,6.0,6,6,,2.5,,2.8284271247461903,1.0
464,Visa,N3fYc,10,10,1,13,13,24000.0,24000.0,0.0,10.0,10,10,,4.3,,2.449489742783178,0.5
465,Visa,N3fYc,11,13,3,14,16,26000.0,30000.0,4000.0,6.333333333333333,10,3,3.5118845842842465,2.1,2.455605831561735,3.2621915680427827,0.5
466,Visa,N3fYc,14,15,2,17,18,32000.0,34000.0,2000.0,13.5,21,6,10.606601717798213,5.199999999999999,4.1012193308819755,7.3648312372064275,0.5
467,Visa,N3fYc,16,16,1,19,19,36000.0,36000.0,0.0,10.0,10,10,,3.3,,3.1622776601683795,0.5
468,Visa,N3fYc,17,18,2,20,21,38000.0,40000.0,2000.0,6.0,6,6,0.0,1.25,0.3535533905932738,2.121320343559643,0.5
469,Visa,N3fYc,19,19,1,22,22,42000.0,42000.0,0.0,10.0,10,10,,2.8,,2.449489742783178,0.5
470,Visa,N3fYc,20,20,1,24,24,46000.0,46000.0,0.0,6.0,6,6,,2.5,,2.8284271247461903,1.0
471,Visa,N3fYc,21,21,1,25,25,48000.0,48000.0,0.0,21.0,21,21,,6.1,,6.557438524302,0.5
472,Visa,N3fYc,22,24,3,26,28,50000.0,54000.0,4000.0,19.333333333333332,28,15,7.505553499465135,6.233333333333333,3.0105370506494906,5.0751671775678595,2.0
473,Visa,N3fYc,25,25,1,30,30,58000.0,58000.0,0.0,3.0,3,3,,0.5,,5.0990195135927845,1.0
474,Visa,N3fYc,26,28,3,31,33,60000.0,64000.0,4000.0,15.333333333333334,21,10,5.507570547286102,5.133333333333334,1.7387735140993301,4.870253556817825,2.0
475,Visa,N3fYc,29,29,1,35,35,68000.0,68000.0,0.0,55.0,55,55,,19.0,,14.2828568570857,1.0
476,Visa,N3fYc,30,31,2,36,37,70000.0,72000.0,2000.0,15.5,21,10,7.7781745930520225,4.3,1.4142135623730951,9.960232228618672,0.5
477,Visa,N3fYc,32,33,2,38,39,74000.0,76000.0,2000.0,21.5,28,15,9.192388155425117,6.449999999999999,3.040559159102154,6.656865527622427,0.5
478,Visa,N3fYc,34,34,1,40,40,78000.0,78000.0,0.0,28.0,28,28,,9.6,,5.5677643628300215,1.0
479,Visa,N3fYc,35,35,1,42,42,82000.0,82000.0,0.0,6.0,6,6,,2.0,,9.16515138991168,0.5
480,Visa,N3fYc,36,36,1,43,43,84000.0,84000.0,0.0,10.0,10,10,,2.8,,2.449489742783178,1.0
481,Visa,N3fYc,37,37,1,44,44,86000.0,86000.0,0.0,6.0,6,6,,4.0,,4.0,1.0
482,Visa,N3fYc,38,38,1,45,45,88000.0,88000.0,0.0,10.0,10,10,,2.5,,4.0,0.5
483,Visa,N3fYc,39,39,1,46,46,90000.0,90000.0,0.0,15.0,15,15,,5.3,,3.0,1.0
484,Visa,N3fYc,40,41,2,47,48,92000.0,94000.0,2000.0,18.0,21,15,4.242640687119285,4.65,2.3334523779156067,2.995352392457285,1.0
485,Visa,N3fYc,42,43,2,50,51,98000.0,100000.0,2000.0,12.5,15,10,3.5355339059327378,3.4499999999999997,1.6263455967290592,3.5023251273026323,1.0
486,Visa,N3fYc,44,45,2,52,53,102000.0,104000.0,2000.0,21.5,28,15,9.192388155425117,6.949999999999999,3.7476659402887016,5.9947803224682135,0.5
487,Visa,N3fYc,46,46,1,54,54,106000.0,106000.0,0.0,21.0,21,21,,5.3,,3.1622776601683795,1.0
488,Visa,N3fYc,47,47,1,56,56,110000.0,110000.0,0.0,15.0,15,15,,6.6,,5.291502622129181,1.0
489,Visa,N3fYc,48,52,5,57,60,112000.0,118000.0,6000.0,9.2,15,3,6.016643582596529,2.94,1.4028542333400145,3.9108777442264566,0.5
490,Visa,N3fYc,53,54,2,61,62,121000.0,122000.0,1000.0,6.0,6,6,0.0,1.0,0.0,1.9364916731037085,0.0
491,Kim (No. 1),N8swc,0,3,4,2,4,2000.0,6000.0,4000.0,6.25,10,3,2.8722813232690143,1.525,1.0372238588334406,2.3344005207582166,1.0
492,Kim (No. 1),N8swc,4,4,1,6,6,11000.0,11000.0,0.0,6.0,6,6,,2.0,,2.449489742783178,1.0
493,Kim (No. 1),N8swc,5,7,3,7,8,12000.0,14000.0,2000.0,5.0,6,3,1.7320508075688772,1.5,0.5,2.6314428225790856,2.0
494,Kim (No. 1),N8swc,8,8,1,10,10,18000.0,18000.0,0.0,21.0,21,21,,5.8,,6.708203932499369,0.5
495,Kim (No. 1),N8swc,9,10,2,11,11,20000.0,21000.0,1000.0,6.0,6,6,0.0,2.4,0.14142135623730964,4.5,1.0
496,Kim (No. 1),N8swc,11,17,7,13,16,24000.0,30000.0,6000.0,5.714285714285714,10,3,2.3603873774083293,1.6142857142857143,1.3813382055438987,2.204602914315203,1.0
497,Kim (No. 1),N8swc,18,20,3,18,20,34000.0,38000.0,4000.0,15.333333333333334,21,10,5.507570547286102,4.633333333333333,2.0816659994661326,5.21986874871508,1.0
498,Kim (No. 1),N8swc,21,21,1,21,21,40000.0,40000.0,0.0,6.0,6,6,,1.0,,3.7416573867739418,2.0
499,Kim (No. 1),N8swc,22,26,5,22,26,42000.0,50000.0,8000.0,15.6,21,6,6.148170459575759,5.340000000000001,2.8289574051229547,4.91528772494751,1.0
500,Kim (No. 1),N8swc,27,33,7,27,30,52000.0,58000.0,6000.0,5.285714285714286,10,3,2.5634797778466227,1.6285714285714286,0.8976158898517148,2.6198865785682197,1.0
501,Kim (No. 1),N8swc,34,34,1,31,31,60000.0,60000.0,0.0,3.0,3,3,,1.5,,2.0,1.0
502,Kim (No. 1),N8swc,35,35,1,33,33,65000.0,65000.0,0.0,3.0,3,3,,1.8,,2.0,0.5
503,Kim (No. 1),N8swc,36,41,6,35,37,68000.0,73000.0,5000.0,4.5,6,3,1.6431676725154984,1.6500000000000001,0.5319774431308155,2.593412988719178,0.5
504,Kim (No. 1),N8swc,42,47,6,38,41,74000.0,81000.0,7000.0,5.5,6,3,1.224744871391589,2.3333333333333335,1.0801234497346435,2.0511892982275444,2.0
505,Kim (No. 1),N8swc,48,59,12,42,48,82000.0,94000.0,12000.0,6.75,21,3,5.594234044572549,2.375,2.222662203918371,2.905584726920555,1.0
506,Kim (No. 1),N8swc,60,62,3,50,52,98000.0,102000.0,4000.0,17.333333333333332,21,10,6.3508529610858835,6.233333333333333,3.2654759734735967,4.143415046160226,1.0
507,Kim (No. 1),N8swc,63,63,1,53,53,104000.0,104000.0,0.0,6.0,6,6,,1.0,,3.7416573867739418,2.0
508,Kim (No. 1),N8swc,64,64,1,54,54,106000.0,106000.0,0.0,28.0,28,28,,11.6,,10.099504938362076,0.5
509,Kim (No. 1),N8swc,65,70,6,56,60,110000.0,118000.0,8000.0,11.0,21,3,7.014271166700073,3.6999999999999997,2.7202941017470885,3.374022241028488,2.0
510,Kim (No. 1),N8swc,71,73,3,63,64,124000.0,127000.0,3000.0,7.666666666666667,10,3,4.041451884327381,1.3333333333333333,1.1547005383792517,3.15389223515233,2.0
511,Kim (No. 1),N8swc,74,77,4,66,68,130000.0,134000.0,4000.0,8.25,21,3,8.616843969807043,2.725,2.5197552791226903,5.353695390483742,0.5
512,Kim (No. 1),N8swc,78,78,1,69,69,137000.0,137000.0,0.0,3.0,3,3,,0.5,,2.449489742783178,1.0
513,Kim (No. 1),N8swc,79,82,4,70,72,138000.0,142000.0,4000.0,10.0,21,3,7.874007874011811,2.825,2.4267605293202434,5.6614378277661475,4.0
514,Kim (No. 1),N8swc,83,90,8,74,78,146000.0,155000.0,9000.0,7.5,21,3,5.5549205986353085,2.3125,1.687294961088394,4.058982551007651,1.0
515,Kim (No. 1),N8swc,91,93,3,79,80,156000.0,158000.0,2000.0,7.333333333333333,10,6,2.309401076758503,2.5,1.8027756377319946,2.621234435052091,1.0
516,Kim (No. 1),N8swc,94,96,3,82,84,162000.0,166000.0,4000.0,13.333333333333334,15,10,2.8867513459481287,4.5,1.0816653826391969,2.9969015949715234,1.0
517,Kim (No. 1),N8swc,97,97,1,86,86,170000.0,170000.0,0.0,21.0,21,21,,7.8,,3.1622776601683795,0.5
518,Kim (No. 1),N8swc,98,99,2,87,88,172000.0,174000.0,2000.0,18.0,21,15,4.242640687119285,5.05,1.0606601717798212,2.8284271247461903,2.0
519,Kim (No. 1),N8swc,100,107,8,90,94,178000.0,186000.0,8000.0,7.125,21,3,5.767829500154902,2.2,1.5565529682144268,2.901076463073898,0.5
520,Kim (No. 1),N8swc,108,108,1,95,95,188000.0,188000.0,0.0,10.0,10,10,,2.5,,4.358898943540674,0.5
521,Kim (No. 1),N8swc,109,109,1,96,96,190000.0,190000.0,0.0,10.0,10,10,,3.8,,2.0,1.0
522,Kim (No. 1),N8swc,110,112,3,97,98,192000.0,194000.0,2000.0,5.0,6,3,1.7320508075688772,1.6666666666666667,0.28867513459481287,2.418610938445625,0.0
523,Au Privave (No. 2),Nqn4c,0,0,1,1,1,0.0,0.0,0.0,6.0,6,6,,1.0,,0.0,2.0
524,Au Privave (No. 2),Nqn4c,1,1,1,2,2,2000.0,2000.0,0.0,6.0,6,6,,1.5,,2.0,2.0
525,Au Privave (No. 2),Nqn4c,2,3,2,5,6,8000.0,10000.0,2000.0,10.0,10,10,0.0,2.4,0.5656854249492379,1.7071067811865475,1.0
526,Au Privave (No. 2),Nqn4c,4,8,5,7,10,12000.0,18000.0,6000.0,13.0,28,6,9.16515138991168,4.4,3.3481338085566414,3.277317122052603,2.0
527,Au Privave (No. 2),Nqn4c,9,9,1,13,13,24000.0,24000.0,0.0,6.0,6,6,,1.5,,9.055385138137416,1.0
528,Au Privave (No. 2),Nqn4c,10,10,1,14,14,26000.0,26000.0,0.0,6.0,6,6,,2.0,,2.0,1.0
529,Au Privave (No. 2),Nqn4c,11,11,1,15,15,28000.0,28000.0,0.0,15.0,15,15,,5.0,,4.123105625617661,1.0
530,Au Privave (No. 2),Nqn4c,12,12,1,16,16,31000.0,31000.0,0.0,10.0,10,10,,3.8,,3.872983346207417,1.0
531,Au Privave (No. 2),Nqn4c,13,13,1,17,17,32000.0,32000.0,0.0,10.0,10,10,,4.0,,2.0,1.0
532,Au Privave (No. 2),Nqn4c,14,17,4,18,21,34000.0,40000.0,6000.0,11.0,21,3,7.438637868140466,3.675,2.65,4.455886334093382,1.0
533,Au Privave (No. 2),Nqn4c,18,18,1,22,22,42000.0,42000.0,0.0,21.0,21,21,,6.1,,5.196152422706632,1.0
534,Au Privave (No. 2),Nqn4c,19,19,1,23,23,44000.0,44000.0,0.0,15.0,15,15,,4.3,,2.8284271247461903,1.0
535,Au Privave (No. 2),Nqn4c,20,20,1,24,24,46000.0,46000.0,0.0,3.0,3,3,,1.0,,5.291502622129181,2.0
536,Au Privave (No. 2),Nqn4c,21,21,1,25,25,48000.0,48000.0,0.0,10.0,10,10,,3.8,,3.605551275463989,0.5
537,Au Privave (No. 2),Nqn4c,22,22,1,26,26,50000.0,50000.0,0.0,10.0,10,10,,2.0,,2.0,1.0
538,Au Privave (No. 2),Nqn4c,23,23,1,29,29,56000.0,56000.0,0.0,6.0,6,6,,1.0,,2.449489742783178,2.0
539,Au Privave (No. 2),Nqn4c,24,24,1,30,30,58000.0,58000.0,0.0,15.0,15,15,,6.1,,4.358898943540674,0.5
540,Au Privave (No. 2),Nqn4c,25,27,3,31,33,60000.0,64000.0,4000.0,10.333333333333334,15,6,4.509249752822894,3.133333333333333,1.0408329997330663,3.4831632475943928,1.0
541,Au Privave (No. 2),Nqn4c,28,29,2,34,35,66000.0,68000.0,2000.0,9.0,15,3,8.48528137423857,2.9,1.979898987322333,3.445719568712378,2.0
542,Au Privave (No. 2),Nqn4c,30,31,2,37,38,72000.0,74000.0,2000.0,10.5,15,6,6.363961030678928,4.4,3.394112549695428,4.825200782834928,2.0
543,Au Privave (No. 2),Nqn4c,32,39,8,39,44,76000.0,87000.0,11000.0,10.0,28,3,8.12403840463596,3.3875,2.8246049028391313,4.821692627828682,2.0
544,Au Privave (No. 2),Nqn4c,40,40,1,46,46,90000.0,90000.0,0.0,6.0,6,6,,2.0,,1.4142135623730951,1.0
545,Au Privave (No. 2),Nqn4c,41,43,3,46,48,91000.0,95000.0,4000.0,24.0,36,15,10.816653826391969,7.533333333333334,3.8552993831002715,7.5162860602202,0.0
546,Now's The Time (No. 1),PRfYc,0,1,2,2,3,2000.0,4000.0,2000.0,12.5,15,10,3.5355339059327378,4.4,3.394112549695428,2.179449471770337,2.0
547,Now's The Time (No. 1),PRfYc,2,4,3,7,9,12000.0,16000.0,4000.0,10.333333333333334,15,6,4.509249752822894,2.6,0.529150262212918,3.720759220056127,1.0
548,Now's The Time (No. 1),PRfYc,5,5,1,11,11,20000.0,20000.0,0.0,36.0,36,36,,11.9,,11.135528725660045,0.5
549,Now's The Time (No. 1),PRfYc,6,6,1,12,12,22000.0,22000.0,0.0,21.0,21,21,,5.3,,6.557438524302,1.0
550,Now's The Time (No. 1),PRfYc,7,8,2,15,16,28000.0,30000.0,2000.0,3.0,3,3,0.0,1.5,0.0,4.242640687119285,2.0
551,Now's The Time (No. 1),PRfYc,9,9,1,17,17,32000.0,32000.0,0.0,6.0,6,6,,2.3,,1.7320508075688772,0.5
552,Now's The Time (No. 1),PRfYc,10,10,1,18,18,34000.0,34000.0,0.0,21.0,21,21,,5.8,,7.0,1.0
553,Now's The Time (No. 1),PRfYc,11,11,1,20,20,38000.0,38000.0,0.0,15.0,15,15,,5.3,,3.1622776601683795,0.5
554,Now's The Time (No. 1),PRfYc,12,14,3,21,22,40000.0,42000.0,2000.0,14.0,36,3,19.05255888325765,4.3,6.6007575322836995,6.866053391317361,0.5
555,Now's The Time (No. 1),PRfYc,15,16,2,23,24,44000.0,46000.0,2000.0,15.0,15,15,0.0,4.449999999999999,0.21213203435596414,6.023985791019539,4.0
556,Now's The Time (No. 1),PRfYc,17,18,2,26,27,50000.0,52000.0,2000.0,6.0,6,6,0.0,1.4,1.2727922061357855,2.9364916731037085,1.0
557,Now's The Time (No. 1),PRfYc,19,20,2,28,29,54000.0,56000.0,2000.0,10.0,10,10,0.0,2.15,0.9192388155425116,3.414213562373095,1.0
558,Now's The Time (No. 1),PRfYc,21,22,2,30,31,58000.0,60000.0,2000.0,10.0,10,10,0.0,3.3,0.7071067811865476,0.7071067811865476,1.0
559,Now's The Time (No. 1),PRfYc,23,26,4,32,34,62000.0,66000.0,4000.0,12.5,28,6,10.503967504392486,3.675,3.303911822875019,6.6345074832964865,2.0
560,Now's The Time (No. 1),PRfYc,27,27,1,36,36,70000.0,70000.0,0.0,6.0,6,6,,2.3,,3.1622776601683795,1.0
561,Now's The Time (No. 1),PRfYc,28,31,4,38,41,74000.0,80000.0,6000.0,11.25,15,10,2.5,2.325,0.4716990566028302,2.540569415042095,0.5
562,Now's The Time (No. 1),PRfYc,32,32,1,42,42,82000.0,82000.0,0.0,6.0,6,6,,2.0,,5.0,0.5
563,Now's The Time (No. 1),PRfYc,33,33,1,44,44,86000.0,86000.0,0.0,10.0,10,10,,4.8,,2.8284271247461903,1.0
564,Now's The Time (No. 1),PRfYc,34,34,1,45,45,88000.0,88000.0,0.0,15.0,15,15,,3.0,,4.795831523312719,0.5
565,Now's The Time (No. 1),PRfYc,35,35,1,46,46,90000.0,90000.0,0.0,15.0,15,15,,5.3,,4.0,0.5
566,Now's The Time (No. 1),PRfYc,36,38,3,47,49,92000.0,96000.0,4000.0,11.0,15,3,6.928203230275509,3.8000000000000003,1.9078784028338909,3.9138857955913138,2.0
567,Now's The Time (No. 1),PRfYc,39,44,6,51,55,100000.0,108000.0,8000.0,13.5,28,6,8.983317872590282,5.116666666666666,3.3343165216677715,4.611653986526514,2.0
568,Now's The Time (No. 1),PRfYc,45,45,1,57,57,112000.0,112000.0,0.0,3.0,3,3,,1.5,,2.23606797749979,1.0
569,Now's The Time (No. 1),PRfYc,46,50,5,58,61,114000.0,121000.0,7000.0,10.4,15,6,4.505552130427524,2.58,1.3292855223765885,3.5977025236640756,0.0
570,Bird Gets the Worm,Pq3yc,0,1,2,1,2,0.0,2000.0,2000.0,8.0,10,6,2.8284271247461903,2.0,0.0,1.224744871391589,1.0
571,Bird Gets the Worm,Pq3yc,2,2,1,3,3,4000.0,4000.0,0.0,6.0,6,6,,1.0,,3.1622776601683795,2.0
572,Bird Gets the Worm,Pq3yc,3,5,3,4,6,6000.0,10000.0,4000.0,15.0,15,15,0.0,5.966666666666666,1.2342339054382414,4.64515198343001,1.0
573,Bird Gets the Worm,Pq3yc,6,6,1,7,7,12000.0,12000.0,0.0,6.0,6,6,,0.5,,4.795831523312719,2.0
574,Bird Gets the Worm,Pq3yc,7,9,3,8,10,14000.0,18000.0,4000.0,10.333333333333334,15,6,4.509249752822894,3.4666666666666663,2.573583752927682,3.7309195054064674,2.0
575,Bird Gets the Worm,Pq3yc,10,10,1,11,11,20000.0,20000.0,0.0,6.0,6,6,,1.0,,1.4142135623730951,1.0
576,Bird Gets the Worm,Pq3yc,11,11,1,12,12,22000.0,22000.0,0.0,10.0,10,10,,2.8,,2.449489742783178,1.0
577,Bird Gets the Worm,Pq3yc,12,12,1,13,13,25000.0,25000.0,0.0,3.0,3,3,,1.5,,3.3166247903554,1.0
578,Bird Gets the Worm,Pq3yc,13,14,2,14,14,26000.0,27000.0,1000.0,4.5,6,3,2.1213203435596424,0.25,0.3535533905932738,1.8660254037844386,1.0
579,Bird Gets the Worm,Pq3yc,15,15,1,17,17,32000.0,32000.0,0.0,15.0,15,15,,6.8,,5.385164807134504,1.0
580,Bird Gets the Worm,Pq3yc,16,19,4,18,21,34000.0,40000.0,6000.0,12.0,15,3,6.0,3.05,2.1687169786150826,4.021097136139561,1.0
581,Bird Gets the Worm,Pq3yc,20,22,3,22,24,42000.0,46000.0,4000.0,12.0,15,6,5.196152422706632,3.2999999999999994,1.9974984355438177,3.8834671885566188,1.0
582,Bird Gets the Worm,Pq3yc,23,28,6,25,29,48000.0,57000.0,9000.0,9.666666666666666,21,3,7.201851613763412,3.6666666666666665,2.75293782470049,4.002461294570296,2.0
583,Bird Gets the Worm,Pq3yc,29,29,1,30,30,58000.0,58000.0,0.0,3.0,3,3,,1.5,,1.7320508075688772,1.0
584,Bird Gets the Worm,Pq3yc,30,30,1,31,31,60000.0,60000.0,0.0,10.0,10,10,,3.3,,3.872983346207417,1.0
585,Bird Gets the Worm,Pq3yc,31,33,3,32,33,62000.0,64000.0,2000.0,11.0,21,6,8.660254037844387,3.233333333333333,2.490649179096352,4.782395810151516,1.0
586,Bird Gets the Worm,Pq3yc,34,34,1,35,35,68000.0,68000.0,0.0,15.0,15,15,,3.0,,4.242640687119285,0.5
587,Bird Gets the Worm,Pq3yc,35,35,1,37,37,72000.0,72000.0,0.0,6.0,6,6,,4.0,,6.4031242374328485,2.0
588,Bird Gets the Worm,Pq3yc,36,36,1,38,38,74000.0,74000.0,0.0,10.0,10,10,,3.1,,4.47213595499958,1.0
589,Bird Gets the Worm,Pq3yc,37,37,1,39,39,76000.0,76000.0,0.0,15.0,15,15,,5.3,,3.872983346207417,1.0
590,Bird Gets the Worm,Pq3yc,38,41,4,40,43,78000.0,84000.0,6000.0,15.5,21,10,6.3508529610858835,5.05,2.944486372867091,4.455102767691385,2.0
591,Bird Gets the Worm,Pq3yc,42,42,1,45,45,88000.0,88000.0,0.0,6.0,6,6,,0.5,,2.449489742783178,2.0
592,Bird Gets the Worm,Pq3yc,43,44,2,46,47,90000.0,92000.0,2000.0,17.0,28,6,15.556349186104045,4.55,5.020458146424487,9.27299145477927,1.0
593,Bird Gets the Worm,Pq3yc,45,45,1,49,49,96000.0,96000.0,0.0,15.0,15,15,,3.8,,3.872983346207417,1.0
594,Bird Gets the Worm,Pq3yc,46,46,1,50,50,98000.0,98000.0,0.0,10.0,10,10,,2.0,,2.6457513110645907,1.0
595,Bird Gets the Worm,Pq3yc,47,47,1,51,51,100000.0,100000.0,0.0,6.0,6,6,,1.0,,3.1622776601683795,2.0
596,Bird Gets the Worm,Pq3yc,48,50,3,52,54,102000.0,106000.0,4000.0,15.0,15,15,0.0,5.966666666666666,1.2342339054382414,4.64515198343001,1.0
597,Bird Gets the Worm,Pq3yc,51,51,1,55,55,108000.0,108000.0,0.0,21.0,21,21,,6.1,,3.7416573867739418,0.5
598,Bird Gets the Worm,Pq3yc,52,55,4,56,59,110000.0,116000.0,6000.0,12.25,21,3,7.632168761236874,3.3499999999999996,2.3388031127052997,4.7227546518791055,1.0
599,Bird Gets the Worm,Pq3yc,56,56,1,61,61,120000.0,120000.0,0.0,6.0,6,6,,1.5,,1.7320508075688772,1.0
600,Bird Gets the Worm,Pq3yc,57,60,4,63,65,124000.0,128000.0,4000.0,13.75,28,6,10.404326023342406,5.6000000000000005,2.172556098240043,5.909806349949799,0.0
601,Billie's Bounce,Q6Ryc,0,0,1,2,2,2000.0,2000.0,0.0,15.0,15,15,,4.6,,0.0,0.5
602,Billie's Bounce,Q6Ryc,1,2,2,5,6,8000.0,10000.0,2000.0,8.0,10,6,2.8284271247461903,3.15,0.9192388155425116,2.6583123951777,1.0
603,Billie's Bounce,Q6Ryc,3,4,2,7,8,12000.0,14000.0,2000.0,6.5,10,3,4.949747468305833,1.25,0.3535533905932738,4.519236105216002,0.5
604,Billie's Bounce,Q6Ryc,5,6,2,9,10,17000.0,18000.0,1000.0,8.0,10,6,2.8284271247461903,2.4,0.14142135623730964,3.0549264631011726,0.5
605,Billie's Bounce,Q6Ryc,7,7,1,11,11,20000.0,20000.0,0.0,3.0,3,3,,1.5,,3.872983346207417,0.5
606,Billie's Bounce,Q6Ryc,8,8,1,14,14,26000.0,26000.0,0.0,15.0,15,15,,4.6,,5.477225575051661,0.5
607,Billie's Bounce,Q6Ryc,9,10,2,17,18,32000.0,34000.0,2000.0,8.0,10,6,2.8284271247461903,3.15,0.9192388155425116,2.6583123951777,1.0
608,Billie's Bounce,Q6Ryc,11,12,2,19,20,36000.0,38000.0,2000.0,6.5,10,3,4.949747468305833,1.25,0.3535533905932738,4.519236105216002,0.5
609,Billie's Bounce,Q6Ryc,13,14,2,21,22,41000.0,42000.0,1000.0,8.0,10,6,2.8284271247461903,2.4,0.14142135623730964,3.0549264631011726,0.5
610,Billie's Bounce,Q6Ryc,15,15,1,23,23,44000.0,44000.0,0.0,3.0,3,3,,1.5,,3.872983346207417,0.5
611,Billie's Bounce,Q6Ryc,16,18,3,26,28,50000.0,54000.0,4000.0,10.333333333333334,15,6,4.509249752822894,3.7000000000000006,2.6888659319497505,4.550133855223286,1.0
612,Billie's Bounce,Q6Ryc,19,21,3,30,32,58000.0,62000.0,4000.0,14.0,21,6,7.54983443527075,4.2,2.8160255680657444,5.901700237604053,2.0
613,Billie's Bounce,Q6Ryc,22,22,1,34,34,66000.0,66000.0,0.0,15.0,15,15,,4.6,,5.0,1.0
614,Billie's Bounce,Q6Ryc,23,24,2,35,36,68000.0,70000.0,2000.0,6.5,10,3,4.949747468305833,1.5,0.7071067811865476,3.872983346207417,1.0
615,Billie's Bounce,Q6Ryc,25,25,1,38,38,74000.0,74000.0,0.0,6.0,6,6,,2.3,,3.0,0.5
616,Billie's Bounce,Q6Ryc,26,26,1,39,39,76000.0,76000.0,0.0,6.0,6,6,,2.3,,0.0,1.0
617,Billie's Bounce,Q6Ryc,27,27,1,40,40,78000.0,78000.0,0.0,10.0,10,10,,4.8,,2.449489742783178,1.0
618,Billie's Bounce,Q6Ryc,28,28,1,41,41,80000.0,80000.0,0.0,10.0,10,10,,2.8,,2.449489742783178,0.5
619,Billie's Bounce,Q6Ryc,29,29,1,42,42,82000.0,82000.0,0.0,10.0,10,10,,2.8,,0.0,1.0
620,Billie's Bounce,Q6Ryc,30,30,1,44,44,86000.0,86000.0,0.0,3.0,3,3,,1.5,,3.3166247903554,4.0
621,Billie's Bounce,Q6Ryc,31,31,1,46,46,90000.0,90000.0,0.0,36.0,36,36,,12.9,,13.74772708486752,1.0
622,Billie's Bounce,Q6Ryc,32,33,2,47,48,92000.0,94000.0,2000.0,17.0,28,6,15.556349186104045,5.05,4.313351365237939,6.69041575982343,0.5
623,Billie's Bounce,Q6Ryc,34,34,1,49,49,96000.0,96000.0,0.0,3.0,3,3,,0.0,,2.23606797749979,1.0
624,Billie's Bounce,Q6Ryc,35,38,4,50,53,98000.0,104000.0,6000.0,20.75,28,6,10.372238588334406,6.5,2.7724838442571067,6.855155401062055,1.0
625,Billie's Bounce,Q6Ryc,39,39,1,55,55,108000.0,108000.0,0.0,15.0,15,15,,3.0,,5.5677643628300215,0.5
626,Billie's Bounce,Q6Ryc,40,40,1,56,56,110000.0,110000.0,0.0,3.0,3,3,,1.5,,6.48074069840786,1.0
627,Billie's Bounce,Q6Ryc,41,42,2,57,58,112000.0,114000.0,2000.0,15.5,21,10,7.7781745930520225,4.699999999999999,1.979898987322333,6.5655657497746684,1.0
628,Billie's Bounce,Q6Ryc,43,44,2,59,60,116000.0,118000.0,2000.0,15.5,28,3,17.67766952966369,5.2,5.232590180780452,9.093136600662692,2.0
629,Billie's Bounce,Q6Ryc,45,47,3,62,64,122000.0,126000.0,4000.0,12.0,15,6,5.196152422706632,3.3333333333333335,2.0816659994661326,4.367161407703524,4.0
630,Billie's Bounce,Q6Ryc,48,48,1,66,66,130000.0,130000.0,0.0,6.0,6,6,,1.0,,0.0,1.0
631,Billie's Bounce,Q6Ryc,49,50,2,67,68,132000.0,134000.0,2000.0,10.0,10,10,0.0,2.15,0.21213203435596414,2.0,1.0
632,Billie's Bounce,Q6Ryc,51,54,4,69,71,136000.0,140000.0,4000.0,6.5,10,3,4.041451884327381,2.275,1.2685293322058684,3.0488641087995028,1.0
633,Billie's Bounce,Q6Ryc,55,56,2,72,73,142000.0,145000.0,3000.0,6.0,6,6,0.0,1.25,0.3535533905932738,2.0,0.0
634,Perhaps,QRfYc,0,2,3,1,3,0.0,4000.0,4000.0,13.333333333333334,15,10,2.886751345948129,3.6999999999999997,1.0392304845413263,0.8819171036881969,2.0
635,Perhaps,QRfYc,3,3,1,5,5,8000.0,8000.0,0.0,6.0,6,6,,1.5,,2.449489742783178,0.5
636,Perhaps,QRfYc,4,5,2,6,7,10000.0,12000.0,2000.0,6.0,6,6,0.0,2.05,0.3535533905932736,3.1462643699419726,0.5
637,Perhaps,QRfYc,6,7,2,8,9,14000.0,16000.0,2000.0,6.0,6,6,0.0,1.4,0.5656854249492381,2.121320343559643,0.5
638,Perhaps,QRfYc,8,9,2,10,11,18000.0,20000.0,2000.0,4.5,6,3,2.1213203435596424,1.75,0.3535533905932738,2.188901059316734,0.5
639,Perhaps,QRfYc,10,11,2,12,12,22000.0,23000.0,1000.0,4.5,6,3,2.1213203435596424,1.5,0.0,1.8251407699364424,2.0
640,Perhaps,QRfYc,12,16,5,14,17,26000.0,32000.0,6000.0,10.8,21,3,6.457553716385176,2.7199999999999998,2.4014578905323325,4.603939551816032,2.0
641,Perhaps,QRfYc,17,21,5,19,22,36000.0,42000.0,6000.0,10.4,15,6,4.505552130427524,2.7199999999999998,0.8197560612767678,2.4731139051765587,1.0
642,Perhaps,QRfYc,22,22,1,24,24,47000.0,47000.0,0.0,3.0,3,3,,1.8,,6.782329983125268,2.0
643,Perhaps,QRfYc,23,24,2,25,26,48000.0,50000.0,2000.0,9.0,15,3,8.48528137423857,4.25,3.8890872965260113,3.9154759474226504,0.5
644,Perhaps,QRfYc,25,28,4,27,29,52000.0,56000.0,4000.0,9.75,21,6,7.5,3.2249999999999996,2.392174742781137,3.567467040693535,1.0
645,Perhaps,QRfYc,29,33,5,31,35,60000.0,68000.0,8000.0,13.0,15,10,2.7386127875258306,4.0,1.2,3.1731886639019877,2.0
646,Perhaps,QRfYc,34,34,1,37,37,72000.0,72000.0,0.0,10.0,10,10,,2.8,,3.3166247903554,1.0
647,Perhaps,QRfYc,35,38,4,38,41,74000.0,80000.0,6000.0,17.25,28,10,8.845903006477066,5.925,2.8087660398592593,3.558656158284659,1.0
648,Perhaps,QRfYc,39,39,1,43,43,84000.0,84000.0,0.0,15.0,15,15,,5.8,,5.916079783099616,0.5
649,Perhaps,QRfYc,40,41,2,44,45,86000.0,88000.0,2000.0,12.5,15,10,3.5355339059327378,3.55,1.4849242404917495,4.061552812808831,1.0
650,Perhaps,QRfYc,42,42,1,46,46,90000.0,90000.0,0.0,10.0,10,10,,2.8,,2.0,1.0
651,Perhaps,QRfYc,43,43,1,47,47,92000.0,92000.0,0.0,10.0,10,10,,2.5,,2.0,0.5
652,Perhaps,QRfYc,44,44,1,48,48,94000.0,94000.0,0.0,10.0,10,10,,3.1,,4.0,0.0
653,Blues For Alice,Qrqyc,0,5,6,1,4,0.0,6000.0,6000.0,5.666666666666667,10,3,2.581988897471611,1.5166666666666666,1.2351787994726378,1.9672408310578564,0.5
654,Blues For Alice,Qrqyc,6,6,1,5,5,8000.0,8000.0,0.0,10.0,10,10,,2.5,,2.8284271247461903,0.5
655,Blues For Alice,Qrqyc,7,9,3,6,7,10000.0,12000.0,2000.0,6.0,6,6,0.0,1.3333333333333333,0.5773502691896257,1.2879011017187576,1.0
656,Blues For Alice,Qrqyc,10,10,1,8,8,14000.0,14000.0,0.0,3.0,3,3,,0.5,,1.7320508075688772,0.5
657,Blues For Alice,Qrqyc,11,12,2,9,10,16000.0,18000.0,2000.0,8.0,10,6,2.8284271247461903,1.65,1.6263455967290592,2.118033988749895,0.5
658,Blues For Alice,Qrqyc,13,14,2,11,12,20000.0,22000.0,2000.0,6.5,10,3,4.949747468305833,0.75,1.0606601717798212,3.5936630341434324,0.5
659,Blues For Alice,Qrqyc,15,18,4,13,15,24000.0,28000.0,4000.0,9.25,15,6,4.272001872658765,2.8499999999999996,1.9330459556530637,2.76440428881694,1.0
660,Blues For Alice,Qrqyc,19,22,4,17,19,32000.0,36000.0,4000.0,8.25,21,3,8.616843969807043,2.65,2.455605831561735,3.4889542513220095,1.0
661,Blues For Alice,Qrqyc,23,23,1,21,21,40000.0,40000.0,0.0,6.0,6,6,,2.0,,6.557438524302,1.0
662,Blues For Alice,Qrqyc,24,24,1,22,22,42000.0,42000.0,0.0,36.0,36,36,,12.9,,12.489995996796797,0.5
663,Blues For Alice,Qrqyc,25,25,1,23,23,44000.0,44000.0,0.0,15.0,15,15,,4.3,,8.888194417315589,1.0
664,Blues For Alice,Qrqyc,26,30,5,25,27,48000.0,53000.0,5000.0,8.4,21,3,7.162401831787992,2.4799999999999995,2.1890637268019404,3.432455532033676,1.0
665,Blues For Alice,Qrqyc,31,31,1,29,29,56000.0,56000.0,0.0,10.0,10,10,,2.3,,3.3166247903554,0.5
666,Blues For Alice,Qrqyc,32,33,2,30,30,58000.0,59000.0,1000.0,3.0,3,3,0.0,0.75,0.3535533905932738,2.883057266569289,0.5
667,Blues For Alice,Qrqyc,34,35,2,31,32,60000.0,62000.0,2000.0,8.0,10,6,2.8284271247461903,1.9,1.2727922061357855,3.0275205091235833,1.0
668,Blues For Alice,Qrqyc,36,36,1,33,33,64000.0,64000.0,0.0,21.0,21,21,,7.8,,7.0,1.0
669,Blues For Alice,Qrqyc,37,38,2,34,35,66000.0,68000.0,2000.0,21.5,28,15,9.192388155425117,7.1,3.9597979746446668,4.44219457659271,1.0
670,Blues For Alice,Qrqyc,39,39,1,37,37,72000.0,72000.0,0.0,6.0,6,6,,1.0,,3.872983346207417,1.0
671,Blues For Alice,Qrqyc,40,43,4,38,39,74000.0,77000.0,3000.0,5.5,10,3,3.3166247903554,1.625,0.6291528696058958,2.129683664318002,2.0
672,Blues For Alice,Qrqyc,44,44,1,41,41,80000.0,80000.0,0.0,10.0,10,10,,1.5,,2.449489742783178,0.5
673,Blues For Alice,Qrqyc,45,45,1,42,42,83000.0,83000.0,0.0,6.0,6,6,,2.3,,4.0,1.0
674,Blues For Alice,Qrqyc,46,46,1,43,43,84000.0,84000.0,0.0,6.0,6,6,,1.0,,2.449489742783178,2.0
675,Blues For Alice,Qrqyc,47,47,1,45,45,88000.0,88000.0,0.0,21.0,21,21,,7.1,,6.557438524302,0.5
676,Blues For Alice,Qrqyc,48,49,2,46,47,90000.0,92000.0,2000.0,21.5,28,15,9.192388155425117,7.1,3.9597979746446668,4.283882181415011,0.5
677,Blues For Alice,Qrqyc,50,52,3,48,49,94000.0,96000.0,2000.0,7.333333333333333,10,6,2.309401076758503,2.1666666666666665,0.2886751345948129,3.471878121833868,0.0
678,Another Hairdo,Rln4c,0,0,1,1,1,0.0,0.0,0.0,10.0,10,10,,3.0,,0.0,0.5
679,Another Hairdo,Rln4c,1,1,1,2,2,2000.0,2000.0,0.0,10.0,10,10,,3.0,,0.0,0.5
680,Another Hairdo,Rln4c,2,2,1,3,3,4000.0,4000.0,0.0,10.0,10,10,,4.3,,2.0,0.5
681,Another Hairdo,Rln4c,3,4,2,5,6,8000.0,10000.0,2000.0,17.0,28,6,15.556349186104045,4.8,5.374011537017761,8.582575694955839,1.0
682,Another Hairdo,Rln4c,5,8,4,7,9,12000.0,16000.0,4000.0,9.25,15,6,4.272001872658765,3.3499999999999996,1.5198684153570663,2.8802941509272637,0.5
683,Another Hairdo,Rln4c,9,10,2,10,11,18000.0,20000.0,2000.0,6.5,10,3,4.949747468305833,1.0,0.7071067811865476,3.739267310835703,1.0
684,Another Hairdo,Rln4c,11,11,1,13,13,24000.0,24000.0,0.0,10.0,10,10,,3.0,,3.3166247903554,0.5
685,Another Hairdo,Rln4c,12,12,1,14,14,26000.0,26000.0,0.0,10.0,10,10,,3.0,,0.0,0.5
686,Another Hairdo,Rln4c,13,13,1,15,15,28000.0,28000.0,0.0,10.0,10,10,,4.3,,2.0,0.5
687,Another Hairdo,Rln4c,14,14,1,16,16,30000.0,30000.0,0.0,21.0,21,21,,6.6,,5.385164807134504,2.0
688,Another Hairdo,Rln4c,15,15,1,17,17,32000.0,32000.0,0.0,21.0,21,21,,6.3,,2.0,1.0
689,Another Hairdo,Rln4c,16,18,3,22,24,42000.0,47000.0,5000.0,5.333333333333333,10,3,4.041451884327381,1.5,1.0,3.7061015374344386,1.0
690,Another Hairdo,Rln4c,19,20,2,25,26,48000.0,50000.0,2000.0,15.5,21,10,7.7781745930520225,5.3,2.1213203435596424,6.535080148359222,1.0
691,Another Hairdo,Rln4c,21,23,3,27,29,52000.0,56000.0,4000.0,11.0,21,6,8.660254037844387,3.633333333333333,3.4961884007206097,5.164567273720404,1.0
692,Another Hairdo,Rln4c,24,24,1,31,31,60000.0,60000.0,0.0,21.0,21,21,,5.8,,6.4031242374328485,0.5
693,Another Hairdo,Rln4c,25,29,5,32,35,62000.0,68000.0,6000.0,11.6,21,6,6.4265076052238514,3.28,1.7824140933015535,4.28558402339395,4.0
694,Another Hairdo,Rln4c,30,30,1,37,37,72000.0,72000.0,0.0,6.0,6,6,,2.0,,2.8284271247461903,0.5
695,Another Hairdo,Rln4c,31,32,2,38,39,74000.0,76000.0,2000.0,12.0,21,3,12.727922061357855,3.15,4.4547727214752495,7.278719262151,2.0
696,Another Hairdo,Rln4c,33,39,7,41,46,80000.0,90000.0,10000.0,16.571428571428573,36,6,11.399665826346883,5.3428571428571425,3.610566503499205,7.312517581224923,1.0
697,Another Hairdo,Rln4c,40,40,1,48,48,95000.0,95000.0,0.0,6.0,6,6,,1.0,,3.872983346207417,1.0
698,Another Hairdo,Rln4c,41,41,1,49,49,96000.0,96000.0,0.0,3.0,3,3,,1.5,,2.6457513110645907,1.0
699,Another Hairdo,Rln4c,42,42,1,50,50,98000.0,98000.0,0.0,15.0,15,15,,3.8,,5.830951894845301,0.5
700,Another Hairdo,Rln4c,43,44,2,51,52,100000.0,102000.0,2000.0,8.0,10,6,2.8284271247461903,1.9,0.5656854249492379,3.118033988749895,1.0
701,Another Hairdo,Rln4c,45,45,1,53,53,104000.0,104000.0,0.0,10.0,10,10,,2.8,,2.0,1.0
702,Another Hairdo,Rln4c,46,47,2,54,55,106000.0,108000.0,2000.0,12.0,21,3,12.727922061357855,2.65,3.747665940288702,6.906987807032671,0.5
703,Another Hairdo,Rln4c,48,50,3,56,57,110000.0,112000.0,2000.0,6.333333333333333,10,3,3.5118845842842465,2.033333333333333,0.2516611478423582,2.529069080251805,1.0
704,Another Hairdo,Rln4c,51,52,2,58,59,114000.0,116000.0,2000.0,12.5,15,10,3.5355339059327378,4.3,2.8284271247461903,3.8643284505408246,0.5
705,Another Hairdo,Rln4c,53,53,1,60,60,119000.0,119000.0,0.0,6.0,6,6,,1.0,,2.0,0.5
706,Another Hairdo,Rln4c,54,54,1,61,61,120000.0,120000.0,0.0,10.0,10,10,,1.5,,2.449489742783178,0.0
707,K.C. Blues,S1swc,0,0,1,2,2,2000.0,2000.0,0.0,6.0,6,6,,1.5,,0.0,0.5
708,K.C. Blues,S1swc,1,1,1,3,3,4000.0,4000.0,0.0,6.0,6,6,,1.5,,0.0,0.5
709,K.C. Blues,S1swc,2,3,2,4,5,6000.0,8000.0,2000.0,6.5,10,3,4.949747468305833,1.65,1.6263455967290592,2.5,1.0
710,K.C. Blues,S1swc,4,4,1,6,6,10000.0,10000.0,0.0,6.0,6,6,,1.8,,3.605551275463989,0.75
711,K.C. Blues,S1swc,5,7,3,7,9,12000.0,16000.0,4000.0,10.333333333333334,15,6,4.509249752822894,3.033333333333333,1.4189197769195174,3.8135825696791463,0.5
712,K.C. Blues,S1swc,8,8,1,10,10,18000.0,18000.0,0.0,3.0,3,3,,0.5,,3.605551275463989,1.0
713,K.C. Blues,S1swc,9,11,3,11,13,20000.0,24000.0,4000.0,9.333333333333334,15,3,6.027713773341708,3.3666666666666667,2.6950572040929544,4.347351481924426,0.5
714,K.C. Blues,S1swc,12,12,1,14,14,26000.0,26000.0,0.0,6.0,6,6,,0.5,,2.6457513110645907,1.0
715,K.C. Blues,S1swc,13,13,1,15,15,28000.0,28000.0,0.0,15.0,15,15,,5.6,,4.358898943540674,1.0
716,K.C. Blues,S1swc,14,14,1,16,16,30000.0,30000.0,0.0,3.0,3,3,,0.0,,5.291502622129181,2.0
717,K.C. Blues,S1swc,15,15,1,17,17,32000.0,32000.0,0.0,10.0,10,10,,3.8,,3.605551275463989,0.5
718,K.C. Blues,S1swc,16,17,2,17,18,33000.0,34000.0,1000.0,18.0,21,15,4.242640687119285,6.949999999999999,0.9192388155425116,3.390363202746577,1.0
719,K.C. Blues,S1swc,18,18,1,19,19,36000.0,36000.0,0.0,15.0,15,15,,4.6,,4.242640687119285,2.0
720,K.C. Blues,S1swc,19,19,1,20,20,38000.0,38000.0,0.0,21.0,21,21,,6.6,,3.1622776601683795,0.5
721,K.C. Blues,S1swc,20,20,1,21,21,40000.0,40000.0,0.0,21.0,21,21,,6.1,,1.4142135623730951,1.0
722,K.C. Blues,S1swc,21,22,2,22,23,42000.0,44000.0,2000.0,21.5,28,15,9.192388155425117,6.449999999999999,3.040559159102154,4.372253453922903,0.5
723,K.C. Blues,S1swc,23,23,1,24,24,46000.0,46000.0,0.0,15.0,15,15,,6.3,,6.708203932499369,1.0
724,K.C. Blues,S1swc,24,24,1,25,25,48000.0,48000.0,0.0,3.0,3,3,,1.5,,5.291502622129181,1.0
725,K.C. Blues,S1swc,25,25,1,26,26,50000.0,50000.0,0.0,3.0,3,3,,1.0,,2.0,1.0
726,K.C. Blues,S1swc,26,27,2,27,28,52000.0,54000.0,2000.0,10.5,15,6,6.363961030678928,3.9,3.394112549695428,4.918062259296168,1.0
727,K.C. Blues,S1swc,28,28,1,29,29,56000.0,56000.0,0.0,3.0,3,3,,1.0,,2.6457513110645907,0.5
728,K.C. Blues,S1swc,29,30,2,30,31,58000.0,60000.0,2000.0,12.5,15,10,3.5355339059327378,2.9,1.2727922061357855,4.151302780278486,0.5
729,K.C. Blues,S1swc,31,31,1,32,32,62000.0,62000.0,0.0,10.0,10,10,,2.5,,1.4142135623730951,0.5
730,K.C. Blues,S1swc,32,34,3,33,34,64000.0,66000.0,2000.0,7.666666666666667,10,3,4.041451884327381,2.2666666666666666,2.411085509336683,3.5247979390536748,0.5
731,K.C. Blues,S1swc,35,35,1,35,35,68000.0,68000.0,0.0,15.0,15,15,,5.8,,3.0,1.0
732,K.C. Blues,S1swc,36,36,1,37,37,72000.0,72000.0,0.0,3.0,3,3,,1.5,,5.291502622129181,0.5
733,K.C. Blues,S1swc,37,37,1,37,37,73000.0,73000.0,0.0,3.0,3,3,,1.5,,0.0,0.0
734,Kim (No. 2),S5VYc,0,0,1,1,1,0.0,0.0,0.0,10.0,10,10,,2.0,,0.0,1.0
735,Kim (No. 2),S5VYc,1,5,5,3,5,4000.0,9000.0,5000.0,5.4,6,3,1.3416407864998738,1.6600000000000001,1.0014988766843425,2.719147787738173,1.0
736,Kim (No. 2),S5VYc,6,8,3,6,7,10000.0,12000.0,2000.0,7.333333333333333,10,6,2.309401076758503,2.1666666666666665,2.0207259421636903,3.092638955843123,2.0
737,Kim (No. 2),S5VYc,9,16,8,9,13,16000.0,25000.0,9000.0,6.75,15,3,3.494894235064305,1.8624999999999998,0.8382592507265109,3.240071684526667,1.0
738,Kim (No. 2),S5VYc,17,19,3,14,15,26000.0,28000.0,2000.0,7.333333333333333,10,6,2.309401076758503,1.2666666666666666,0.2516611478423583,2.8566948371733774,4.0
739,Kim (No. 2),S5VYc,20,26,7,17,23,32000.0,44000.0,12000.0,19.428571428571427,28,15,4.825527358301296,5.571428571428571,2.1320680771763096,4.111721351860661,0.5
740,Kim (No. 2),S5VYc,27,27,1,24,24,46000.0,46000.0,0.0,15.0,15,15,,3.8,,3.7416573867739418,1.0
741,Kim (No. 2),S5VYc,28,29,2,26,27,51000.0,52000.0,1000.0,3.0,3,3,0.0,0.75,1.0606601717798212,3.8284271247461903,2.0
742,Kim (No. 2),S5VYc,30,30,1,29,29,57000.0,57000.0,0.0,3.0,3,3,,2.5,,2.8284271247461903,2.0
743,Kim (No. 2),S5VYc,31,31,1,31,31,61000.0,61000.0,0.0,3.0,3,3,,2.5,,0.0,2.0
744,Kim (No. 2),S5VYc,32,41,10,33,38,64000.0,74000.0,10000.0,6.2,10,3,2.3475755815545347,1.8599999999999999,0.6603029607687672,3.3278788433494477,1.0
745,Kim (No. 2),S5VYc,42,42,1,39,39,77000.0,77000.0,0.0,3.0,3,3,,1.5,,3.3166247903554,2.0
746,Kim (No. 2),S5VYc,43,44,2,40,40,78000.0,79000.0,1000.0,8.0,10,6,2.8284271247461903,2.15,0.9192388155425116,2.53224755112299,1.0
747,Kim (No. 2),S5VYc,45,45,1,43,43,85000.0,85000.0,0.0,3.0,3,3,,1.5,,3.605551275463989,2.0
748,Kim (No. 2),S5VYc,46,50,5,44,46,86000.0,90000.0,4000.0,6.2,10,3,2.4899799195977463,2.02,1.2070625501605126,2.021970585240469,0.5
749,Kim (No. 2),S5VYc,51,51,1,47,47,92000.0,92000.0,0.0,10.0,10,10,,4.8,,2.449489742783178,1.0
750,Kim (No. 2),S5VYc,52,52,1,49,49,96000.0,96000.0,0.0,21.0,21,21,,5.8,,6.244997998398398,0.5
751,Kim (No. 2),S5VYc,53,53,1,50,50,98000.0,98000.0,0.0,15.0,15,15,,4.3,,4.69041575982343,1.0
752,Kim (No. 2),S5VYc,54,54,1,52,52,102000.0,102000.0,0.0,6.0,6,6,,4.0,,5.196152422706632,2.0
753,Kim (No. 2),S5VYc,55,58,4,53,56,104000.0,110000.0,6000.0,19.75,28,15,6.18465843842649,5.625,2.597915831328387,5.462297992183639,1.0
754,Kim (No. 2),S5VYc,59,59,1,59,59,117000.0,117000.0,0.0,3.0,3,3,,1.0,,7.874007874011811,1.0
755,Kim (No. 2),S5VYc,60,61,2,60,60,118000.0,119000.0,1000.0,3.0,3,3,0.0,1.0,0.0,1.224744871391589,1.0
756,Kim (No. 2),S5VYc,62,70,9,63,67,124000.0,133000.0,9000.0,7.0,15,6,3.0,1.8444444444444446,0.8263036837493692,2.5670835887405437,1.0
757,Kim (No. 2),S5VYc,71,74,4,69,71,136000.0,140000.0,4000.0,7.5,15,3,5.196152422706632,2.9,1.4854853303438127,3.321897898488565,2.0
758,Kim (No. 2),S5VYc,75,77,3,73,74,144000.0,147000.0,3000.0,7.333333333333333,10,6,2.309401076758503,1.8333333333333333,0.28867513459481287,2.7808055975495347,1.0
759,Kim (No. 2),S5VYc,78,78,1,76,76,150000.0,150000.0,0.0,6.0,6,6,,2.0,,0.0,2.0
760,Kim (No. 2),S5VYc,79,79,1,77,77,153000.0,153000.0,0.0,6.0,6,6,,3.0,,2.0,1.0
761,Kim (No. 2),S5VYc,80,81,2,78,79,154000.0,156000.0,2000.0,10.5,15,6,6.363961030678928,1.75,1.7677669529663689,5.249327739027728,2.0
762,Kim (No. 2),S5VYc,82,88,7,81,87,160000.0,172000.0,12000.0,9.428571428571429,21,3,7.43543638838463,3.285714285714286,1.9920078408719273,3.137687999415711,1.0
763,Kim (No. 2),S5VYc,89,89,1,89,89,176000.0,176000.0,0.0,10.0,10,10,,2.0,,2.8284271247461903,1.0
764,Kim (No. 2),S5VYc,90,94,5,91,93,180000.0,185000.0,5000.0,5.4,6,3,1.3416407864998738,1.8199999999999998,0.8167006795638166,2.7422756292103703,1.0
765,Kim (No. 2),S5VYc,95,101,7,94,97,186000.0,192000.0,6000.0,6.571428571428571,10,6,1.5118578920369088,1.942857142857143,1.326470432962533,2.4669459503491344,0.0
766,Thriving on a Riff,SRfYc,0,0,1,1,1,0.0,0.0,0.0,6.0,6,6,,4.0,,0.0,0.5
767,Thriving on a Riff,SRfYc,1,1,1,2,2,2000.0,2000.0,0.0,6.0,6,6,,0.5,,4.0,0.5
768,Thriving on a Riff,SRfYc,2,9,8,3,7,4000.0,12000.0,8000.0,7.625,21,3,5.829420456369815,2.9000000000000004,2.0382064945156353,3.429580667778644,2.0
769,Thriving on a Riff,SRfYc,10,10,1,9,9,16000.0,16000.0,0.0,3.0,3,3,,0.0,,3.3166247903554,1.0
770,Thriving on a Riff,SRfYc,11,11,1,11,11,20000.0,20000.0,0.0,6.0,6,6,,2.3,,1.7320508075688772,0.5
771,Thriving on a Riff,SRfYc,12,15,4,11,13,20968.2,24000.0,3031.7999999999993,6.0,6,6,0.0,2.475,1.3865424623862046,1.9013401729825536,1.0
772,Thriving on a Riff,SRfYc,16,16,1,14,14,26000.0,26000.0,0.0,6.0,6,6,,1.0,,2.8284271247461903,2.0
773,Thriving on a Riff,SRfYc,17,17,1,15,15,28000.0,28000.0,0.0,10.0,10,10,,2.8,,2.0,1.0
774,Thriving on a Riff,SRfYc,18,18,1,17,17,32000.0,32000.0,0.0,6.0,6,6,,1.0,,3.7416573867739418,1.0
775,Thriving on a Riff,SRfYc,19,21,3,18,20,34000.0,38000.0,4000.0,11.666666666666666,15,10,2.8867513459481287,3.9666666666666663,1.0408329997330663,3.3650803512825895,1.0
776,Thriving on a Riff,SRfYc,22,22,1,21,21,40000.0,40000.0,0.0,15.0,15,15,,3.0,,5.196152422706632,1.0
777,Thriving on a Riff,SRfYc,23,25,3,22,24,42000.0,46000.0,4000.0,17.333333333333332,28,3,12.897028081435403,6.066666666666666,4.9802945026708345,5.992451491657526,1.0
778,Thriving on a Riff,SRfYc,26,26,1,27,27,52000.0,52000.0,0.0,15.0,15,15,,3.0,,5.830951894845301,0.5
779,Thriving on a Riff,SRfYc,27,32,6,28,30,54000.0,59000.0,5000.0,5.0,6,3,1.5491933384829668,1.6833333333333336,1.1513759884011245,2.751636428120479,1.0
780,Thriving on a Riff,SRfYc,33,33,1,33,33,64000.0,64000.0,0.0,3.0,3,3,,1.0,,2.23606797749979,1.0
781,Thriving on a Riff,SRfYc,34,43,10,34,38,66000.0,75000.0,9000.0,4.8,6,3,1.5491933384829668,1.4100000000000001,0.846496045800307,1.4267220234572107,1.0
782,Thriving on a Riff,SRfYc,44,45,2,41,42,80000.0,82000.0,2000.0,4.5,6,3,2.1213203435596424,2.25,0.3535533905932738,2.118033988749895,1.0
783,Thriving on a Riff,SRfYc,46,46,1,44,44,86000.0,86000.0,0.0,15.0,15,15,,5.6,,5.830951894845301,0.5
784,Thriving on a Riff,SRfYc,47,48,2,44,45,87000.0,88000.0,1000.0,15.5,21,10,7.7781745930520225,4.2,1.5556349186104044,6.256254424946713,0.5
785,Thriving on a Riff,SRfYc,49,51,3,46,47,90000.0,92000.0,2000.0,6.333333333333333,10,3,3.5118845842842465,1.7666666666666666,0.6429100507328637,3.0904429946251954,2.0
786,Thriving on a Riff,SRfYc,52,52,1,50,50,98000.0,98000.0,0.0,6.0,6,6,,4.0,,4.0,2.0
787,Thriving on a Riff,SRfYc,53,56,4,51,54,100000.0,106000.0,6000.0,15.25,21,10,4.5,4.2,0.9556847457887633,3.813226638368313,1.0
788,Thriving on a Riff,SRfYc,57,57,1,57,57,112000.0,112000.0,0.0,21.0,21,21,,5.8,,2.0,1.0
789,Thriving on a Riff,SRfYc,58,59,2,58,59,114000.0,116000.0,2000.0,12.0,21,3,12.727922061357855,3.15,3.747665940288702,7.745966692414834,1.0
790,Thriving on a Riff,SRfYc,60,60,1,60,60,118000.0,118000.0,0.0,3.0,3,3,,0.5,,7.745966692414834,1.0
791,Thriving on a Riff,SRfYc,61,61,1,61,61,121000.0,121000.0,0.0,6.0,6,6,,3.0,,2.6457513110645907,1.0
792,Thriving on a Riff,SRfYc,62,65,4,62,64,122000.0,126000.0,4000.0,6.25,10,3,2.8722813232690143,1.45,0.8225975119502044,2.902938057229318,0.0
793,Warming up a Riff,V3fYc,0,0,1,1,1,0.0,0.0,0.0,15.0,15,15,,6.8,,0.0,1.0
794,Warming up a Riff,V3fYc,1,3,3,2,4,2000.0,6000.0,4000.0,17.333333333333332,21,10,6.3508529610858835,5.933333333333334,2.3072349974229613,3.824045318333193,1.0
795,Warming up a Riff,V3fYc,4,6,3,6,8,10000.0,14000.0,4000.0,12.0,15,6,5.196152422706632,3.766666666666667,0.6806859285554046,3.801041412477616,2.0
796,Warming up a Riff,V3fYc,7,10,4,9,12,16000.0,22000.0,6000.0,16.75,21,10,5.315072906367325,5.0,2.0033305601755624,4.672778177245637,2.0
797,Warming up a Riff,V3fYc,11,13,3,18,20,34000.0,38000.0,4000.0,8.666666666666666,10,6,2.309401076758503,2.6666666666666665,1.6072751268321592,3.0403186215433777,1.0
798,Warming up a Riff,V3fYc,14,14,1,21,21,40000.0,40000.0,0.0,15.0,15,15,,5.1,,4.795831523312719,1.0
799,Warming up a Riff,V3fYc,15,17,3,22,24,42000.0,46000.0,4000.0,11.333333333333334,21,3,9.073771725877465,4.3,3.7802116342871597,4.233929865829968,1.0
800,Warming up a Riff,V3fYc,18,18,1,25,25,48000.0,48000.0,0.0,21.0,21,21,,8.1,,7.615773105863909,0.5
801,Warming up a Riff,V3fYc,19,21,3,26,28,50000.0,54000.0,4000.0,15.333333333333334,21,10,5.507570547286102,4.233333333333333,2.7006172134038793,3.5485837703548633,4.0
802,Warming up a Riff,V3fYc,22,22,1,30,30,58000.0,58000.0,0.0,3.0,3,3,,1.5,,4.795831523312719,1.0
803,Warming up a Riff,V3fYc,23,23,1,31,31,60000.0,60000.0,0.0,10.0,10,10,,3.1,,3.872983346207417,1.0
804,Warming up a Riff,V3fYc,24,24,1,32,32,62000.0,62000.0,0.0,10.0,10,10,,2.0,,3.7416573867739418,0.5
805,Warming up a Riff,V3fYc,25,25,1,33,33,64000.0,64000.0,0.0,10.0,10,10,,2.5,,2.0,0.5
806,Warming up a Riff,V3fYc,26,26,1,34,34,66000.0,66000.0,0.0,15.0,15,15,,7.0,,4.58257569495584,0.5
807,Warming up a Riff,V3fYc,27,28,2,35,36,68000.0,70000.0,2000.0,4.5,6,3,2.1213203435596424,1.0,0.0,4.820590055346079,2.0
808,Warming up a Riff,V3fYc,29,32,4,37,40,72000.0,78000.0,6000.0,18.5,28,10,7.767453465154029,6.25,2.7037011669191546,6.21748920318073,0.5
809,Warming up a Riff,V3fYc,33,33,1,42,42,82000.0,82000.0,0.0,6.0,6,6,,0.5,,2.449489742783178,2.0
810,Warming up a Riff,V3fYc,34,34,1,44,44,86000.0,86000.0,0.0,21.0,21,21,,6.6,,6.244997998398398,0.5
811,Warming up a Riff,V3fYc,35,37,3,45,47,88000.0,92000.0,4000.0,14.666666666666666,28,6,11.718930554164631,4.633333333333333,4.819059382631981,7.392221014319859,1.0
812,Warming up a Riff,V3fYc,38,38,1,48,48,94000.0,94000.0,0.0,10.0,10,10,,2.0,,2.449489742783178,1.0
813,Warming up a Riff,V3fYc,39,39,1,50,50,98000.0,98000.0,0.0,10.0,10,10,,2.5,,1.4142135623730951,1.0
814,Warming up a Riff,V3fYc,40,42,3,51,53,100000.0,104000.0,4000.0,15.0,15,15,0.0,4.633333333333333,1.4224392195567912,3.2018504251546633,1.0
815,Warming up a Riff,V3fYc,43,43,1,54,54,106000.0,106000.0,0.0,10.0,10,10,,5.5,,6.082762530298219,1.0
816,Warming up a Riff,V3fYc,44,46,3,55,57,108000.0,112000.0,4000.0,12.0,15,6,5.196152422706632,3.1999999999999997,0.529150262212918,4.29404696660194,1.0
817,Warming up a Riff,V3fYc,47,47,1,58,58,114000.0,114000.0,0.0,3.0,3,3,,0.0,,2.6457513110645907,2.0
818,Warming up a Riff,V3fYc,48,50,3,59,61,116000.0,120000.0,4000.0,17.0,21,15,3.4641016151377544,5.533333333333334,2.657693235370353,4.856922190524027,1.0
819,Warming up a Riff,V3fYc,51,51,1,62,62,122000.0,122000.0,0.0,6.0,6,6,,1.0,,6.082762530298219,2.0
820,Warming up a Riff,V3fYc,52,56,5,63,67,124000.0,132000.0,8000.0,20.6,36,3,12.581732790041283,6.88,4.22930254297325,6.388897937645518,4.0
821,Warming up a Riff,V3fYc,57,57,1,70,70,138000.0,138000.0,0.0,3.0,3,3,,0.5,,1.4142135623730951,0.5
822,Warming up a Riff,V3fYc,58,58,1,71,71,140000.0,140000.0,0.0,3.0,3,3,,0.5,,0.0,0.5
823,Warming up a Riff,V3fYc,59,59,1,72,72,142000.0,142000.0,0.0,15.0,15,15,,4.6,,5.291502622129181,1.0
824,Warming up a Riff,V3fYc,60,62,3,73,76,144000.0,150000.0,6000.0,15.333333333333334,21,10,5.507570547286102,4.533333333333334,2.968725877094976,4.010305372733032,2.0
825,Warming up a Riff,V3fYc,63,66,4,78,81,154000.0,160000.0,6000.0,21.75,36,15,9.912113800799505,7.95,2.540997179586524,6.380357559508592,0.5
826,Warming up a Riff,V3fYc,67,67,1,83,83,164000.0,164000.0,0.0,3.0,3,3,,1.0,,5.291502622129181,2.0
827,Warming up a Riff,V3fYc,68,69,2,84,85,166000.0,168000.0,2000.0,18.0,21,15,4.242640687119285,6.449999999999999,0.21213203435596412,4.699255818133161,1.0
828,Warming up a Riff,V3fYc,70,70,1,87,87,172000.0,172000.0,0.0,21.0,21,21,,5.8,,1.4142135623730951,0.5
829,Warming up a Riff,V3fYc,71,74,4,88,91,174000.0,180000.0,6000.0,16.5,21,3,9.0,5.375,3.3589432862136865,3.49715184488353,1.0
830,Warming up a Riff,V3fYc,75,75,1,92,92,182000.0,182000.0,0.0,6.0,6,6,,1.8,,2.23606797749979,2.0
831,Warming up a Riff,V3fYc,76,79,4,93,96,184000.0,190000.0,6000.0,16.5,21,15,3.0,4.55,2.1687169786150826,4.614797240728714,1.0
832,Warming up a Riff,V3fYc,80,81,2,98,99,194000.0,196000.0,2000.0,6.0,6,6,0.0,0.5,0.0,2.29128784747792,2.0
833,Warming up a Riff,V3fYc,82,82,1,101,101,200000.0,200000.0,0.0,28.0,28,28,,8.6,,9.273618495495704,1.0
834,Warming up a Riff,V3fYc,83,85,3,102,104,202000.0,206000.0,4000.0,11.0,15,3,6.928203230275509,2.9333333333333336,1.4011899704655801,4.3483299792938945,1.0
835,Warming up a Riff,V3fYc,86,91,6,106,111,210000.0,220000.0,10000.0,15.833333333333334,28,6,7.833687935236293,5.349999999999999,2.9575327555244417,4.870417313946979,1.0
836,Warming up a Riff,V3fYc,92,92,1,112,112,222000.0,222000.0,0.0,10.0,10,10,,2.0,,2.449489742783178,1.0
837,Warming up a Riff,V3fYc,93,93,1,114,114,226000.0,226000.0,0.0,10.0,10,10,,2.0,,0.0,0.5
838,Warming up a Riff,V3fYc,94,95,2,115,116,228000.0,230000.0,2000.0,15.0,15,15,0.0,4.949999999999999,0.9192388155425116,3.350705235476804,0.5
839,Warming up a Riff,V3fYc,96,96,1,117,117,232000.0,232000.0,0.0,15.0,15,15,,3.0,,2.449489742783178,1.0
840,Warming up a Riff,V3fYc,97,97,1,118,118,234000.0,234000.0,0.0,10.0,10,10,,2.0,,3.0,0.5
841,Warming up a Riff,V3fYc,98,99,2,119,120,236000.0,238000.0,2000.0,10.5,15,6,6.363961030678928,3.15,3.040559159102154,3.720791417188655,2.0
842,Warming up a Riff,V3fYc,100,100,1,121,121,240000.0,240000.0,0.0,10.0,10,10,,2.0,,3.1622776601683795,1.0
843,Warming up a Riff,V3fYc,101,101,1,122,122,242000.0,242000.0,0.0,21.0,21,21,,7.6,,4.795831523312719,1.0
844,Warming up a Riff,V3fYc,102,103,2,123,124,244000.0,246000.0,2000.0,13.5,21,6,10.606601717798213,3.55,4.313351365237939,3.8296057803857466,1.0
845,Warming up a Riff,V3fYc,104,104,1,126,126,250000.0,250000.0,0.0,15.0,15,15,,5.8,,4.58257569495584,0.5
846,Warming up a Riff,V3fYc,105,107,3,127,129,252000.0,256000.0,4000.0,21.333333333333332,28,15,6.506407098647712,7.166666666666667,2.5716402029314547,4.480249236345813,2.0
847,Warming up a Riff,V3fYc,108,108,1,131,131,260000.0,260000.0,0.0,3.0,3,3,,1.5,,5.0990195135927845,1.0
848,Warming up a Riff,V3fYc,109,110,2,132,133,262000.0,264000.0,2000.0,9.0,15,3,8.48528137423857,3.55,2.4748737341529163,3.7386127875258306,0.5
849,Warming up a Riff,V3fYc,111,111,1,135,135,268000.0,268000.0,0.0,3.0,3,3,,1.5,,5.0990195135927845,1.0
850,Warming up a Riff,V3fYc,112,113,2,136,137,270000.0,272000.0,2000.0,6.5,10,3,4.949747468305833,2.4,1.2727922061357855,3.3166247903554,1.0
851,Warming up a Riff,V3fYc,114,114,1,138,138,274000.0,274000.0,0.0,10.0,10,10,,5.1,,4.358898943540674,1.0
852,Warming up a Riff,V3fYc,115,117,3,139,141,276000.0,280000.0,4000.0,9.333333333333334,15,3,6.027713773341708,2.8333333333333335,2.0207259421636903,3.933493925972661,2.0
853,Warming up a Riff,V3fYc,118,119,2,142,143,282000.0,284000.0,2000.0,10.5,15,6,6.363961030678928,3.9,1.979898987322333,4.707304123873421,0.5
854,Warming up a Riff,V3fYc,120,120,1,144,144,286000.0,286000.0,0.0,6.0,6,6,,4.0,,2.0,1.0
855,Warming up a Riff,V3fYc,121,121,1,145,145,288000.0,288000.0,0.0,6.0,6,6,,1.5,,3.1622776601683795,0.0
856,Bloomdido,WG3yc,0,0,1,1,1,0.0,0.0,0.0,3.0,3,3,,0.5,,0.0,1.0
857,Bloomdido,WG3yc,1,1,1,2,2,2000.0,2000.0,0.0,3.0,3,3,,0.5,,0.0,0.5
858,Bloomdido,WG3yc,2,3,2,3,4,4000.0,6000.0,2000.0,12.5,15,10,3.5355339059327378,4.55,0.3535533905932738,4.304063706242291,0.5
859,Bloomdido,WG3yc,4,4,1,5,5,8000.0,8000.0,0.0,10.0,10,10,,2.3,,3.4641016151377544,0.5
860,Bloomdido,WG3yc,5,6,2,6,7,10000.0,12000.0,2000.0,6.5,10,3,4.949747468305833,2.4,1.2727922061357855,3.517630503187898,1.0
861,Bloomdido,WG3yc,7,7,1,8,8,14000.0,14000.0,0.0,15.0,15,15,,3.0,,6.48074069840786,1.0
862,Bloomdido,WG3yc,8,8,1,9,9,16000.0,16000.0,0.0,10.0,10,10,,4.5,,4.795831523312719,0.5
863,Bloomdido,WG3yc,9,10,2,10,11,18000.0,20000.0,2000.0,6.5,10,3,4.949747468305833,1.9,1.2727922061357855,3.3839144678161843,1.0
864,Bloomdido,WG3yc,11,11,1,13,13,24000.0,24000.0,0.0,3.0,3,3,,0.5,,2.0,1.0
865,Bloomdido,WG3yc,12,12,1,14,14,26000.0,26000.0,0.0,3.0,3,3,,0.5,,0.0,0.5
866,Bloomdido,WG3yc,13,14,2,15,16,28000.0,30000.0,2000.0,12.5,15,10,3.5355339059327378,4.55,0.3535533905932738,4.304063706242291,0.5
867,Bloomdido,WG3yc,15,15,1,17,17,32000.0,32000.0,0.0,10.0,10,10,,2.3,,3.4641016151377544,0.5
868,Bloomdido,WG3yc,16,17,2,18,19,34000.0,36000.0,2000.0,6.5,10,3,4.949747468305833,2.4,1.2727922061357855,3.517630503187898,1.0
869,Bloomdido,WG3yc,18,18,1,20,20,38000.0,38000.0,0.0,15.0,15,15,,3.0,,6.48074069840786,1.0
870,Bloomdido,WG3yc,19,19,1,21,21,40000.0,40000.0,0.0,10.0,10,10,,4.5,,4.795831523312719,0.5
871,Bloomdido,WG3yc,20,21,2,22,23,42000.0,44000.0,2000.0,6.5,10,3,4.949747468305833,1.9,1.2727922061357855,3.3839144678161843,1.0
872,Bloomdido,WG3yc,22,22,1,25,25,48000.0,48000.0,0.0,6.0,6,6,,1.0,,3.3166247903554,1.0
873,Bloomdido,WG3yc,23,26,4,26,29,50000.0,56000.0,6000.0,15.25,21,10,4.5,4.324999999999999,2.1061418122560815,4.086598246446044,1.0
874,Bloomdido,WG3yc,27,27,1,31,31,60000.0,60000.0,0.0,21.0,21,21,,5.8,,5.0,0.5
875,Bloomdido,WG3yc,28,30,3,32,34,62000.0,66000.0,4000.0,7.666666666666667,10,3,4.041451884327381,1.7,1.5716233645501712,4.434426725175913,2.0
876,Bloomdido,WG3yc,31,31,1,37,37,72000.0,72000.0,0.0,15.0,15,15,,5.3,,5.291502622129181,0.5
877,Bloomdido,WG3yc,32,40,9,38,45,74000.0,88000.0,14000.0,15.555555555555555,28,3,8.094922963053927,4.888888888888889,2.617462723920077,4.820961530684963,0.5
878,Bloomdido,WG3yc,41,41,1,46,46,90000.0,90000.0,0.0,6.0,6,6,,2.0,,2.449489742783178,1.0
879,Bloomdido,WG3yc,42,42,1,47,47,92000.0,92000.0,0.0,6.0,6,6,,1.5,,1.4142135623730951,1.0
880,Bloomdido,WG3yc,43,44,2,49,50,96000.0,98000.0,2000.0,8.0,10,6,2.8284271247461903,2.4,1.979898987322333,3.2850422557600663,1.0
881,Bloomdido,WG3yc,45,49,5,51,56,100000.0,110000.0,10000.0,11.6,15,3,5.272570530585627,3.44,1.5323185047502363,3.48405891171069,2.0
882,Bloomdido,WG3yc,50,50,1,57,57,112000.0,112000.0,0.0,3.0,3,3,,2.5,,1.4142135623730951,1.0
883,Bloomdido,WG3yc,51,52,2,58,59,114000.0,116000.0,2000.0,8.0,10,6,2.8284271247461903,2.55,0.3535533905932738,3.64269164289302,1.0
884,Bloomdido,WG3yc,53,55,3,60,61,118000.0,120000.0,2000.0,6.0,6,6,0.0,2.433333333333333,0.7505553499465134,1.885618083164127,0.5
885,Bloomdido,WG3yc,56,58,3,62,64,122000.0,126000.0,4000.0,16.0,21,6,8.660254037844387,5.7,3.290896534380867,5.137697708234348,0.5
886,Bloomdido,WG3yc,59,60,2,65,66,128000.0,130000.0,2000.0,21.5,28,15,9.192388155425117,7.6,2.1213203435596424,7.648455651373238,0.5
887,Bloomdido,WG3yc,61,65,5,67,70,132000.0,138000.0,6000.0,10.6,21,6,6.14817045957576,2.7199999999999998,1.4481022063376603,3.3872475140274667,1.0
888,Bloomdido,WG3yc,66,66,1,71,71,140000.0,140000.0,0.0,6.0,6,6,,0.5,,2.0,1.0
889,Bloomdido,WG3yc,67,67,1,72,72,143000.0,143000.0,0.0,3.0,3,3,,0.5,,1.7320508075688772,0.0
890,Mohawk (No. 2),WRfYc,0,1,2,2,3,2000.0,4000.0,2000.0,10.5,15,6,6.363961030678928,2.4,2.6870057685088806,1.9364916731037085,0.5
891,Mohawk (No. 2),WRfYc,2,3,2,4,5,6000.0,8000.0,2000.0,12.0,21,3,12.727922061357855,3.15,3.040559159102154,7.5374020989200625,0.5
892,Mohawk (No. 2),WRfYc,4,4,1,6,6,10000.0,10000.0,0.0,3.0,3,3,,0.5,,2.449489742783178,0.5
893,Mohawk (No. 2),WRfYc,5,6,2,7,8,12000.0,14000.0,2000.0,9.0,15,3,8.48528137423857,2.15,3.040559159102154,5.645751311064591,0.5
894,Mohawk (No. 2),WRfYc,7,7,1,9,9,16000.0,16000.0,0.0,6.0,6,6,,1.5,,1.7320508075688772,1.0
895,Mohawk (No. 2),WRfYc,8,9,2,10,11,18000.0,20000.0,2000.0,3.0,3,3,0.0,0.0,0.0,0.8660254037844386,0.5
896,Mohawk (No. 2),WRfYc,10,11,2,12,13,22000.0,25000.0,3000.0,10.5,15,6,6.363961030678928,3.9,1.979898987322333,4.5822429841683,0.5
897,Mohawk (No. 2),WRfYc,12,13,2,14,15,26000.0,28000.0,2000.0,10.5,15,6,6.363961030678928,2.4,2.6870057685088806,3.998044485912539,0.5
898,Mohawk (No. 2),WRfYc,14,15,2,16,17,30000.0,32000.0,2000.0,12.0,21,3,12.727922061357855,3.15,3.040559159102154,7.5374020989200625,0.5
899,Mohawk (No. 2),WRfYc,16,16,1,18,18,34000.0,34000.0,0.0,3.0,3,3,,0.5,,2.449489742783178,0.5
900,Mohawk (No. 2),WRfYc,17,18,2,19,20,36000.0,38000.0,2000.0,9.0,15,3,8.48528137423857,2.15,3.040559159102154,5.645751311064591,0.5
901,Mohawk (No. 2),WRfYc,19,19,1,21,21,40000.0,40000.0,0.0,6.0,6,6,,1.5,,1.7320508075688772,1.0
902,Mohawk (No. 2),WRfYc,20,21,2,22,23,42000.0,44000.0,2000.0,3.0,3,3,0.0,0.0,0.0,0.8660254037844386,0.5
903,Mohawk (No. 2),WRfYc,22,23,2,24,25,46000.0,49000.0,3000.0,10.5,15,6,6.363961030678928,3.9,1.979898987322333,4.5822429841683,0.5
904,Mohawk (No. 2),WRfYc,24,24,1,26,26,50000.0,50000.0,0.0,6.0,6,6,,1.0,,3.1622776601683795,0.5
905,Mohawk (No. 2),WRfYc,25,26,2,27,28,52000.0,54000.0,2000.0,8.0,10,6,2.8284271247461903,1.75,0.3535533905932738,2.224744871391589,1.0
906,Mohawk (No. 2),WRfYc,27,27,1,29,29,56000.0,56000.0,0.0,6.0,6,6,,2.3,,2.0,2.0
907,Mohawk (No. 2),WRfYc,28,28,1,30,30,58000.0,58000.0,0.0,15.0,15,15,,3.0,,5.5677643628300215,1.0
908,Mohawk (No. 2),WRfYc,29,30,2,32,33,62000.0,64000.0,2000.0,25.5,36,15,14.849242404917497,9.6,4.666904755831214,6.623550171195851,1.0
909,Mohawk (No. 2),WRfYc,31,31,1,34,34,66000.0,66000.0,0.0,28.0,28,28,,9.9,,3.7416573867739418,0.5
910,Mohawk (No. 2),WRfYc,32,33,2,35,36,68000.0,70000.0,2000.0,21.0,36,6,21.213203435596427,7.45,6.293250352560273,8.19538401372373,2.0
911,Mohawk (No. 2),WRfYc,34,34,1,37,37,73000.0,73000.0,0.0,3.0,3,3,,0.0,,3.0,1.0
912,Mohawk (No. 2),WRfYc,35,35,1,38,38,74000.0,74000.0,0.0,10.0,10,10,,2.8,,3.3166247903554,0.5
913,Mohawk (No. 2),WRfYc,36,38,3,39,41,76000.0,80000.0,4000.0,11.666666666666666,15,10,2.8867513459481287,4.533333333333333,0.8736894948054106,2.817926760765854,1.0
914,Mohawk (No. 2),WRfYc,39,39,1,42,42,82000.0,82000.0,0.0,10.0,10,10,,3.8,,2.8284271247461903,2.0
915,Mohawk (No. 2),WRfYc,40,40,1,43,43,84000.0,84000.0,0.0,21.0,21,21,,6.8,,5.196152422706632,1.0
916,Mohawk (No. 2),WRfYc,41,47,7,44,49,86000.0,96000.0,10000.0,15.285714285714286,28,3,10.641338977689568,4.657142857142857,3.6696308364998345,3.198163829015285,2.0
917,Mohawk (No. 2),WRfYc,48,48,1,50,50,98000.0,98000.0,0.0,10.0,10,10,,3.0,,3.3166247903554,1.0
918,Mohawk (No. 2),WRfYc,49,49,1,51,51,100000.0,100000.0,0.0,10.0,10,10,,2.5,,2.0,1.0
919,Mohawk (No. 2),WRfYc,50,51,2,52,53,102000.0,104000.0,2000.0,3.0,3,3,0.0,0.65,0.9192388155425119,2.9364916731037085,2.0
920,Mohawk (No. 2),WRfYc,52,52,1,54,54,106000.0,106000.0,0.0,15.0,15,15,,3.0,,6.782329983125268,1.0
921,Mohawk (No. 2),WRfYc,53,53,1,55,55,108000.0,108000.0,0.0,3.0,3,3,,0.5,,5.830951894845301,0.5
922,Mohawk (No. 2),WRfYc,54,54,1,57,57,112000.0,112000.0,0.0,15.0,15,15,,3.8,,5.291502622129181,0.5
923,Mohawk (No. 2),WRfYc,55,56,2,57,58,113000.0,114000.0,1000.0,12.5,15,10,3.5355339059327378,3.4499999999999997,1.6263455967290592,3.1937043489192662,0.5
924,Mohawk (No. 2),WRfYc,57,58,2,59,60,116000.0,118000.0,2000.0,21.5,28,15,9.192388155425117,6.6,3.2526911934581193,6.525539568188952,2.0
925,Mohawk (No. 2),WRfYc,59,60,2,62,63,122000.0,124000.0,2000.0,4.5,6,3,2.1213203435596424,1.25,1.0606601717798212,3.4155351605808306,1.0
926,Mohawk (No. 2),WRfYc,61,61,1,64,64,126000.0,126000.0,0.0,10.0,10,10,,3.0,,2.0,1.0
927,Mohawk (No. 2),WRfYc,62,62,1,65,65,128000.0,128000.0,0.0,21.0,21,21,,6.6,,4.795831523312719,0.5
928,Mohawk (No. 2),WRfYc,63,63,1,66,66,130000.0,130000.0,0.0,6.0,6,6,,1.0,,6.244997998398398,0.5
929,Mohawk (No. 2),WRfYc,64,65,2,67,68,132000.0,134000.0,2000.0,6.5,10,3,4.949747468305833,1.75,0.3535533905932738,3.259367328636004,2.0
930,Mohawk (No. 2),WRfYc,66,68,3,69,70,136000.0,138000.0,2000.0,7.333333333333333,10,6,2.309401076758503,1.7666666666666666,0.6806859285554046,2.4259722891764564,1.0
931,Mohawk (No. 2),WRfYc,69,70,2,71,72,140000.0,142000.0,2000.0,12.5,15,10,3.5355339059327378,5.15,1.6263455967290592,2.9208096264818897,1.0
932,Mohawk (No. 2),WRfYc,71,72,2,73,73,144000.0,145000.0,1000.0,8.0,10,6,2.8284271247461903,2.9,0.14142135623730964,2.995352392457285,0.0
933,Back Home Blues,WS64c,0,0,1,2,2,2000.0,2000.0,0.0,3.0,3,3,,0.5,,0.0,1.0
934,Back Home Blues,WS64c,1,1,1,3,3,4000.0,4000.0,0.0,6.0,6,6,,1.8,,3.605551275463989,0.5
935,Back Home Blues,WS64c,2,3,2,4,5,6000.0,8000.0,2000.0,10.5,15,6,6.363961030678928,2.8,1.414213562373095,5.5677643628300215,0.5
936,Back Home Blues,WS64c,4,4,1,6,6,10000.0,10000.0,0.0,10.0,10,10,,2.0,,4.0,1.0
937,Back Home Blues,WS64c,5,5,1,7,7,12000.0,12000.0,0.0,3.0,3,3,,0.8,,4.358898943540674,1.0
938,Back Home Blues,WS64c,6,6,1,8,8,14000.0,14000.0,0.0,10.0,10,10,,2.8,,4.358898943540674,0.5
939,Back Home Blues,WS64c,7,7,1,9,9,16000.0,16000.0,0.0,6.0,6,6,,3.0,,3.1622776601683795,1.0
940,Back Home Blues,WS64c,8,10,3,10,12,18000.0,22000.0,4000.0,10.333333333333334,15,6,4.509249752822894,3.6,1.3892443989449805,3.485186347054419,1.0
941,Back Home Blues,WS64c,11,12,2,13,14,24000.0,26000.0,2000.0,4.5,6,3,2.1213203435596424,1.25,0.3535533905932738,2.9811880507099953,0.5
942,Back Home Blues,WS64c,13,14,2,15,16,28000.0,30000.0,2000.0,10.5,15,6,6.363961030678928,2.9,1.979898987322333,3.872983346207417,1.0
943,Back Home Blues,WS64c,15,15,1,17,17,32000.0,32000.0,0.0,10.0,10,10,,2.8,,2.449489742783178,1.0
944,Back Home Blues,WS64c,16,17,2,18,19,34000.0,36000.0,2000.0,12.5,15,10,3.5355339059327378,4.05,0.3535533905932738,2.6457513110645907,1.0
945,Back Home Blues,WS64c,18,18,1,21,21,40000.0,40000.0,0.0,21.0,21,21,,8.6,,4.795831523312719,1.0
946,Back Home Blues,WS64c,19,21,3,22,24,42000.0,46000.0,4000.0,32.333333333333336,55,21,19.629909152447276,10.033333333333333,7.769384359994898,10.52874167801533,0.5
947,Back Home Blues,WS64c,22,26,5,26,30,50000.0,58000.0,8000.0,13.2,28,3,9.311283477587825,3.5,3.3256578296631782,6.544959889431968,2.0
948,Back Home Blues,WS64c,27,27,1,32,32,62000.0,62000.0,0.0,3.0,3,3,,1.0,,3.872983346207417,1.0
949,Back Home Blues,WS64c,28,28,1,33,33,64000.0,64000.0,0.0,3.0,3,3,,1.5,,2.0,0.5
950,Back Home Blues,WS64c,29,30,2,33,34,65000.0,66000.0,1000.0,3.0,3,3,0.0,1.0,0.0,1.0,1.0
951,Back Home Blues,WS64c,31,31,1,35,35,68000.0,68000.0,0.0,15.0,15,15,,5.6,,5.830951894845301,0.5
952,Back Home Blues,WS64c,32,32,1,36,36,70000.0,70000.0,0.0,3.0,3,3,,0.5,,5.291502622129181,1.0
953,Back Home Blues,WS64c,33,34,2,38,39,74000.0,76000.0,2000.0,13.5,21,6,10.606601717798213,3.8,3.959797974644666,4.524437774248719,1.0
954,Back Home Blues,WS64c,35,39,5,40,43,78000.0,84000.0,6000.0,12.8,28,3,11.031772296417289,4.3,3.7369773882109585,6.388305008766094,2.0
955,Back Home Blues,WS64c,40,44,5,45,48,88000.0,94000.0,6000.0,7.4,15,3,5.128352561983234,1.46,1.3813037319865604,3.1449783870568084,1.0
956,Back Home Blues,WS64c,45,45,1,49,49,96000.0,96000.0,0.0,6.0,6,6,,2.3,,1.7320508075688772,2.0
957,Back Home Blues,WS64c,46,46,1,50,50,98000.0,98000.0,0.0,6.0,6,6,,2.0,,1.4142135623730951,1.0
958,Back Home Blues,WS64c,47,51,5,51,54,100000.0,106000.0,6000.0,10.2,21,3,7.52994023880668,3.28,2.151046257057249,3.669044026137508,1.0
959,Back Home Blues,WS64c,52,55,4,56,58,110000.0,114000.0,4000.0,8.0,10,6,2.309401076758503,2.3499999999999996,0.7371114795831993,3.045510624501366,1.0
960,Back Home Blues,WS64c,56,57,2,59,60,116000.0,118000.0,2000.0,10.0,10,10,0.0,2.25,0.3535533905932738,1.7071067811865475,1.0
961,Back Home Blues,WS64c,58,60,3,61,62,120000.0,122000.0,2000.0,6.333333333333333,10,3,3.5118845842842465,2.533333333333333,0.5507570547286103,3.2693429904109905,0.0
962,cXbwc,cXbwc,0,0,1,1,1,0.0,0.0,0.0,6.0,6,6,,2.5,,0.0,1.0
963,cXbwc,cXbwc,1,3,3,2,4,2000.0,6000.0,4000.0,12.0,15,6,5.196152422706632,3.7999999999999994,1.609347693943108,3.41062742991603,1.0
964,cXbwc,cXbwc,4,7,4,5,8,8000.0,14000.0,6000.0,15.75,21,6,7.088723439378913,4.025,2.4851223980587624,4.695946124864326,1.0
965,cXbwc,cXbwc,8,9,2,9,10,16000.0,18000.0,2000.0,6.0,6,6,0.0,2.0,0.0,1.5811388300841898,1.0
966,cXbwc,cXbwc,10,13,4,11,14,20000.0,26000.0,6000.0,13.0,21,6,6.48074069840786,5.425,2.1328775554791384,4.204398341699809,2.0
967,cXbwc,cXbwc,14,16,3,15,17,28000.0,32000.0,4000.0,13.333333333333334,15,10,2.886751345948129,3.3666666666666667,1.0969655114602888,4.988841114487898,1.0
968,cXbwc,cXbwc,17,18,2,18,19,34000.0,36000.0,2000.0,15.0,15,15,0.0,4.699999999999999,0.5656854249492379,2.3228756555322954,1.0
969,cXbwc,cXbwc,19,20,2,21,22,40000.0,42000.0,2000.0,15.5,21,10,7.7781745930520225,4.949999999999999,1.6263455967290592,3.8228756555322954,1.0
970,cXbwc,cXbwc,21,29,9,25,31,48000.0,60000.0,12000.0,8.444444444444445,15,6,3.9405301391789624,3.1333333333333333,1.9868316486305526,3.4402979059786527,1.0
971,cXbwc,cXbwc,30,32,3,32,33,62000.0,64000.0,2000.0,5.0,6,3,1.7320508075688772,2.6666666666666665,1.2583057392117916,2.0786893258332633,1.0
972,cXbwc,cXbwc,33,33,1,35,35,68000.0,68000.0,0.0,10.0,10,10,,1.5,,4.795831523312719,1.0
973,cXbwc,cXbwc,34,34,1,37,37,72000.0,72000.0,0.0,21.0,21,21,,6.3,,4.795831523312719,0.5
974,cXbwc,cXbwc,35,36,2,38,39,74000.0,76000.0,2000.0,15.5,28,3,17.67766952966369,6.05,6.434671708797582,7.3293796892352,1.0
975,cXbwc,cXbwc,37,37,1,40,40,79000.0,79000.0,0.0,3.0,3,3,,0.0,,2.0,2.0
976,cXbwc,cXbwc,38,39,2,41,42,80000.0,82000.0,2000.0,12.5,15,10,3.5355339059327378,3.0,1.4142135623730951,4.238612787525831,1.0
977,cXbwc,cXbwc,40,42,3,44,46,86000.0,90000.0,4000.0,10.333333333333334,15,6,4.509249752822894,3.633333333333333,1.5567059238447487,2.979159482817799,1.0
978,cXbwc,cXbwc,43,43,1,47,47,92000.0,92000.0,0.0,6.0,6,6,,0.5,,2.0,2.0
979,cXbwc,cXbwc,44,45,2,48,49,94000.0,96000.0,2000.0,12.5,15,10,3.5355339059327378,5.05,1.7677669529663689,3.720791417188655,0.5
980,cXbwc,cXbwc,46,47,2,50,51,98000.0,100000.0,2000.0,12.5,15,10,3.5355339059327378,3.05,2.192031021678297,3.720791417188655,1.0
981,cXbwc,cXbwc,48,48,1,53,53,104000.0,104000.0,0.0,15.0,15,15,,4.6,,3.872983346207417,1.0
982,cXbwc,cXbwc,49,54,6,54,59,106000.0,116000.0,10000.0,11.166666666666666,15,6,4.445971959725642,2.783333333333333,1.0303721010715823,3.1483729086367696,2.0
983,cXbwc,cXbwc,55,55,1,61,61,120000.0,120000.0,0.0,6.0,6,6,,1.0,,2.8284271247461903,0.5
984,cXbwc,cXbwc,56,57,2,61,62,121000.0,122000.0,1000.0,3.0,3,3,0.0,1.5,0.0,1.6583123951777,1.0
985,cXbwc,cXbwc,58,59,2,63,64,124000.0,127000.0,3000.0,10.0,10,10,0.0,2.0,0.0,1.9364916731037085,0.5
986,cXbwc,cXbwc,60,62,3,65,67,128000.0,132000.0,4000.0,12.333333333333334,21,6,7.767453465154029,3.9,2.6,5.196434834089925,1.0
987,cXbwc,cXbwc,63,63,1,69,69,136000.0,136000.0,0.0,21.0,21,21,,6.3,,5.196152422706632,0.5
988,cXbwc,cXbwc,64,68,5,70,73,138000.0,144000.0,6000.0,13.0,28,6,9.16515138991168,4.68,3.4492028064467304,3.7497664223494915,0.5
989,cXbwc,cXbwc,69,69,1,75,75,148000.0,148000.0,0.0,6.0,6,6,,1.0,,3.1622776601683795,2.0
990,cXbwc,cXbwc,70,73,4,76,79,150000.0,156000.0,6000.0,15.75,21,6,7.088723439378913,4.875,2.109304782781916,5.352532986073452,1.0
991,cXbwc,cXbwc,74,74,1,80,80,158000.0,158000.0,0.0,10.0,10,10,,4.0,,2.449489742783178,1.0
992,cXbwc,cXbwc,75,75,1,82,82,162000.0,162000.0,0.0,10.0,10,10,,3.3,,2.8284271247461903,1.0
993,cXbwc,cXbwc,76,76,1,83,83,164000.0,164000.0,0.0,15.0,15,15,,4.6,,3.605551275463989,1.0
994,cXbwc,cXbwc,77,77,1,85,85,168000.0,168000.0,0.0,6.0,6,6,,2.3,,3.872983346207417,2.0
995,cXbwc,cXbwc,78,78,1,86,86,170000.0,170000.0,0.0,6.0,6,6,,2.3,,0.0,1.0
996,cXbwc,cXbwc,79,79,1,89,89,176000.0,176000.0,0.0,21.0,21,21,,5.8,,7.0,0.5
997,cXbwc,cXbwc,80,81,2,90,91,178000.0,180000.0,2000.0,8.0,10,6,2.8284271247461903,2.55,0.7778174593052023,4.703637829283389,1.0
998,cXbwc,cXbwc,82,82,1,92,92,182000.0,182000.0,0.0,21.0,21,21,,5.8,,6.708203932499369,0.5
999,cXbwc,cXbwc,83,88,6,93,96,184000.0,191000.0,7000.0,7.0,15,3,4.09878030638384,1.9333333333333333,1.3155480480266262,3.858253635404066,0.0
1000,Bluebird,lTXyc,0,3,4,1,4,0.0,6000.0,6000.0,5.5,10,3,3.3166247903554,1.25,1.1902380714238083,1.7738102634619421,0.5
1001,Bluebird,lTXyc,4,4,1,4,4,7000.0,7000.0,0.0,15.0,15,15,,5.3,,2.23606797749979,0.5
1002,Bluebird,lTXyc,5,5,1,5,5,8000.0,8000.0,0.0,3.0,3,3,,0.0,,5.291502622129181,1.0
1003,Bluebird,lTXyc,6,6,1,7,7,12000.0,12000.0,0.0,10.0,10,10,,2.8,,3.3166247903554,1.0
1004,Bluebird,lTXyc,7,7,1,9,9,16000.0,16000.0,0.0,3.0,3,3,,0.0,,3.3166247903554,1.0
1005,Bluebird,lTXyc,8,8,1,11,11,20000.0,20000.0,0.0,10.0,10,10,,2.0,,3.3166247903554,1.0
1006,Bluebird,lTXyc,9,9,1,13,13,24000.0,24000.0,0.0,3.0,3,3,,0.0,,3.3166247903554,1.0
1007,Bluebird,lTXyc,10,10,1,15,15,28000.0,28000.0,0.0,6.0,6,6,,0.5,,1.7320508075688772,1.0
1008,Bluebird,lTXyc,11,11,1,41,41,80000.0,80000.0,0.0,10.0,10,10,,2.0,,2.0,0.5
1009,Bluebird,lTXyc,12,12,1,42,42,82000.0,82000.0,0.0,21.0,21,21,,7.1,,4.795831523312719,0.5
1010,Bluebird,lTXyc,13,13,1,43,43,84000.0,84000.0,0.0,36.0,36,36,,11.9,,6.557438524302,1.0
1011,Bluebird,lTXyc,14,14,1,45,45,88000.0,88000.0,0.0,10.0,10,10,,2.8,,10.954451150103322,0.5
1012,Bluebird,lTXyc,15,15,1,46,46,90000.0,90000.0,0.0,10.0,10,10,,3.3,,2.0,1.0
1013,Bluebird,lTXyc,16,16,1,47,47,92000.0,92000.0,0.0,6.0,6,6,,1.5,,2.449489742783178,2.0
1014,Bluebird,lTXyc,17,17,1,48,48,94000.0,94000.0,0.0,15.0,15,15,,6.8,,5.0,0.5
1015,Bluebird,lTXyc,18,21,4,48,51,95000.0,100000.0,5000.0,34.5,45,21,9.9498743710662,11.85,3.184860017855311,4.652798526829794,1.0
1016,Bluebird,lTXyc,22,22,1,53,53,104000.0,104000.0,0.0,6.0,6,6,,0.5,,12.569805089976535,0.5
1017,Bluebird,lTXyc,23,23,1,54,54,106000.0,106000.0,0.0,3.0,3,3,,0.8,,2.6457513110645907,1.0
1018,Bluebird,lTXyc,24,25,2,55,56,108000.0,110000.0,2000.0,12.5,15,10,3.5355339059327378,2.65,1.6263455967290592,3.716110200103211,1.0
1019,Bluebird,lTXyc,26,26,1,59,59,116000.0,116000.0,0.0,21.0,21,21,,7.6,,4.0,1.0
1020,Bluebird,lTXyc,27,28,2,60,61,118000.0,120000.0,2000.0,41.5,55,28,19.091883092036785,14.3,6.646803743153547,12.776142263335172,0.5
1021,Bluebird,lTXyc,29,29,1,62,62,122000.0,122000.0,0.0,10.0,10,10,,3.8,,8.246211251235321,1.0
1022,Bluebird,lTXyc,30,32,3,63,64,124000.0,127000.0,3000.0,19.0,36,6,15.394804318340652,6.133333333333333,5.783885660465059,8.13430036651174,0.0
1023,Steeplechase,mRfYc,0,0,1,1,1,0.0,0.0,0.0,10.0,10,10,,1.5,,0.0,0.5
1024,Steeplechase,mRfYc,1,4,4,2,4,2000.0,6000.0,4000.0,4.5,6,3,1.7320508075688772,2.0,1.5811388300841898,3.0992862065684528,1.0
1025,Steeplechase,mRfYc,5,5,1,5,5,8000.0,8000.0,0.0,10.0,10,10,,1.5,,5.291502622129181,0.5
1026,Steeplechase,mRfYc,6,9,4,6,8,10000.0,14000.0,4000.0,4.5,6,3,1.7320508075688772,1.375,0.8539125638299665,3.327711332442381,2.0
1027,Steeplechase,mRfYc,10,10,1,9,9,16000.0,16000.0,0.0,10.0,10,10,,1.5,,3.1622776601683795,0.5
1028,Steeplechase,mRfYc,11,14,4,10,12,18000.0,22000.0,4000.0,4.5,6,3,1.7320508075688772,2.0,1.5811388300841898,3.0992862065684528,1.0
1029,Steeplechase,mRfYc,15,15,1,13,13,24000.0,24000.0,0.0,10.0,10,10,,1.5,,5.291502622129181,0.5
1030,Steeplechase,mRfYc,16,19,4,14,16,26000.0,30000.0,4000.0,4.5,6,3,1.7320508075688772,1.375,0.8539125638299665,3.327711332442381,2.0
1031,Steeplechase,mRfYc,20,20,1,17,17,32000.0,32000.0,0.0,3.0,3,3,,1.5,,2.23606797749979,2.0
1032,Steeplechase,mRfYc,21,22,2,18,19,34000.0,36000.0,2000.0,10.5,15,6,6.363961030678928,3.45,2.7577164466275357,4.937039158542511,1.0
1033,Steeplechase,mRfYc,23,25,3,21,23,40000.0,44000.0,4000.0,15.0,21,3,10.392304845413264,4.8,4.07308237088326,6.134374745810949,0.5
1034,Steeplechase,mRfYc,26,26,1,24,24,46000.0,46000.0,0.0,15.0,15,15,,5.1,,5.0990195135927845,0.5
1035,Steeplechase,mRfYc,27,31,5,25,28,48000.0,54000.0,6000.0,5.6,10,3,2.8809720581775866,1.9,1.3874436925511608,3.3040500903782943,1.0
1036,Steeplechase,mRfYc,32,32,1,29,29,56000.0,56000.0,0.0,10.0,10,10,,1.5,,5.291502622129181,0.5
1037,Steeplechase,mRfYc,33,36,4,30,32,58000.0,62000.0,4000.0,4.5,6,3,1.7320508075688772,1.375,0.8539125638299665,3.327711332442381,2.0
1038,Steeplechase,mRfYc,37,37,1,33,33,64000.0,64000.0,0.0,3.0,3,3,,1.5,,2.23606797749979,0.5
1039,Steeplechase,mRfYc,38,40,3,34,35,66000.0,68000.0,2000.0,5.333333333333333,10,3,4.041451884327381,1.5,0.8660254037844386,3.4154037504117736,1.0
1040,Steeplechase,mRfYc,41,41,1,36,36,70000.0,70000.0,0.0,3.0,3,3,,1.5,,2.0,1.0
1041,Steeplechase,mRfYc,42,44,3,36,37,71000.0,73000.0,2000.0,12.0,15,6,5.196152422706632,3.1999999999999997,1.9052558883257649,4.407730755822165,0.5
1042,Steeplechase,mRfYc,45,45,1,38,38,74000.0,74000.0,0.0,28.0,28,28,,9.9,,5.5677643628300215,0.5
1043,Steeplechase,mRfYc,46,47,2,39,39,76000.0,77000.0,1000.0,9.0,15,3,8.48528137423857,2.0,1.4142135623730951,8.412410565598229,0.5
1044,Steeplechase,mRfYc,48,48,1,40,40,78000.0,78000.0,0.0,15.0,15,15,,3.0,,0.0,0.5
1045,Steeplechase,mRfYc,49,49,1,41,41,80000.0,80000.0,0.0,21.0,21,21,,5.8,,3.1622776601683795,0.5
1046,Steeplechase,mRfYc,50,52,3,42,43,82000.0,85000.0,3000.0,5.0,6,3,1.7320508075688772,1.1666666666666667,0.28867513459481287,4.82630081684126,0.5
1047,Steeplechase,mRfYc,53,56,4,44,45,86000.0,89000.0,3000.0,5.25,6,3,1.5,1.9,0.6164414002968975,2.868123934875609,1.0
1048,Steeplechase,mRfYc,57,57,1,47,47,92000.0,92000.0,0.0,6.0,6,6,,2.3,,3.1622776601683795,2.0
1049,Steeplechase,mRfYc,58,58,1,49,49,96000.0,96000.0,0.0,10.0,10,10,,3.1,,4.242640687119285,1.0
1050,Steeplechase,mRfYc,59,59,1,50,50,98000.0,98000.0,0.0,15.0,15,15,,4.6,,4.795831523312719,1.0
1051,Steeplechase,mRfYc,60,60,1,51,51,100000.0,100000.0,0.0,6.0,6,6,,1.5,,4.795831523312719,1.0
1052,Steeplechase,mRfYc,61,61,1,52,52,102000.0,102000.0,0.0,10.0,10,10,,3.1,,3.7416573867739418,0.5
1053,Steeplechase,mRfYc,62,62,1,53,53,104000.0,104000.0,0.0,21.0,21,21,,7.8,,6.244997998398398,1.0
1054,Steeplechase,mRfYc,63,64,2,54,55,106000.0,108000.0,2000.0,21.5,28,15,9.192388155425117,6.949999999999999,1.6263455967290592,5.10293407795794,0.5
1055,Steeplechase,mRfYc,65,66,2,56,57,110000.0,112000.0,2000.0,12.0,21,3,12.727922061357855,3.3,3.959797974644666,5.937003937005906,0.5
1056,Steeplechase,mRfYc,67,67,1,58,58,114000.0,114000.0,0.0,3.0,3,3,,1.5,,2.449489742783178,0.5
1057,Steeplechase,mRfYc,68,68,1,59,59,116000.0,116000.0,0.0,10.0,10,10,,1.5,,4.795831523312719,1.0
1058,Steeplechase,mRfYc,69,69,1,61,61,120000.0,120000.0,0.0,6.0,6,6,,0.5,,2.8284271247461903,0.5
1059,Steeplechase,mRfYc,70,75,6,61,65,121000.0,128000.0,7000.0,8.666666666666666,21,3,6.439461675223067,3.4333333333333336,2.5113077602449816,3.1288133882133327,0.0
1060,Buzzy,mTHyc,0,1,2,1,2,0.0,2000.0,2000.0,4.5,6,3,2.1213203435596424,1.25,1.0606601717798212,1.118033988749895,1.0
1061,Buzzy,mTHyc,2,2,1,3,3,4000.0,4000.0,0.0,21.0,21,21,,6.3,,7.745966692414834,4.0
1062,Buzzy,mTHyc,3,4,2,5,6,8000.0,10000.0,2000.0,4.5,6,3,2.1213203435596424,1.5,1.4142135623730951,5.37348985200342,1.0
1063,Buzzy,mTHyc,5,5,1,7,7,12000.0,12000.0,0.0,21.0,21,21,,6.3,,7.745966692414834,4.0
1064,Buzzy,mTHyc,6,7,2,9,10,16000.0,18000.0,2000.0,4.5,6,3,2.1213203435596424,1.25,1.0606601717798212,4.396753250900895,1.0
1065,Buzzy,mTHyc,8,9,2,11,12,20000.0,23000.0,3000.0,15.5,21,10,7.7781745930520225,5.4,1.2727922061357855,6.5655657497746684,2.0
1066,Buzzy,mTHyc,10,10,1,13,13,24000.0,24000.0,0.0,6.0,6,6,,2.5,,2.449489742783178,0.5
1067,Buzzy,mTHyc,11,11,1,14,14,26000.0,26000.0,0.0,15.0,15,15,,6.3,,3.872983346207417,0.5
1068,Buzzy,mTHyc,12,12,1,15,15,28000.0,28000.0,0.0,21.0,21,21,,5.3,,5.0990195135927845,0.5
1069,Buzzy,mTHyc,13,15,3,16,18,30000.0,34000.0,4000.0,11.0,15,3,6.928203230275509,4.366666666666666,2.205296654269745,5.408016752316141,1.0
1070,Buzzy,mTHyc,16,16,1,19,19,36000.0,36000.0,0.0,10.0,10,10,,3.3,,3.872983346207417,1.0
1071,Buzzy,mTHyc,17,17,1,20,20,38000.0,38000.0,0.0,21.0,21,21,,6.1,,5.385164807134504,2.0
1072,Buzzy,mTHyc,18,18,1,22,22,42000.0,42000.0,0.0,15.0,15,15,,3.0,,4.242640687119285,0.5
1073,Buzzy,mTHyc,19,19,1,23,23,44000.0,44000.0,0.0,15.0,15,15,,4.6,,3.7416573867739418,0.5
1074,Buzzy,mTHyc,20,21,2,25,26,48000.0,50000.0,2000.0,3.0,3,3,0.0,1.0,0.0,2.7386127875258306,1.0
1075,Buzzy,mTHyc,22,23,2,27,28,52000.0,54000.0,2000.0,6.0,6,6,0.0,3.15,1.2020815280171309,2.598076211353316,2.0
1076,Buzzy,mTHyc,24,24,1,29,29,56000.0,56000.0,0.0,10.0,10,10,,3.8,,2.8284271247461903,4.0
1077,Buzzy,mTHyc,25,25,1,31,31,60000.0,60000.0,0.0,21.0,21,21,,5.8,,5.5677643628300215,0.5
1078,Buzzy,mTHyc,26,27,2,32,33,62000.0,64000.0,2000.0,15.0,15,15,0.0,3.8,1.1313708498984758,4.581275857411505,1.0
1079,Buzzy,mTHyc,28,30,3,34,36,66000.0,71000.0,5000.0,11.0,21,6,8.660254037844387,2.8666666666666667,2.8112867753634334,4.36508488911177,2.0
1080,Buzzy,mTHyc,31,31,1,37,37,72000.0,72000.0,0.0,6.0,6,6,,3.0,,3.1622776601683795,1.0
1081,Buzzy,mTHyc,32,33,2,38,39,74000.0,76000.0,2000.0,15.5,21,10,7.7781745930520225,5.8,1.8384776310850233,6.211709481615532,1.0
1082,Buzzy,mTHyc,34,34,1,40,40,79000.0,79000.0,0.0,6.0,6,6,,1.5,,3.1622776601683795,1.0
1083,Buzzy,mTHyc,35,35,1,41,41,80000.0,80000.0,0.0,28.0,28,28,,8.6,,9.38083151964686,1.0
1084,Buzzy,mTHyc,36,37,2,43,44,84000.0,86000.0,2000.0,6.5,10,3,4.949747468305833,1.65,0.9192388155425116,5.7814180207953605,1.0
1085,Buzzy,mTHyc,38,38,1,45,45,88000.0,88000.0,0.0,21.0,21,21,,7.8,,7.745966692414834,0.5
1086,Buzzy,mTHyc,39,41,3,46,48,90000.0,95000.0,5000.0,10.0,21,3,9.643650760992955,2.9333333333333336,2.064784088793144,4.401395587522819,1.0
1087,Buzzy,mTHyc,42,42,1,49,49,96000.0,96000.0,0.0,3.0,3,3,,1.0,,2.0,0.0
1088,An Oscar For Treadwell,myn4c,0,0,1,2,2,2000.0,2000.0,0.0,6.0,6,6,,2.3,,0.0,0.5
1089,An Oscar For Treadwell,myn4c,1,3,3,3,5,4000.0,9000.0,5000.0,4.0,6,3,1.7320508075688772,0.8333333333333334,0.7637626158259734,2.186825977438356,0.5
1090,An Oscar For Treadwell,myn4c,4,7,4,6,8,10000.0,14000.0,4000.0,4.75,10,3,3.5,1.525,1.3573871960498227,2.7974020341407044,0.5
1091,An Oscar For Treadwell,myn4c,8,10,3,9,10,16000.0,18000.0,2000.0,6.0,6,6,0.0,1.8666666666666665,0.5131601439446883,1.7154214566473243,0.5
1092,An Oscar For Treadwell,myn4c,11,13,3,11,13,20000.0,25000.0,5000.0,4.0,6,3,1.7320508075688772,0.8333333333333334,0.7637626158259734,2.186825977438356,0.5
1093,An Oscar For Treadwell,myn4c,14,17,4,14,16,26000.0,30000.0,4000.0,4.75,10,3,3.5,1.525,1.3573871960498227,2.7974020341407044,0.5
1094,An Oscar For Treadwell,myn4c,18,18,1,17,17,32000.0,32000.0,0.0,3.0,3,3,,0.0,,2.0,1.0
1095,An Oscar For Treadwell,myn4c,19,19,1,18,18,34000.0,34000.0,0.0,10.0,10,10,,4.3,,3.872983346207417,1.0
1096,An Oscar For Treadwell,myn4c,20,20,1,19,19,36000.0,36000.0,0.0,3.0,3,3,,2.5,,3.3166247903554,1.0
1097,An Oscar For Treadwell,myn4c,21,21,1,20,20,38000.0,38000.0,0.0,10.0,10,10,,4.0,,3.3166247903554,0.5
1098,An Oscar For Treadwell,myn4c,22,22,1,21,21,40000.0,40000.0,0.0,6.0,6,6,,4.0,,2.449489742783178,1.0
1099,An Oscar For Treadwell,myn4c,23,23,1,22,22,42000.0,42000.0,0.0,21.0,21,21,,6.3,,7.280109889280518,1.0
1100,An Oscar For Treadwell,myn4c,24,27,4,23,26,44000.0,50000.0,6000.0,13.0,21,6,6.48074069840786,4.0,2.1322914122292635,4.528985128841115,0.5
1101,An Oscar For Treadwell,myn4c,28,30,3,27,29,52000.0,57000.0,5000.0,4.0,6,3,1.7320508075688772,0.8333333333333334,0.7637626158259734,2.186825977438356,0.5
1102,An Oscar For Treadwell,myn4c,31,34,4,30,32,58000.0,62000.0,4000.0,4.75,10,3,3.5,1.525,1.3573871960498227,2.7974020341407044,0.5
1103,An Oscar For Treadwell,myn4c,35,35,1,33,33,64000.0,64000.0,0.0,3.0,3,3,,0.0,,2.0,1.0
1104,An Oscar For Treadwell,myn4c,36,36,1,34,34,66000.0,66000.0,0.0,6.0,6,6,,1.5,,1.7320508075688772,1.0
1105,An Oscar For Treadwell,myn4c,37,39,3,35,36,68000.0,70000.0,2000.0,7.333333333333333,10,6,2.309401076758503,1.9333333333333333,0.40414518843273795,2.2927717258369498,2.0
1106,An Oscar For Treadwell,myn4c,40,40,1,37,37,73000.0,73000.0,0.0,10.0,10,10,,2.5,,1.4142135623730951,1.0
1107,An Oscar For Treadwell,myn4c,41,44,4,38,40,74000.0,78000.0,4000.0,9.75,21,6,7.5,3.3,2.9314387821227537,4.616778856221628,1.0
1108,An Oscar For Treadwell,myn4c,45,46,2,42,43,82000.0,84000.0,2000.0,8.0,10,6,2.8284271247461903,2.15,2.3334523779156067,3.09557356477856,0.5
1109,An Oscar For Treadwell,myn4c,47,47,1,44,44,86000.0,86000.0,0.0,10.0,10,10,,1.5,,2.8284271247461903,1.0
1110,An Oscar For Treadwell,myn4c,48,54,7,45,49,88000.0,96000.0,8000.0,8.857142857142858,21,3,5.899959644736886,2.957142857142857,2.099886618254378,4.062453204427731,2.0
1111,An Oscar For Treadwell,myn4c,55,56,2,50,51,98000.0,100000.0,2000.0,6.5,10,3,4.949747468305833,2.4,2.6870057685088806,3.605551275463989,2.0
1112,An Oscar For Treadwell,myn4c,57,58,2,52,53,102000.0,104000.0,2000.0,10.5,15,6,6.363961030678928,3.4,1.2727922061357855,4.947425518452752,0.5
1113,An Oscar For Treadwell,myn4c,59,59,1,54,54,106000.0,106000.0,0.0,21.0,21,21,,7.6,,6.855654600401044,1.0
1114,An Oscar For Treadwell,myn4c,60,60,1,55,55,108000.0,108000.0,0.0,15.0,15,15,,3.8,,3.4641016151377544,0.5
1115,An Oscar For Treadwell,myn4c,61,61,1,56,56,110000.0,110000.0,0.0,10.0,10,10,,2.5,,4.123105625617661,1.0
1116,An Oscar For Treadwell,myn4c,62,64,3,57,59,112000.0,116000.0,4000.0,12.333333333333334,28,3,13.650396819628847,3.9666666666666663,5.012318159627672,7.443118856742532,1.0
1117,An Oscar For Treadwell,myn4c,65,69,5,61,63,120000.0,125000.0,5000.0,8.6,15,6,3.9749213828703582,2.54,1.527416118809802,3.0591904257676754,1.0
1118,An Oscar For Treadwell,myn4c,70,70,1,65,65,129000.0,129000.0,0.0,3.0,3,3,,1.0,,2.23606797749979,1.0
1119,An Oscar For Treadwell,myn4c,71,71,1,66,66,130000.0,130000.0,0.0,10.0,10,10,,2.5,,3.872983346207417,1.0
1120,An Oscar For Treadwell,myn4c,72,78,7,68,71,134000.0,141000.0,7000.0,9.285714285714286,21,6,5.498917642417937,3.0571428571428574,2.355035132687085,3.831222935629484,1.0
1121,An Oscar For Treadwell,myn4c,79,79,1,73,73,145000.0,145000.0,0.0,3.0,3,3,,1.5,,2.6457513110645907,2.0
1122,An Oscar For Treadwell,myn4c,80,80,1,74,74,146000.0,146000.0,0.0,3.0,3,3,,0.5,,2.449489742783178,1.0
1123,An Oscar For Treadwell,myn4c,81,82,2,75,76,149000.0,151000.0,2000.0,4.5,6,3,2.1213203435596424,0.5,0.7071067811865476,1.9840593925343335,1.0
1124,An Oscar For Treadwell,myn4c,83,87,5,77,80,152000.0,158000.0,6000.0,9.2,21,3,7.049822692805828,3.1399999999999997,2.4378269011560274,4.62209330374724,1.0
1125,An Oscar For Treadwell,myn4c,88,88,1,82,82,162000.0,162000.0,0.0,6.0,6,6,,2.0,,2.449489742783178,1.0
1126,An Oscar For Treadwell,myn4c,89,89,1,84,84,166000.0,166000.0,0.0,10.0,10,10,,2.5,,3.4641016151377544,1.0
1127,An Oscar For Treadwell,myn4c,90,91,2,86,87,170000.0,172000.0,2000.0,8.0,10,6,2.8284271247461903,2.75,0.3535533905932738,1.5811388300841898,1.0
1128,An Oscar For Treadwell,myn4c,92,92,1,88,88,174000.0,174000.0,0.0,21.0,21,21,,5.3,,7.681145747868608,0.5
1129,An Oscar For Treadwell,myn4c,93,93,1,89,89,176000.0,176000.0,0.0,10.0,10,10,,3.3,,6.082762530298219,1.0
1130,An Oscar For Treadwell,myn4c,94,94,1,90,90,178000.0,178000.0,0.0,3.0,3,3,,0.5,,3.3166247903554,1.0
1131,An Oscar For Treadwell,myn4c,95,97,3,92,93,182000.0,184000.0,2000.0,4.0,6,3,1.7320508075688772,1.0,0.5,1.520159310771689,1.0
1132,An Oscar For Treadwell,myn4c,98,102,5,94,97,186000.0,192000.0,6000.0,11.0,21,3,7.176350047203662,4.08,2.9439769020833024,4.913781599708906,0.5
1133,An Oscar For Treadwell,myn4c,103,104,2,97,98,193000.0,194000.0,1000.0,4.5,6,3,2.1213203435596424,1.75,0.3535533905932738,1.7320508075688772,0.0
1134,Red Cross,nRfYc,0,0,1,2,2,2000.0,2000.0,0.0,6.0,6,6,,1.0,,0.0,1.0
1135,Red Cross,nRfYc,1,1,1,4,4,6000.0,6000.0,0.0,6.0,6,6,,1.0,,0.0,1.0
1136,Red Cross,nRfYc,2,4,3,6,8,10000.0,14000.0,4000.0,11.666666666666666,15,10,2.8867513459481287,3.033333333333333,1.1676186592091329,2.6443160732150344,2.0
1137,Red Cross,nRfYc,5,5,1,10,10,18000.0,18000.0,0.0,6.0,6,6,,1.0,,2.0,1.0
1138,Red Cross,nRfYc,6,6,1,12,12,22000.0,22000.0,0.0,6.0,6,6,,1.0,,0.0,1.0
1139,Red Cross,nRfYc,7,9,3,14,16,26000.0,30000.0,4000.0,11.666666666666666,15,10,2.8867513459481287,3.033333333333333,1.1676186592091329,2.6443160732150344,4.0
1140,Red Cross,nRfYc,10,10,1,18,18,34000.0,34000.0,0.0,10.0,10,10,,2.5,,1.4142135623730951,1.0
1141,Red Cross,nRfYc,11,11,1,19,19,36000.0,36000.0,0.0,10.0,10,10,,2.5,,0.0,2.0
1142,Red Cross,nRfYc,12,12,1,20,20,38000.0,38000.0,0.0,10.0,10,10,,2.5,,0.0,1.0
1143,Red Cross,nRfYc,13,13,1,21,21,40000.0,40000.0,0.0,10.0,10,10,,2.5,,0.0,2.0
1144,Red Cross,nRfYc,14,14,1,22,22,42000.0,42000.0,0.0,10.0,10,10,,2.5,,0.0,1.0
1145,Red Cross,nRfYc,15,15,1,23,23,44000.0,44000.0,0.0,10.0,10,10,,2.5,,0.0,2.0
1146,Red Cross,nRfYc,16,16,1,24,24,46000.0,46000.0,0.0,10.0,10,10,,2.5,,0.0,1.0
1147,Red Cross,nRfYc,17,17,1,25,25,48000.0,48000.0,0.0,10.0,10,10,,2.5,,0.0,1.0
1148,Red Cross,nRfYc,18,18,1,26,26,50000.0,50000.0,0.0,6.0,6,6,,1.0,,2.0,1.0
1149,Red Cross,nRfYc,19,19,1,28,28,54000.0,54000.0,0.0,6.0,6,6,,1.0,,0.0,1.0
1150,Red Cross,nRfYc,20,22,3,30,32,58000.0,62000.0,4000.0,11.666666666666666,15,10,2.8867513459481287,3.1999999999999997,0.9643650760992954,3.1157205940060657,4.0
1151,Red Cross,nRfYc,23,23,1,34,34,66000.0,66000.0,0.0,3.0,3,3,,0.5,,4.123105625617661,2.0
1152,Red Cross,nRfYc,24,24,1,37,37,72000.0,72000.0,0.0,6.0,6,6,,4.0,,3.872983346207417,0.5
1153,Red Cross,nRfYc,25,28,4,37,39,73000.0,77000.0,4000.0,7.5,15,3,5.196152422706632,2.825,1.7289206652321174,3.879127403782067,1.0
1154,Red Cross,nRfYc,29,29,1,41,41,81000.0,81000.0,0.0,3.0,3,3,,0.5,,1.7320508075688772,2.0
1155,Red Cross,nRfYc,30,30,1,42,42,82000.0,82000.0,0.0,6.0,6,6,,2.3,,1.7320508075688772,2.0
1156,Red Cross,nRfYc,31,31,1,44,44,86000.0,86000.0,0.0,28.0,28,28,,8.6,,9.591663046625438,0.5
1157,Red Cross,nRfYc,32,32,1,45,45,88000.0,88000.0,0.0,15.0,15,15,,4.6,,6.244997998398398,0.5
1158,Red Cross,nRfYc,33,35,3,46,48,90000.0,94000.0,4000.0,10.0,21,3,9.643650760992955,3.6999999999999997,3.3867388443752198,4.406558295585884,1.0
1159,Red Cross,nRfYc,36,36,1,50,50,98000.0,98000.0,0.0,15.0,15,15,,4.3,,4.123105625617661,0.5
1160,Red Cross,nRfYc,37,39,3,51,53,100000.0,104000.0,4000.0,21.333333333333332,28,15,6.506407098647712,7.133333333333333,2.411085509336684,4.000580921013401,0.5
1161,Red Cross,nRfYc,40,40,1,54,54,106000.0,106000.0,0.0,21.0,21,21,,5.3,,4.0,1.0
1162,Red Cross,nRfYc,41,43,3,55,57,108000.0,112000.0,4000.0,21.0,21,21,0.0,6.433333333333333,0.5773502691896258,3.040318621543378,0.5
1163,Red Cross,nRfYc,44,46,3,60,62,118000.0,122000.0,4000.0,13.0,21,3,9.16515138991168,5.366666666666667,3.523256069793017,5.453096416083461,2.0
1164,Red Cross,nRfYc,47,47,1,64,64,126000.0,126000.0,0.0,10.0,10,10,,2.3,,6.708203932499369,2.0
1165,Red Cross,nRfYc,48,49,2,65,65,128000.0,129000.0,1000.0,4.5,6,3,2.1213203435596424,1.25,0.3535533905932738,3.259367328636004,0.0
1166,Au Privave (No. 1),rCn4c,0,0,1,1,1,0.0,0.0,0.0,10.0,10,10,,2.0,,0.0,1.0
1167,Au Privave (No. 1),rCn4c,1,2,2,2,2,2000.0,3000.0,1000.0,3.0,3,3,0.0,0.75,1.0606601717798212,2.9364916731037085,0.5
1168,Au Privave (No. 1),rCn4c,3,3,1,3,3,4000.0,4000.0,0.0,10.0,10,10,,3.3,,3.605551275463989,0.5
1169,Au Privave (No. 1),rCn4c,4,4,1,5,5,8000.0,8000.0,0.0,3.0,3,3,,1.8,,3.872983346207417,0.5
1170,Au Privave (No. 1),rCn4c,5,6,2,6,7,10000.0,12000.0,2000.0,6.0,6,6,0.0,2.0,0.0,1.5,0.5
1171,Au Privave (No. 1),rCn4c,7,8,2,8,9,15000.0,16000.0,1000.0,6.5,10,3,4.949747468305833,1.75,0.3535533905932738,2.8025170768881473,0.5
1172,Au Privave (No. 1),rCn4c,9,9,1,10,10,18000.0,18000.0,0.0,6.0,6,6,,2.3,,2.8284271247461903,0.5
1173,Au Privave (No. 1),rCn4c,10,11,2,12,13,22000.0,24000.0,2000.0,8.0,10,6,2.8284271247461903,1.5,0.7071067811865476,2.224744871391589,1.0
1174,Au Privave (No. 1),rCn4c,12,13,2,14,14,26000.0,27000.0,1000.0,3.0,3,3,0.0,0.75,1.0606601717798212,2.9364916731037085,0.5
1175,Au Privave (No. 1),rCn4c,14,14,1,15,15,28000.0,28000.0,0.0,10.0,10,10,,3.3,,3.605551275463989,0.5
1176,Au Privave (No. 1),rCn4c,15,15,1,17,17,32000.0,32000.0,0.0,3.0,3,3,,1.8,,3.872983346207417,0.5
1177,Au Privave (No. 1),rCn4c,16,17,2,18,19,34000.0,36000.0,2000.0,6.0,6,6,0.0,2.0,0.0,1.5,0.5
1178,Au Privave (No. 1),rCn4c,18,19,2,20,21,39000.0,40000.0,1000.0,6.5,10,3,4.949747468305833,1.75,0.3535533905932738,2.8025170768881473,0.5
1179,Au Privave (No. 1),rCn4c,20,20,1,22,22,42000.0,42000.0,0.0,6.0,6,6,,2.3,,2.8284271247461903,0.5
1180,Au Privave (No. 1),rCn4c,21,22,2,24,25,46000.0,48000.0,2000.0,6.0,6,6,0.0,2.15,1.6263455967290592,2.224744871391589,1.0
1181,Au Privave (No. 1),rCn4c,23,25,3,26,28,50000.0,55000.0,5000.0,12.0,15,6,5.196152422706632,2.8666666666666667,2.064784088793144,3.4443835704344914,2.0
1182,Au Privave (No. 1),rCn4c,26,26,1,29,29,56000.0,56000.0,0.0,6.0,6,6,,0.5,,0.0,0.5
1183,Au Privave (No. 1),rCn4c,27,27,1,30,30,58000.0,58000.0,0.0,3.0,3,3,,1.3,,3.0,2.0
1184,Au Privave (No. 1),rCn4c,28,28,1,31,31,60000.0,60000.0,0.0,21.0,21,21,,7.8,,8.246211251235321,0.5
1185,Au Privave (No. 1),rCn4c,29,33,5,32,35,62000.0,68000.0,6000.0,5.4,6,3,1.3416407864998738,1.6600000000000001,0.8677557259966654,3.037382519423689,1.0
1186,Au Privave (No. 1),rCn4c,34,34,1,37,37,72000.0,72000.0,0.0,6.0,6,6,,2.3,,1.7320508075688772,0.5
1187,Au Privave (No. 1),rCn4c,35,35,1,38,38,74000.0,74000.0,0.0,6.0,6,6,,3.0,,2.0,0.5
1188,Au Privave (No. 1),rCn4c,36,39,4,39,42,76000.0,82000.0,6000.0,11.5,15,6,4.358898943540674,3.9,1.614517471774978,3.295810055287813,0.5
1189,Au Privave (No. 1),rCn4c,40,40,1,44,44,87000.0,87000.0,0.0,6.0,6,6,,1.5,,0.0,2.0
1190,Au Privave (No. 1),rCn4c,41,43,3,45,47,88000.0,92000.0,4000.0,27.333333333333332,36,10,15.01110699893027,8.700000000000001,5.115662224971465,8.316523525452384,1.0
1191,Au Privave (No. 1),rCn4c,44,44,1,48,48,95000.0,95000.0,0.0,6.0,6,6,,1.3,,2.0,0.5
1192,Au Privave (No. 1),rCn4c,45,45,1,49,49,96000.0,96000.0,0.0,10.0,10,10,,4.8,,3.4641016151377544,0.5
1193,Au Privave (No. 1),rCn4c,46,46,1,50,50,98000.0,98000.0,0.0,15.0,15,15,,4.3,,3.3166247903554,2.0
1194,Au Privave (No. 1),rCn4c,47,47,1,52,52,103000.0,103000.0,0.0,3.0,3,3,,1.0,,5.291502622129181,1.0
1195,Au Privave (No. 1),rCn4c,48,49,2,53,54,104000.0,106000.0,2000.0,8.0,10,6,2.8284271247461903,2.45,0.21213203435596445,3.23945122526189,1.0
1196,Au Privave (No. 1),rCn4c,50,50,1,55,55,108000.0,108000.0,0.0,3.0,3,3,,1.0,,3.3166247903554,1.0
1197,Au Privave (No. 1),rCn4c,51,53,3,56,57,110000.0,112000.0,2000.0,6.0,6,6,0.0,2.5,0.5,1.8834271799576283,1.0
1198,Au Privave (No. 1),rCn4c,54,55,2,58,59,114000.0,116000.0,2000.0,12.5,15,10,3.5355339059327378,4.55,1.0606601717798212,3.3844284683411257,0.0
1199,Si Si,rRfYc,0,0,1,1,1,0.0,0.0,0.0,6.0,6,6,,1.0,,0.0,0.5
1200,Si Si,rRfYc,1,5,5,2,4,2000.0,7000.0,5000.0,4.2,6,3,1.6431676725154984,1.22,0.21679483388678802,2.5688390779968744,0.5
1201,Si Si,rRfYc,6,6,1,5,5,8000.0,8000.0,0.0,6.0,6,6,,1.8,,1.4142135623730951,0.5
1202,Si Si,rRfYc,7,8,2,6,7,10000.0,12000.0,2000.0,8.0,10,6,2.8284271247461903,1.75,1.0606601717798212,3.602879500955848,1.0
1203,Si Si,rRfYc,9,11,3,8,9,14000.0,16000.0,2000.0,5.0,6,3,1.7320508075688772,1.3333333333333333,1.2583057392117916,1.7941107824805875,0.5
1204,Si Si,rRfYc,12,16,5,10,13,18000.0,24000.0,6000.0,7.4,15,3,5.128352561983234,2.12,1.6130716041143367,2.760947139619012,1.0
1205,Si Si,rRfYc,17,21,5,15,17,28000.0,32000.0,4000.0,4.2,6,3,1.6431676725154984,1.72,0.47116875957558985,2.7469470531721307,2.0
1206,Si Si,rRfYc,22,22,1,19,19,36000.0,36000.0,0.0,21.0,21,21,,7.8,,7.745966692414834,0.5
1207,Si Si,rRfYc,23,25,3,20,21,38000.0,40000.0,2000.0,6.333333333333333,10,3,3.5118845842842465,1.5333333333333332,1.3279056191361391,4.186825977438356,1.0
1208,Si Si,rRfYc,26,28,3,22,23,42000.0,44000.0,2000.0,12.0,15,6,5.196152422706632,4.3,2.861817604250837,4.5767613694471665,0.5
1209,Si Si,rRfYc,29,29,1,25,25,48000.0,48000.0,0.0,10.0,10,10,,3.3,,3.1622776601683795,0.5
1210,Si Si,rRfYc,30,32,3,26,27,50000.0,52000.0,2000.0,7.333333333333333,10,6,2.309401076758503,3.1666666666666665,1.8929694486000912,3.023689270621825,2.0
1211,Si Si,rRfYc,33,37,5,29,32,56000.0,63000.0,7000.0,9.8,21,6,6.496152707564685,3.5,1.9157244060668017,4.085827813140806,2.0
1212,Si Si,rRfYc,38,38,1,35,35,68000.0,68000.0,0.0,3.0,3,3,,1.8,,3.3166247903554,2.0
1213,Si Si,rRfYc,39,46,8,37,41,72000.0,80000.0,8000.0,5.75,10,3,2.187627547301936,1.55,1.4870872776769264,3.699019706769656,1.0
1214,Si Si,rRfYc,47,47,1,43,43,84000.0,84000.0,0.0,15.0,15,15,,5.3,,3.872983346207417,0.5
1215,Si Si,rRfYc,48,50,3,44,45,86000.0,88000.0,2000.0,6.333333333333333,10,3,3.5118845842842465,1.5999999999999999,1.3892443989449803,3.283993518148083,0.5
1216,Si Si,rRfYc,51,51,1,46,46,91000.0,91000.0,0.0,10.0,10,10,,2.0,,2.0,1.0
1217,Si Si,rRfYc,52,55,4,47,49,92000.0,96000.0,4000.0,6.25,10,3,2.8722813232690143,1.95,0.3316624790355399,2.4097744698364987,0.0
1218,t66yc,t66yc,0,0,1,1,1,0.0,0.0,0.0,3.0,3,3,,0.0,,0.0,0.5
1219,t66yc,t66yc,1,3,3,1,3,1000.0,4000.0,3000.0,8.666666666666666,10,6,2.309401076758503,1.9333333333333333,0.40414518843273795,2.186825977438356,0.5
1220,t66yc,t66yc,4,4,1,4,4,6000.0,6000.0,0.0,6.0,6,6,,2.3,,4.69041575982343,0.5
1221,t66yc,t66yc,5,5,1,5,5,8000.0,8000.0,0.0,6.0,6,6,,2.0,,2.0,0.5
1222,t66yc,t66yc,6,6,1,6,6,10000.0,10000.0,0.0,10.0,10,10,,3.1,,3.1622776601683795,1.0
1223,t66yc,t66yc,7,8,2,7,8,12000.0,14000.0,2000.0,13.5,21,6,10.606601717798213,5.15,4.45477272147525,6.4802813808674244,0.5
1224,t66yc,t66yc,9,10,2,9,10,16000.0,18000.0,2000.0,6.5,10,3,4.949747468305833,2.15,0.9192388155425116,2.8025170768881473,1.0
1225,t66yc,t66yc,11,11,1,12,12,22000.0,22000.0,0.0,6.0,6,6,,0.5,,2.8284271247461903,0.5
1226,t66yc,t66yc,12,13,2,13,13,24000.0,25000.0,1000.0,3.0,3,3,0.0,0.5,0.7071067811865476,1.5731321849709863,0.5
1227,t66yc,t66yc,14,14,1,14,14,26000.0,26000.0,0.0,3.0,3,3,,1.0,,0.0,2.0
1228,t66yc,t66yc,15,15,1,16,16,30000.0,30000.0,0.0,10.0,10,10,,4.5,,4.123105625617661,1.0
1229,t66yc,t66yc,16,18,3,17,18,32000.0,34000.0,2000.0,8.0,15,3,6.244997998398398,1.9333333333333333,1.9008769905844336,4.133121371283125,4.0
1230,t66yc,t66yc,19,19,1,20,20,38000.0,38000.0,0.0,15.0,15,15,,5.3,,3.1622776601683795,0.5
1231,t66yc,t66yc,20,20,1,22,22,42000.0,42000.0,0.0,21.0,21,21,,9.3,,3.7416573867739418,1.0
1232,t66yc,t66yc,21,22,2,23,24,44000.0,46000.0,2000.0,17.0,28,6,15.556349186104045,5.05,6.434671708797582,6.75196857263226,1.0
1233,t66yc,t66yc,23,23,1,25,25,49000.0,49000.0,0.0,3.0,3,3,,2.5,,3.605551275463989,2.0
1234,t66yc,t66yc,24,24,1,26,26,50000.0,50000.0,0.0,10.0,10,10,,2.5,,4.358898943540674,0.5
1235,t66yc,t66yc,25,25,1,27,27,52000.0,52000.0,0.0,6.0,6,6,,1.5,,2.449489742783178,0.5
1236,t66yc,t66yc,26,26,1,29,29,56000.0,56000.0,0.0,3.0,3,3,,1.0,,2.6457513110645907,2.0
1237,t66yc,t66yc,27,29,3,30,32,58000.0,62000.0,4000.0,11.666666666666666,15,10,2.886751345948129,3.533333333333333,1.7785762095938797,3.7386084252222127,4.0
1238,t66yc,t66yc,30,30,1,34,34,66000.0,66000.0,0.0,10.0,10,10,,2.0,,2.8284271247461903,1.0
1239,t66yc,t66yc,31,32,2,35,36,68000.0,70000.0,2000.0,18.0,21,15,4.242640687119285,5.45,2.050609665440988,5.019950158914801,2.0
1240,t66yc,t66yc,33,39,7,38,42,74000.0,82000.0,8000.0,6.571428571428571,15,3,4.503966505838413,1.8714285714285714,1.2724180205607034,2.7333909265923637,2.0
1241,t66yc,t66yc,40,40,1,44,44,86000.0,86000.0,0.0,10.0,10,10,,4.5,,2.8284271247461903,2.0
1242,t66yc,t66yc,41,43,3,45,47,88000.0,92000.0,4000.0,17.0,21,15,3.4641016151377544,4.833333333333333,1.9604421270043486,4.701674669190091,1.0
1243,t66yc,t66yc,44,44,1,49,49,96000.0,96000.0,0.0,3.0,3,3,,1.5,,7.745966692414834,1.0
1244,t66yc,t66yc,45,45,1,49,49,97000.0,97000.0,0.0,6.0,6,6,,2.0,,1.7320508075688772,0.0
1245,Ko Ko,tCfYc,0,2,3,1,3,0.0,4000.0,4000.0,10.333333333333334,15,6,4.509249752822894,3.4333333333333336,1.6921386861996073,2.2562856455607503,1.0
1246,Ko Ko,tCfYc,3,3,1,5,5,8000.0,8000.0,0.0,6.0,6,6,,1.0,,3.7416573867739418,0.5
1247,Ko Ko,tCfYc,4,4,1,6,6,10000.0,10000.0,0.0,3.0,3,3,,0.5,,1.7320508075688772,2.0
1248,Ko Ko,tCfYc,5,5,1,7,7,12000.0,12000.0,0.0,6.0,6,6,,2.3,,1.7320508075688772,0.5
1249,Ko Ko,tCfYc,6,6,1,8,8,14000.0,14000.0,0.0,3.0,3,3,,0.5,,1.7320508075688772,2.0
1250,Ko Ko,tCfYc,7,7,1,9,9,16000.0,16000.0,0.0,6.0,6,6,,0.5,,2.23606797749979,2.0
1251,Ko Ko,tCfYc,8,9,2,10,11,18000.0,20000.0,2000.0,17.0,28,6,15.556349186104045,5.8,3.959797974644666,9.432640771060571,2.0
1252,Ko Ko,tCfYc,10,10,1,12,12,22000.0,22000.0,0.0,15.0,15,15,,5.0,,4.358898943540674,1.0
1253,Ko Ko,tCfYc,11,11,1,13,13,24000.0,24000.0,0.0,6.0,6,6,,3.0,,4.358898943540674,1.0
1254,Ko Ko,tCfYc,12,17,6,14,19,26000.0,36000.0,10000.0,15.666666666666666,28,6,7.033254343948232,5.3500000000000005,2.247442991490552,4.125661545510709,4.0
1255,Ko Ko,tCfYc,18,18,1,21,21,40000.0,40000.0,0.0,15.0,15,15,,3.0,,5.916079783099616,0.5
1256,Ko Ko,tCfYc,19,19,1,22,22,42000.0,42000.0,0.0,21.0,21,21,,6.3,,2.8284271247461903,1.0
1257,Ko Ko,tCfYc,20,20,1,25,25,48000.0,48000.0,0.0,21.0,21,21,,7.8,,3.1622776601683795,0.5
1258,Ko Ko,tCfYc,21,22,2,26,27,50000.0,52000.0,2000.0,10.5,15,6,6.363961030678928,3.0,1.4142135623730951,3.8724266775621095,2.0
1259,Ko Ko,tCfYc,23,23,1,28,28,54000.0,54000.0,0.0,10.0,10,10,,2.8,,2.449489742783178,1.0
1260,Ko Ko,tCfYc,24,24,1,29,29,56000.0,56000.0,0.0,28.0,28,28,,10.9,,7.874007874011811,0.5
1261,Ko Ko,tCfYc,25,26,2,30,31,58000.0,60000.0,2000.0,12.5,15,10,3.5355339059327378,3.15,1.6263455967290592,4.0760738802997025,1.0
1262,Ko Ko,tCfYc,27,27,1,33,33,64000.0,64000.0,0.0,6.0,6,6,,1.0,,2.0,1.0
1263,Ko Ko,tCfYc,28,28,1,34,34,66000.0,66000.0,0.0,6.0,6,6,,2.5,,2.449489742783178,4.0
1264,Ko Ko,tCfYc,29,29,1,37,37,72000.0,72000.0,0.0,6.0,6,6,,1.0,,2.449489742783178,1.0
1265,Ko Ko,tCfYc,30,33,4,38,41,74000.0,80000.0,6000.0,9.25,15,6,4.272001872658765,2.2,1.3638181696985854,3.023810263461942,2.0
1266,Ko Ko,tCfYc,34,34,1,42,42,82000.0,82000.0,0.0,10.0,10,10,,4.3,,3.4641016151377544,1.0
1267,Ko Ko,tCfYc,35,35,1,43,43,84000.0,84000.0,0.0,15.0,15,15,,4.0,,3.872983346207417,1.0
1268,Ko Ko,tCfYc,36,41,6,44,49,86000.0,96000.0,10000.0,15.333333333333334,21,10,4.926120853842978,5.233333333333333,1.8597490870186404,4.753302261048259,1.0
1269,Ko Ko,tCfYc,42,42,1,51,51,100000.0,100000.0,0.0,6.0,6,6,,3.0,,3.4641016151377544,2.0
1270,Ko Ko,tCfYc,43,44,2,52,53,102000.0,104000.0,2000.0,18.0,21,15,4.242640687119285,4.8,2.545584412271571,5.008966130284712,2.0
1271,Ko Ko,tCfYc,45,45,1,55,55,108000.0,108000.0,0.0,10.0,10,10,,2.5,,4.58257569495584,1.0
1272,Ko Ko,tCfYc,46,49,4,56,59,110000.0,116000.0,6000.0,18.0,21,15,3.4641016151377544,5.574999999999999,1.9155068954891983,3.615800131104251,2.0
1273,Ko Ko,tCfYc,50,53,4,65,68,128000.0,134000.0,6000.0,11.75,21,6,6.4485140407177015,3.1,2.3706539182259396,4.652285041782807,0.5
1274,Ko Ko,tCfYc,54,55,2,69,70,136000.0,138000.0,2000.0,12.5,15,10,3.5355339059327378,2.25,1.0606601717798212,4.319596107466319,1.0
1275,Ko Ko,tCfYc,56,56,1,71,71,140000.0,140000.0,0.0,6.0,6,6,,1.0,,4.0,2.0
1276,Ko Ko,tCfYc,57,60,4,72,75,142000.0,148000.0,6000.0,21.25,28,15,5.315072906367325,6.625,3.2479480701924204,5.270664816774103,2.0
1277,Ko Ko,tCfYc,61,61,1,77,77,152000.0,152000.0,0.0,3.0,3,3,,0.0,,7.745966692414834,2.0
1278,Ko Ko,tCfYc,62,63,2,78,79,154000.0,156000.0,2000.0,12.5,15,10,3.5355339059327378,3.3,1.8384776310850233,4.049509756796392,1.0
1279,Ko Ko,tCfYc,64,65,2,81,82,160000.0,162000.0,2000.0,9.0,15,3,8.48528137423857,3.15,3.040559159102154,3.968626966596886,1.0
1280,Ko Ko,tCfYc,66,70,5,83,87,164000.0,172000.0,8000.0,14.4,21,6,5.366563145999495,4.9399999999999995,2.349042358068496,4.248430476234008,4.0
1281,Ko Ko,tCfYc,71,71,1,89,89,176000.0,176000.0,0.0,6.0,6,6,,4.0,,2.449489742783178,2.0
1282,Ko Ko,tCfYc,72,73,2,90,91,178000.0,180000.0,2000.0,12.5,15,10,3.5355339059327378,2.65,1.6263455967290592,3.990315312018909,4.0
1283,Ko Ko,tCfYc,74,74,1,93,93,184000.0,184000.0,0.0,6.0,6,6,,2.5,,4.898979485566356,2.0
1284,Ko Ko,tCfYc,75,76,2,94,95,186000.0,188000.0,2000.0,24.5,28,21,4.949747468305833,9.600000000000001,0.4242640687119283,5.533551438020021,1.0
1285,Ko Ko,tCfYc,77,77,1,97,97,192000.0,192000.0,0.0,10.0,10,10,,2.8,,7.483314773547883,1.0
1286,Ko Ko,tCfYc,78,80,3,98,100,194000.0,198000.0,4000.0,11.333333333333334,21,3,9.073771725877465,2.433333333333333,2.6764404221527767,4.628129717728474,2.0
1287,Ko Ko,tCfYc,81,81,1,101,101,200000.0,200000.0,0.0,10.0,10,10,,2.8,,3.3166247903554,1.0
1288,Ko Ko,tCfYc,82,84,3,102,104,202000.0,206000.0,4000.0,10.0,21,3,9.643650760992955,4.266666666666667,3.501904243884081,6.142170280778164,2.0
1289,Ko Ko,tCfYc,85,85,1,105,105,208000.0,208000.0,0.0,6.0,6,6,,0.5,,2.0,2.0
1290,Ko Ko,tCfYc,86,86,1,106,106,210000.0,210000.0,0.0,21.0,21,21,,5.3,,6.708203932499369,0.5
1291,Ko Ko,tCfYc,87,87,1,107,107,212000.0,212000.0,0.0,6.0,6,6,,2.3,,7.280109889280518,1.0
1292,Ko Ko,tCfYc,88,88,1,108,108,214000.0,214000.0,0.0,21.0,21,21,,6.3,,7.0,1.0
1293,Ko Ko,tCfYc,89,89,1,110,110,218000.0,218000.0,0.0,21.0,21,21,,7.8,,2.0,0.5
1294,Ko Ko,tCfYc,90,94,5,111,115,220000.0,228000.0,8000.0,15.2,21,10,3.8987177379235853,4.6,0.8336666000266533,2.7145868065183993,1.0
1295,Ko Ko,tCfYc,95,95,1,117,117,232000.0,232000.0,0.0,6.0,6,6,,0.5,,5.477225575051661,2.0
1296,Ko Ko,tCfYc,96,97,2,118,119,234000.0,236000.0,2000.0,8.0,10,6,2.8284271247461903,1.25,0.3535533905932738,3.414213562373095,1.0
1297,Ko Ko,tCfYc,98,101,4,120,123,238000.0,244000.0,6000.0,21.25,28,15,5.315072906367325,6.625,3.2479480701924204,5.270664816774103,2.0
1298,Ko Ko,tCfYc,102,102,1,125,125,248000.0,248000.0,0.0,6.0,6,6,,1.3,,6.855654600401044,2.0
1299,Ko Ko,tCfYc,103,106,4,126,128,250000.0,255000.0,5000.0,9.75,21,6,7.5,3.9750000000000005,2.586342333618399,4.352063992782993,0.0
1300,Scrapple From the Apple,tRfYc,0,0,1,1,1,0.0,0.0,0.0,15.0,15,15,,4.0,,0.0,0.5
1301,Scrapple From the Apple,tRfYc,1,1,1,2,2,2000.0,2000.0,0.0,6.0,6,6,,2.0,,5.0,1.0
1302,Scrapple From the Apple,tRfYc,2,2,1,3,3,4000.0,4000.0,0.0,15.0,15,15,,3.8,,4.795831523312719,1.0
1303,Scrapple From the Apple,tRfYc,3,3,1,5,5,8000.0,8000.0,0.0,6.0,6,6,,1.0,,4.358898943540674,0.5
1304,Scrapple From the Apple,tRfYc,4,4,1,6,6,11000.0,11000.0,0.0,10.0,10,10,,3.8,,2.449489742783178,0.5
1305,Scrapple From the Apple,tRfYc,5,5,1,7,7,12000.0,12000.0,0.0,6.0,6,6,,3.0,,3.1622776601683795,0.5
1306,Scrapple From the Apple,tRfYc,6,6,1,8,8,14000.0,14000.0,0.0,3.0,3,3,,1.5,,1.7320508075688772,2.0
1307,Scrapple From the Apple,tRfYc,7,7,1,9,9,16000.0,16000.0,0.0,15.0,15,15,,4.0,,5.830951894845301,0.5
1308,Scrapple From the Apple,tRfYc,8,8,1,10,10,18000.0,18000.0,0.0,6.0,6,6,,2.0,,5.0,1.0
1309,Scrapple From the Apple,tRfYc,9,9,1,11,11,20000.0,20000.0,0.0,15.0,15,15,,3.8,,4.795831523312719,1.0
1310,Scrapple From the Apple,tRfYc,10,10,1,13,13,24000.0,24000.0,0.0,6.0,6,6,,1.0,,4.358898943540674,0.5
1311,Scrapple From the Apple,tRfYc,11,11,1,14,14,27000.0,27000.0,0.0,10.0,10,10,,3.8,,2.449489742783178,0.5
1312,Scrapple From the Apple,tRfYc,12,12,1,15,15,28000.0,28000.0,0.0,6.0,6,6,,3.0,,3.1622776601683795,0.5
1313,Scrapple From the Apple,tRfYc,13,13,1,16,16,30000.0,30000.0,0.0,3.0,3,3,,1.0,,2.6457513110645907,2.0
1314,Scrapple From the Apple,tRfYc,14,14,1,17,17,32000.0,32000.0,0.0,10.0,10,10,,3.8,,3.3166247903554,2.0
1315,Scrapple From the Apple,tRfYc,15,17,3,18,20,34000.0,38000.0,4000.0,16.0,21,6,8.660254037844387,4.633333333333333,3.3501243758005956,6.2350418027576255,1.0
1316,Scrapple From the Apple,tRfYc,18,18,1,21,21,40000.0,40000.0,0.0,28.0,28,28,,8.6,,3.605551275463989,1.0
1317,Scrapple From the Apple,tRfYc,19,22,4,22,25,42000.0,48000.0,6000.0,15.25,21,10,4.5,4.025,1.1586630226256467,4.494559154781025,0.5
1318,Scrapple From the Apple,tRfYc,23,23,1,26,26,50000.0,50000.0,0.0,6.0,6,6,,2.0,,5.0,1.0
1319,Scrapple From the Apple,tRfYc,24,24,1,27,27,52000.0,52000.0,0.0,15.0,15,15,,3.8,,4.795831523312719,1.0
1320,Scrapple From the Apple,tRfYc,25,25,1,29,29,56000.0,56000.0,0.0,6.0,6,6,,1.0,,4.358898943540674,0.5
1321,Scrapple From the Apple,tRfYc,26,26,1,30,30,59000.0,59000.0,0.0,10.0,10,10,,3.8,,2.449489742783178,0.5
1322,Scrapple From the Apple,tRfYc,27,27,1,31,31,60000.0,60000.0,0.0,6.0,6,6,,3.0,,3.1622776601683795,0.5
1323,Scrapple From the Apple,tRfYc,28,28,1,32,32,62000.0,62000.0,0.0,3.0,3,3,,1.0,,2.6457513110645907,2.0
1324,Scrapple From the Apple,tRfYc,29,29,1,33,33,64000.0,64000.0,0.0,21.0,21,21,,7.1,,7.745966692414834,1.0
1325,Scrapple From the Apple,tRfYc,30,30,1,34,34,66000.0,66000.0,0.0,10.0,10,10,,2.0,,4.795831523312719,1.0
1326,Scrapple From the Apple,tRfYc,31,31,1,35,35,68000.0,68000.0,0.0,10.0,10,10,,2.5,,1.4142135623730951,1.0
1327,Scrapple From the Apple,tRfYc,32,36,5,36,39,70000.0,76000.0,6000.0,10.8,21,3,9.391485505499118,3.7399999999999998,3.3545491500349196,3.8681376671506627,1.0
1328,Scrapple From the Apple,tRfYc,37,37,1,40,40,78000.0,78000.0,0.0,3.0,3,3,,0.5,,1.4142135623730951,2.0
1329,Scrapple From the Apple,tRfYc,38,38,1,41,41,80000.0,80000.0,0.0,6.0,6,6,,1.0,,3.3166247903554,2.0
1330,Scrapple From the Apple,tRfYc,39,41,3,42,44,82000.0,86000.0,4000.0,17.333333333333332,21,10,6.3508529610858835,5.3,0.7999999999999998,5.614038551291476,1.0
1331,Scrapple From the Apple,tRfYc,42,44,3,46,47,90000.0,92000.0,2000.0,8.0,15,3,6.244997998398398,1.7666666666666666,1.1239810200058242,4.363493630147963,4.0
1332,Scrapple From the Apple,tRfYc,45,45,1,49,49,96000.0,96000.0,0.0,15.0,15,15,,3.8,,1.4142135623730951,1.0
1333,Scrapple From the Apple,tRfYc,46,47,2,50,51,98000.0,100000.0,2000.0,21.0,21,21,0.0,7.199999999999999,1.2727922061357855,3.414213562373095,1.0
1334,Scrapple From the Apple,tRfYc,48,48,1,53,53,104000.0,104000.0,0.0,15.0,15,15,,3.0,,2.8284271247461903,2.0
1335,Scrapple From the Apple,tRfYc,49,49,1,54,54,106000.0,106000.0,0.0,10.0,10,10,,3.8,,4.795831523312719,0.5
1336,Scrapple From the Apple,tRfYc,50,52,3,55,57,108000.0,112000.0,4000.0,15.333333333333334,21,10,5.507570547286102,4.033333333333333,1.4189197769195174,3.7582446579455,1.0
1337,Scrapple From the Apple,tRfYc,53,53,1,59,59,116000.0,116000.0,0.0,15.0,15,15,,5.3,,2.6457513110645907,1.0
1338,Scrapple From the Apple,tRfYc,54,55,2,60,61,118000.0,120000.0,2000.0,24.5,28,21,4.949747468305833,8.35,3.181980515339464,5.051730795039351,0.5
1339,Scrapple From the Apple,tRfYc,56,60,5,62,64,122000.0,127000.0,5000.0,11.4,28,3,9.73652915571047,3.54,3.162751966247116,6.368413972414006,0.0
1340,The Bird,vRfYc,0,0,1,1,1,0.0,0.0,0.0,15.0,15,15,,4.3,,0.0,1.0
1341,The Bird,vRfYc,1,1,1,3,3,4000.0,4000.0,0.0,6.0,6,6,,1.0,,3.872983346207417,1.0
1342,The Bird,vRfYc,2,3,2,5,6,8000.0,10000.0,2000.0,9.0,15,3,8.48528137423857,2.9,1.979898987322333,4.5822429841683,0.5
1343,The Bird,vRfYc,4,4,1,7,7,12000.0,12000.0,0.0,6.0,6,6,,2.0,,1.7320508075688772,1.0
1344,The Bird,vRfYc,5,5,1,8,8,14000.0,14000.0,0.0,21.0,21,21,,6.1,,6.557438524302,2.0
1345,The Bird,vRfYc,6,6,1,9,9,16000.0,16000.0,0.0,10.0,10,10,,2.0,,4.795831523312719,0.5
1346,The Bird,vRfYc,7,8,2,10,11,18000.0,20000.0,2000.0,13.5,21,6,10.606601717798213,3.8,3.2526911934581184,5.599477880372784,1.0
1347,The Bird,vRfYc,9,9,1,12,12,22000.0,22000.0,0.0,3.0,3,3,,0.0,,1.7320508075688772,2.0
1348,The Bird,vRfYc,10,10,1,14,14,26000.0,26000.0,0.0,6.0,6,6,,3.0,,3.0,2.0
1349,The Bird,vRfYc,11,11,1,15,15,28000.0,28000.0,0.0,15.0,15,15,,4.6,,4.795831523312719,1.0
1350,The Bird,vRfYc,12,14,3,17,19,32000.0,36000.0,4000.0,17.666666666666668,28,10,9.291573243177568,5.866666666666667,3.5725807665234575,5.3625078493021405,1.0
1351,The Bird,vRfYc,15,15,1,21,21,40000.0,40000.0,0.0,15.0,15,15,,6.3,,3.1622776601683795,0.5
1352,The Bird,vRfYc,16,19,4,22,25,42000.0,48000.0,6000.0,13.5,21,3,7.54983443527075,4.175,2.341473894793619,4.318950174005602,0.5
1353,The Bird,vRfYc,20,20,1,27,27,52000.0,52000.0,0.0,6.0,6,6,,1.5,,2.23606797749979,1.0
1354,The Bird,vRfYc,21,23,3,28,30,54000.0,59000.0,5000.0,10.333333333333334,15,6,4.509249752822894,3.0,1.6522711641858303,3.789475630571186,1.0
1355,The Bird,vRfYc,24,24,1,33,33,64000.0,64000.0,0.0,10.0,10,10,,2.0,,3.7416573867739418,0.5
1356,The Bird,vRfYc,25,25,1,34,34,67000.0,67000.0,0.0,6.0,6,6,,1.6,,5.0990195135927845,0.5
1357,The Bird,vRfYc,26,29,4,35,36,68000.0,71000.0,3000.0,4.5,6,3,1.7320508075688772,0.8999999999999999,1.116542281629615,2.3932882347112403,2.0
1358,The Bird,vRfYc,30,30,1,38,38,75000.0,75000.0,0.0,6.0,6,6,,2.0,,2.0,1.0
1359,The Bird,vRfYc,31,31,1,39,39,76000.0,76000.0,0.0,15.0,15,15,,4.6,,5.0,4.0
1360,The Bird,vRfYc,32,32,1,41,41,80000.0,80000.0,0.0,28.0,28,28,,8.9,,6.082762530298219,0.5
1361,The Bird,vRfYc,33,35,3,42,44,82000.0,86000.0,4000.0,13.666666666666666,28,3,12.897028081435401,4.3,4.4237992721189325,4.300990004814807,1.0
1362,The Bird,vRfYc,36,36,1,45,45,88000.0,88000.0,0.0,6.0,6,6,,3.0,,1.7320508075688772,2.0
1363,The Bird,vRfYc,37,38,2,46,47,90000.0,92000.0,2000.0,12.5,15,10,3.5355339059327378,3.55,1.4849242404917495,4.0562281568340595,1.0
1364,The Bird,vRfYc,39,39,1,49,49,96000.0,96000.0,0.0,28.0,28,28,,9.6,,7.745966692414834,1.0
1365,The Bird,vRfYc,40,41,2,50,51,98000.0,100000.0,2000.0,19.0,28,10,12.727922061357855,5.7,4.525483399593905,4.807886552931954,2.0
1366,The Bird,vRfYc,42,42,1,53,53,104000.0,104000.0,0.0,21.0,21,21,,6.1,,5.385164807134504,1.0
1367,The Bird,vRfYc,43,45,3,54,56,106000.0,110000.0,4000.0,17.666666666666668,28,10,9.291573243177568,6.266666666666666,2.715388247255507,5.200888258364487,1.0
1368,The Bird,vRfYc,46,47,2,59,60,116000.0,118000.0,2000.0,4.5,6,3,2.1213203435596424,1.75,0.3535533905932738,2.927578216593269,1.0
1369,The Bird,vRfYc,48,52,5,62,64,122000.0,127000.0,5000.0,7.2,15,3,4.54972526643093,2.2199999999999998,1.3935566009315874,3.4297133812754623,0.0
1370,Cardboard,wkTyc,0,3,4,2,5,2000.0,8000.0,6000.0,11.25,21,3,8.261355820929152,3.15,2.3586719427112652,4.145570562396097,1.0
1371,Cardboard,wkTyc,4,5,2,6,7,11000.0,12000.0,1000.0,8.0,10,6,2.8284271247461903,3.25,1.0606601717798212,3.6583123951777,1.0
1372,Cardboard,wkTyc,6,10,5,8,11,14000.0,20000.0,6000.0,6.4,10,3,3.5071355833500366,2.58,1.402497771834237,2.3420492826621144,0.5
1373,Cardboard,wkTyc,11,13,3,12,14,22000.0,26000.0,4000.0,6.333333333333333,10,3,3.5118845842842465,1.1666666666666667,0.7637626158259734,3.1055415967851334,0.5
1374,Cardboard,wkTyc,14,14,1,15,15,28000.0,28000.0,0.0,6.0,6,6,,2.3,,2.23606797749979,0.5
1375,Cardboard,wkTyc,15,16,2,16,16,30000.0,31000.0,1000.0,3.0,3,3,0.0,1.5,0.0,0.8660254037844386,1.0
1376,Cardboard,wkTyc,17,18,2,18,19,34000.0,36000.0,2000.0,13.5,21,6,10.606601717798213,3.9,2.6870057685088806,7.354101966249685,0.5
1377,Cardboard,wkTyc,19,20,2,20,21,38000.0,40000.0,2000.0,9.0,15,3,8.48528137423857,2.4,2.6870057685088806,4.937039158542511,1.0
1378,Cardboard,wkTyc,21,22,2,22,23,43000.0,44000.0,1000.0,8.0,10,6,2.8284271247461903,3.25,1.0606601717798212,3.6583123951777,1.0
1379,Cardboard,wkTyc,23,24,2,24,25,46000.0,48000.0,2000.0,4.5,6,3,2.1213203435596424,0.75,0.3535533905932738,2.9811880507099953,0.5
1380,Cardboard,wkTyc,25,25,1,26,26,50000.0,50000.0,0.0,6.0,6,6,,1.0,,2.449489742783178,1.0
1381,Cardboard,wkTyc,26,27,2,28,29,54000.0,56000.0,2000.0,10.5,15,6,6.363961030678928,2.65,0.4949747468305834,4.872031875337589,0.5
1382,Cardboard,wkTyc,28,28,1,30,30,58000.0,58000.0,0.0,6.0,6,6,,1.0,,2.0,0.5
1383,Cardboard,wkTyc,29,30,2,31,32,60000.0,62000.0,2000.0,12.5,15,10,3.5355339059327378,4.199999999999999,0.14142135623730964,3.23945122526189,0.5
1384,Cardboard,wkTyc,31,34,4,33,35,64000.0,68000.0,4000.0,15.25,28,6,11.05667219374799,5.574999999999999,3.577126407234351,4.2798461451883245,1.0
1385,Cardboard,wkTyc,35,35,1,36,36,70000.0,70000.0,0.0,10.0,10,10,,4.3,,8.12403840463596,1.0
1386,Cardboard,wkTyc,36,40,5,37,40,72000.0,78000.0,6000.0,15.6,28,6,11.436782764396638,4.9,4.044131550778238,4.939140198803701,1.0
1387,Cardboard,wkTyc,41,44,4,42,45,82000.0,88000.0,6000.0,12.0,21,6,7.3484692283495345,3.7249999999999996,2.6234519244689807,3.54301981432084,2.0
1388,Cardboard,wkTyc,45,47,3,46,48,90000.0,94000.0,4000.0,19.666666666666668,28,3,14.433756729740644,6.333333333333333,5.09345985881241,7.1970129636633855,1.0
1389,Cardboard,wkTyc,48,51,4,49,52,96000.0,102000.0,6000.0,12.25,21,3,7.632168761236874,3.5999999999999996,2.320919358070561,5.3556277067165,1.0
1390,Cardboard,wkTyc,52,52,1,53,53,104000.0,104000.0,0.0,15.0,15,15,,5.3,,2.6457513110645907,1.0
1391,Cardboard,wkTyc,53,53,1,54,54,106000.0,106000.0,0.0,15.0,15,15,,3.8,,2.449489742783178,0.5
1392,Cardboard,wkTyc,54,56,3,55,57,108000.0,112000.0,4000.0,28.333333333333332,36,21,7.505553499465135,9.266666666666667,3.8109491381194442,5.507203275593407,0.5
1393,Cardboard,wkTyc,57,57,1,58,58,114000.0,114000.0,0.0,15.0,15,15,,5.0,,3.7416573867739418,0.5
1394,Cardboard,wkTyc,58,58,1,59,59,116000.0,116000.0,0.0,10.0,10,10,,3.3,,3.872983346207417,1.0
1395,Cardboard,wkTyc,59,64,6,60,65,118000.0,128000.0,10000.0,17.833333333333332,28,6,8.612007121842542,6.066666666666666,4.064808318563948,4.277414641665925,0.0
1396,Chi Chi,wv3wc,0,0,1,1,1,1000.0,1000.0,0.0,3.0,3,3,,0.5,,0.0,2.0
1397,Chi Chi,wv3wc,1,1,1,2,2,2000.0,2000.0,0.0,6.0,6,6,,0.5,,2.23606797749979,0.5
1398,Chi Chi,wv3wc,2,4,3,3,4,4000.0,6000.0,2000.0,10.0,21,3,9.643650760992955,3.966666666666667,3.785938897200183,4.350719328541241,1.0
1399,Chi Chi,wv3wc,5,5,1,7,7,12000.0,12000.0,0.0,6.0,6,6,,2.3,,7.0,0.5
1400,Chi Chi,wv3wc,6,8,3,8,10,14000.0,18000.0,4000.0,4.0,6,3,1.7320508075688772,0.6,0.6557438524302001,2.4831632475943928,1.0
1401,Chi Chi,wv3wc,9,10,2,11,12,20000.0,22000.0,2000.0,6.0,6,6,0.0,2.65,0.4949747468305834,2.118033988749895,0.5
1402,Chi Chi,wv3wc,11,13,3,13,14,24000.0,26000.0,2000.0,5.0,6,3,1.7320508075688772,0.8333333333333334,0.5773502691896258,1.9306718936688545,0.5
1403,Chi Chi,wv3wc,14,16,3,15,16,28000.0,30000.0,2000.0,10.0,21,3,9.643650760992955,3.966666666666667,3.785938897200183,4.350719328541241,1.0
1404,Chi Chi,wv3wc,17,17,1,19,19,36000.0,36000.0,0.0,6.0,6,6,,2.3,,7.0,0.5
1405,Chi Chi,wv3wc,18,20,3,20,22,38000.0,42000.0,4000.0,4.0,6,3,1.7320508075688772,0.6,0.6557438524302001,2.4831632475943928,1.0
1406,Chi Chi,wv3wc,21,22,2,23,24,44000.0,46000.0,2000.0,6.0,6,6,0.0,2.65,0.4949747468305834,2.118033988749895,0.5
1407,Chi Chi,wv3wc,23,24,2,25,26,48000.0,50000.0,2000.0,6.5,10,3,4.949747468305833,1.25,1.0606601717798212,3.720791417188655,1.0
1408,Chi Chi,wv3wc,25,31,7,27,32,52000.0,62000.0,10000.0,7.285714285714286,15,3,5.437961803049794,2.8000000000000003,1.40118997046558,2.8399468030145054,1.0
1409,Chi Chi,wv3wc,32,32,1,33,33,64000.0,64000.0,0.0,3.0,3,3,,1.5,,1.4142135623730951,1.0
1410,Chi Chi,wv3wc,33,36,4,33,36,65000.0,70000.0,5000.0,11.5,15,6,4.358898943540674,3.55,1.173314393786536,3.0722837083491794,2.0
1411,Chi Chi,wv3wc,37,38,2,38,39,74000.0,76000.0,2000.0,6.0,6,6,0.0,1.5,0.7071067811865476,2.58113883008419,1.0
1412,Chi Chi,wv3wc,39,42,4,40,43,78000.0,84000.0,6000.0,21.75,28,10,8.5,7.574999999999999,1.4614490525958586,7.107776222626074,1.0
1413,Chi Chi,wv3wc,43,43,1,44,44,86000.0,86000.0,0.0,15.0,15,15,,4.3,,4.358898943540674,2.0
1414,Chi Chi,wv3wc,44,44,1,46,46,90000.0,90000.0,0.0,15.0,15,15,,3.8,,2.0,0.5
1415,Chi Chi,wv3wc,45,46,2,47,48,92000.0,94000.0,2000.0,12.5,15,10,3.5355339059327378,3.3,1.8384776310850233,3.259367328636004,2.0
1416,Chi Chi,wv3wc,47,52,6,50,54,98000.0,106000.0,8000.0,7.333333333333333,10,6,2.0655911179772892,2.233333333333333,1.6120380475245202,3.042798062559139,1.0
1417,Chi Chi,wv3wc,53,53,1,56,56,110000.0,110000.0,0.0,6.0,6,6,,2.0,,2.0,1.0
1418,Chi Chi,wv3wc,54,54,1,57,57,112000.0,112000.0,0.0,6.0,6,6,,1.0,,2.8284271247461903,0.5
1419,Chi Chi,wv3wc,55,59,5,57,61,113000.0,121000.0,8000.0,9.4,15,6,3.714835124201342,2.42,1.3349157276772192,3.4401546184934313,2.0
1420,Chi Chi,wv3wc,60,60,1,62,62,122000.0,122000.0,0.0,6.0,6,6,,2.3,,3.4641016151377544,0.5
1421,Chi Chi,wv3wc,61,65,5,63,66,124000.0,130000.0,6000.0,12.0,21,3,7.3484692283495345,3.94,2.5579288496750645,4.537694012236562,1.0
1422,Chi Chi,wv3wc,66,66,1,68,68,134000.0,134000.0,0.0,10.0,10,10,,4.5,,5.385164807134504,0.5
1423,Chi Chi,wv3wc,67,67,1,70,70,138000.0,138000.0,0.0,21.0,21,21,,5.8,,5.5677643628300215,0.5
1424,Chi Chi,wv3wc,68,71,4,71,73,140000.0,145000.0,5000.0,9.75,15,3,6.18465843842649,2.775,2.0982135258357286,4.229019945774904,1.0
1425,Chi Chi,wv3wc,72,75,4,76,78,150000.0,154000.0,4000.0,9.0,10,6,2.0,3.075,1.9889276842895351,3.5840144813283104,1.0
1426,Chi Chi,wv3wc,76,76,1,79,79,156000.0,156000.0,0.0,10.0,10,10,,2.0,,0.0,0.5
1427,Chi Chi,wv3wc,77,80,4,80,82,158000.0,162000.0,4000.0,6.25,10,3,2.8722813232690143,1.75,1.848422751068236,2.691827953486168,0.5
1428,Chi Chi,wv3wc,81,83,3,83,85,164000.0,169000.0,5000.0,8.666666666666666,10,6,2.309401076758503,2.433333333333333,1.40118997046558,3.7236146391315983,2.0
1429,Chi Chi,wv3wc,84,84,1,86,86,170000.0,170000.0,0.0,3.0,3,3,,1.5,,3.3166247903554,1.0
1430,Chi Chi,wv3wc,85,85,1,87,87,172000.0,172000.0,0.0,3.0,3,3,,1.8,,2.0,1.0
1431,Chi Chi,wv3wc,86,89,4,88,90,174000.0,178000.0,4000.0,11.75,21,6,6.4485140407177015,3.5250000000000004,1.5521490478258415,3.745681781708745,1.0
1432,Chi Chi,wv3wc,90,93,4,92,94,182000.0,186000.0,4000.0,8.5,15,3,5.196152422706632,2.4749999999999996,1.944865033877672,3.811185872599157,1.0
1433,Chi Chi,wv3wc,94,98,5,95,98,188000.0,194000.0,6000.0,9.6,15,6,4.9295030175464944,2.6799999999999997,1.6574076143182157,2.2574393817161025,0.0
1434,Passport,xRfYc,0,4,5,1,4,0.0,6000.0,6000.0,8.6,21,3,7.503332592921628,2.2600000000000002,2.3797058641773354,3.971217842440967,0.5
1435,Passport,xRfYc,5,8,4,5,7,9000.0,13000.0,4000.0,6.75,15,3,5.678908345800274,2.0,0.7071067811865476,3.3031978764941843,2.0
1436,Passport,xRfYc,9,13,5,9,12,16000.0,22000.0,6000.0,8.6,21,3,7.503332592921628,2.2600000000000002,2.3797058641773354,4.745814511682451,0.5
1437,Passport,xRfYc,14,16,3,13,15,25000.0,28000.0,3000.0,8.0,15,3,6.244997998398398,2.1666666666666665,0.7637626158259734,4.404263835325579,0.5
1438,Passport,xRfYc,17,17,1,16,16,30000.0,30000.0,0.0,3.0,3,3,,1.0,,2.0,1.0
1439,Passport,xRfYc,18,19,2,17,18,32000.0,34000.0,2000.0,12.5,15,10,3.5355339059327378,3.3,0.7071067811865476,4.631202762478185,0.5
1440,Passport,xRfYc,20,20,1,19,19,36000.0,36000.0,0.0,10.0,10,10,,3.8,,2.449489742783178,0.5
1441,Passport,xRfYc,21,21,1,20,20,38000.0,38000.0,0.0,10.0,10,10,,3.3,,2.0,0.5
1442,Passport,xRfYc,22,23,2,21,22,40000.0,42000.0,2000.0,8.0,10,6,2.8284271247461903,2.5,0.0,2.58113883008419,1.0
1443,Passport,xRfYc,24,30,7,23,28,44000.0,54000.0,10000.0,9.0,21,3,6.164414002968976,2.414285714285714,1.9608064424521623,3.84673671772433,0.5
1444,Passport,xRfYc,31,36,6,29,33,57000.0,64000.0,7000.0,6.0,15,3,4.6475800154489,1.7166666666666668,0.8134289561274953,3.143090469506888,0.5
1445,Passport,xRfYc,37,37,1,34,34,67000.0,67000.0,0.0,6.0,6,6,,4.0,,3.3166247903554,0.5
1446,Passport,xRfYc,38,42,5,35,37,68000.0,73000.0,5000.0,9.2,21,3,7.049822692805828,3.0799999999999996,2.8977577538503803,4.460081316700962,1.0
1447,Passport,xRfYc,43,43,1,41,41,80000.0,80000.0,0.0,10.0,10,10,,3.8,,4.795831523312719,0.5
1448,Passport,xRfYc,44,52,9,42,47,82000.0,92000.0,10000.0,8.777777777777779,21,3,5.717905599469481,3.1333333333333333,1.449137674618944,3.88871907045049,2.0
1449,Passport,xRfYc,53,53,1,49,49,96000.0,96000.0,0.0,21.0,21,21,,5.3,,6.244997998398398,4.0
1450,Passport,xRfYc,54,55,2,51,52,100000.0,102000.0,2000.0,10.5,15,6,6.363961030678928,3.8,2.82842712474619,4.5,1.0
1451,Passport,xRfYc,56,56,1,53,53,104000.0,104000.0,0.0,15.0,15,15,,4.3,,4.58257569495584,1.0
1452,Passport,xRfYc,57,58,2,54,55,106000.0,108000.0,2000.0,25.5,36,15,14.849242404917497,9.35,3.606244584051393,8.997254422342506,0.5
1453,Passport,xRfYc,59,60,2,56,57,110000.0,112000.0,2000.0,12.5,15,10,3.5355339059327378,3.15,1.6263455967290592,3.118033988749895,1.0
1454,Passport,xRfYc,61,61,1,59,59,116000.0,116000.0,0.0,3.0,3,3,,1.5,,3.872983346207417,1.0
1455,Passport,xRfYc,62,68,7,60,64,118000.0,127000.0,9000.0,7.0,15,3,4.242640687119285,2.585714285714286,1.2047524938461722,2.8694492732097556,0.0
1456,Confirmation,yp3wc,0,2,3,1,2,0.0,3000.0,3000.0,7.0,15,3,6.928203230275509,2.3,2.930870177950569,2.3663398378642615,0.5
1457,Confirmation,yp3wc,3,3,1,4,4,6000.0,6000.0,0.0,3.0,3,3,,1.5,,2.0,0.5
1458,Confirmation,yp3wc,4,5,2,5,6,8000.0,10000.0,2000.0,4.5,6,3,2.1213203435596424,1.4,1.2727922061357855,1.7320508075688772,0.5
1459,Confirmation,yp3wc,6,7,2,6,7,11000.0,12000.0,1000.0,8.0,10,6,2.8284271247461903,2.15,2.3334523779156067,2.2802389661575337,1.0
1460,Confirmation,yp3wc,8,8,1,8,8,14000.0,14000.0,0.0,6.0,6,6,,2.3,,3.4641016151377544,0.5
1461,Confirmation,yp3wc,9,9,1,9,9,16000.0,16000.0,0.0,10.0,10,10,,4.5,,3.1622776601683795,0.5
1462,Confirmation,yp3wc,10,10,1,10,10,18000.0,18000.0,0.0,3.0,3,3,,1.0,,3.872983346207417,1.0
1463,Confirmation,yp3wc,11,12,2,12,13,22000.0,24000.0,2000.0,3.0,3,3,0.0,1.0,0.7071067811865476,1.7071067811865475,1.0
1464,Confirmation,yp3wc,13,13,1,14,14,26000.0,26000.0,0.0,3.0,3,3,,0.0,,1.4142135623730951,0.5
1465,Confirmation,yp3wc,14,15,2,15,15,28000.0,29000.0,1000.0,4.5,6,3,2.1213203435596424,1.25,0.3535533905932738,2.3228756555322954,2.0
1466,Confirmation,yp3wc,16,19,4,17,19,32000.0,36000.0,4000.0,5.25,6,3,1.5,1.2,0.7702813338860894,2.3106601717798214,2.0
1467,Confirmation,yp3wc,20,22,3,21,23,40000.0,44000.0,4000.0,18.333333333333332,28,6,11.239810200058244,5.633333333333333,3.350124375800596,9.01927122852105,0.5
1468,Confirmation,yp3wc,23,23,1,24,24,46000.0,46000.0,0.0,3.0,3,3,,1.3,,8.366600265340756,0.5
1469,Confirmation,yp3wc,24,25,2,24,25,47000.0,48000.0,1000.0,10.5,15,6,6.363961030678928,3.3,3.2526911934581184,3.5615528128088303,0.5
1470,Confirmation,yp3wc,26,27,2,26,26,50000.0,51000.0,1000.0,3.0,3,3,0.0,0.65,0.9192388155425119,3.5495097567963922,0.5
1471,Confirmation,yp3wc,28,28,1,28,28,54000.0,54000.0,0.0,3.0,3,3,,1.5,,2.0,0.5
1472,Confirmation,yp3wc,29,30,2,29,30,56000.0,58000.0,2000.0,4.5,6,3,2.1213203435596424,1.65,0.9192388155425116,2.3660254037844384,0.5
1473,Confirmation,yp3wc,31,32,2,30,31,59000.0,60000.0,1000.0,4.5,6,3,2.1213203435596424,0.5,0.7071067811865476,2.776346383927595,0.5
1474,Confirmation,yp3wc,33,33,1,32,32,62000.0,62000.0,0.0,6.0,6,6,,2.3,,1.7320508075688772,1.0
1475,Confirmation,yp3wc,34,37,4,33,35,64000.0,68000.0,4000.0,8.25,21,3,8.616843969807043,2.5999999999999996,2.954093205480603,4.9285154064249275,0.5
1476,Confirmation,yp3wc,38,38,1,36,36,70000.0,70000.0,0.0,15.0,15,15,,4.3,,5.291502622129181,0.5
1477,Confirmation,yp3wc,39,40,2,36,37,71000.0,72000.0,1000.0,8.0,10,6,2.8284271247461903,2.25,0.3535533905932738,3.516032718869509,1.0
1478,Confirmation,yp3wc,41,41,1,38,38,74000.0,74000.0,0.0,6.0,6,6,,2.5,,3.7416573867739418,0.5
1479,Confirmation,yp3wc,42,46,5,38,41,75000.0,80000.0,5000.0,7.4,15,3,5.128352561983235,2.5200000000000005,1.5912259424732869,3.6505125847490083,0.5
1480,Confirmation,yp3wc,47,51,5,42,44,82000.0,86000.0,4000.0,17.6,21,10,4.979959839195493,5.279999999999999,1.3663820841916803,2.4128260951529072,2.0
1481,Confirmation,yp3wc,52,52,1,45,45,88000.0,88000.0,0.0,10.0,10,10,,2.5,,5.196152422706632,1.0
1482,Confirmation,yp3wc,53,58,6,46,49,90000.0,96000.0,6000.0,9.166666666666666,28,3,9.30412095077588,2.733333333333333,2.921415182179121,4.734917922187289,1.0
1483,Confirmation,yp3wc,59,60,2,50,51,98000.0,100000.0,2000.0,21.5,28,15,9.192388155425117,7.1,3.9597979746446668,8.098955087782336,1.0
1484,Confirmation,yp3wc,61,61,1,53,53,104000.0,104000.0,0.0,10.0,10,10,,2.8,,2.6457513110645907,1.0
1485,Confirmation,yp3wc,62,64,3,54,56,106000.0,110000.0,4000.0,7.333333333333333,10,6,2.309401076758503,1.5,0.8660254037844386,2.3874258867227933,0.5
1486,Confirmation,yp3wc,65,66,2,56,57,111000.0,112000.0,1000.0,6.5,10,3,4.949747468305833,1.5,0.7071067811865476,2.9208096264818897,1.0
1487,Confirmation,yp3wc,67,69,3,58,59,114000.0,116000.0,2000.0,6.0,6,6,0.0,2.1999999999999997,0.17320508075688762,1.4831632475943926,1.0
1488,Confirmation,yp3wc,70,75,6,61,64,120000.0,126000.0,6000.0,9.833333333333334,21,6,5.8109092805400655,3.1166666666666667,2.622530584505482,5.1745477727535905,0.5
1489,Confirmation,yp3wc,76,76,1,66,66,131000.0,131000.0,0.0,6.0,6,6,,2.0,,3.4641016151377544,1.0
1490,Confirmation,yp3wc,77,81,5,67,69,132000.0,136000.0,4000.0,5.4,6,3,1.3416407864998738,2.56,0.9710818709048172,1.9827182715841865,1.0
1491,Confirmation,yp3wc,82,84,3,70,71,138000.0,140000.0,2000.0,7.333333333333333,10,6,2.309401076758503,2.6,1.6822603841260722,2.73038237651904,1.0
1492,Confirmation,yp3wc,85,85,1,72,72,142000.0,142000.0,0.0,3.0,3,3,,2.5,,3.3166247903554,0.5
1493,Confirmation,yp3wc,86,87,2,72,73,143000.0,144000.0,1000.0,10.0,10,10,0.0,2.65,0.21213203435596414,3.4757663751819257,1.0
1494,Confirmation,yp3wc,88,88,1,74,74,147000.0,147000.0,0.0,10.0,10,10,,5.5,,4.242640687119285,2.0
1495,Confirmation,yp3wc,89,89,1,75,75,148000.0,148000.0,0.0,10.0,10,10,,5.5,,0.0,1.0
1496,Confirmation,yp3wc,90,90,1,76,76,150000.0,150000.0,0.0,10.0,10,10,,2.0,,4.47213595499958,0.5
1497,Confirmation,yp3wc,91,92,2,76,77,151000.0,152000.0,1000.0,15.5,21,10,7.7781745930520225,5.9,4.8083261120685235,6.324061117915623,1.0
1498,Confirmation,yp3wc,93,95,3,78,79,154000.0,156000.0,2000.0,6.0,6,6,0.0,2.533333333333333,0.808290376865476,3.3273061273175366,1.0
1499,Confirmation,yp3wc,96,96,1,80,80,158000.0,158000.0,0.0,3.0,3,3,,1.5,,1.7320508075688772,2.0
1500,Confirmation,yp3wc,97,97,1,81,81,160000.0,160000.0,0.0,10.0,10,10,,2.0,,3.872983346207417,0.5
1501,Confirmation,yp3wc,98,100,3,82,83,162000.0,164000.0,2000.0,7.333333333333333,10,6,2.309401076758503,2.1333333333333333,0.6110100926607785,3.613558966788909,1.0
1502,Confirmation,yp3wc,101,101,1,85,85,168000.0,168000.0,0.0,10.0,10,10,,2.0,,2.0,0.5
1503,Confirmation,yp3wc,102,108,7,86,90,170000.0,179000.0,9000.0,9.142857142857142,21,3,6.718843437888483,2.957142857142857,2.399900791600313,3.6360961000280985,0.5
1504,Confirmation,yp3wc,109,110,2,91,92,180000.0,183000.0,3000.0,4.5,6,3,2.1213203435596424,1.75,0.3535533905932738,0.8660254037844386,2.0
1505,Confirmation,yp3wc,111,111,1,93,93,184000.0,184000.0,0.0,10.0,10,10,,2.3,,3.872983346207417,0.5
1506,Confirmation,yp3wc,112,117,6,94,97,186000.0,192000.0,6000.0,9.166666666666666,28,3,9.30412095077588,2.983333333333333,3.423691964337135,4.5574210437108,0.0
